Resuming from: /home/zzy/opencode-server/opencode-docker/projects/rlrouting/scripts/../models/ckpts_tianyan_curric/ckpt_step158976.pt
Using GPU 7 (6579 MiB free)
==========================================================
Tianyan 176 Curriculum RESUME (60q / 81 edges)
  device:          cuda:7
  resume step from: /home/zzy/opencode-server/opencode-docker/projects/rlrouting/scripts/../models/ckpts_tianyan_curric/ckpt_step158976.pt
  phase 1 steps:    800000 (总步数，含已完成步骤)
==========================================================
[resume] /home/zzy/opencode-server/opencode-docker/projects/rlrouting/scripts/../models/ckpts_tianyan_curric/ckpt_step158976.pt: step=158976 best_metric=48.28203
Curriculum prefixes: ['large_n10', 'large_n20', 'tianyan']  (initial split: large_n10_phase2)
Loaded pretrained model: /home/zzy/opencode-server/opencode-docker/projects/rlrouting/scripts/../models/ckpts_tianyan_curric/ckpt_step158976.pt
  -> resume at step 158976, best_metric=48.28203
step=159232  rew=+40.012  swp=22.0  map=5.3  trunc=0%  pl=-0.024  vl=0.443  ent=1.491  kl=0.0682  gn=1.031
step=159488  rew=+43.396  swp=25.5  map=5.2  trunc=0%  pl=-0.001  vl=0.427  ent=1.808  kl=0.1496  gn=1.071
step=159744  rew=+40.927  swp=25.2  map=4.6  trunc=0%  pl=0.005  vl=0.585  ent=1.543  kl=0.0794  gn=1.422
step=160000  rew=+40.893  swp=24.4  map=3.7  trunc=0%  pl=-0.005  vl=0.430  ent=1.340  kl=0.0335  gn=1.348
step=160256  rew=+40.616  swp=24.3  map=3.0  trunc=0%  pl=0.010  vl=0.355  ent=1.573  kl=0.0723  gn=1.216
step=160512  rew=+38.964  swp=24.9  map=2.1  trunc=0%  pl=0.004  vl=0.376  ent=1.748  kl=0.0767  gn=1.268
step=160768  rew=+37.721  swp=23.4  map=1.2  trunc=0%  pl=0.002  vl=0.734  ent=1.449  kl=0.0398  gn=2.246
step=161024  rew=+38.796  swp=26.8  map=0.8  trunc=0%  pl=0.056  vl=0.517  ent=1.430  kl=0.0940  gn=1.488
step=161280  rew=+44.935  swp=31.4  map=1.2  trunc=0%  pl=-0.022  vl=0.377  ent=1.541  kl=0.0579  gn=1.199
step=161536  rew=+46.831  swp=32.1  map=1.7  trunc=0%  pl=-0.005  vl=0.283  ent=1.687  kl=0.0873  gn=1.383
step=161792  rew=+48.711  swp=30.6  map=2.2  trunc=0%  pl=0.006  vl=0.545  ent=1.411  kl=0.0581  gn=1.385
step=162048  rew=+50.655  swp=32.1  map=2.8  trunc=0%  pl=0.017  vl=0.555  ent=1.447  kl=0.0583  gn=1.382
step=162304  rew=+46.640  swp=28.9  map=2.9  trunc=0%  pl=0.002  vl=0.531  ent=1.688  kl=0.0875  gn=1.472
step=162560  rew=+42.832  swp=29.4  map=2.9  trunc=0%  pl=-0.010  vl=0.654  ent=1.262  kl=0.0293  gn=1.455
step=162816  rew=+42.784  swp=27.4  map=3.5  trunc=0%  pl=-0.011  vl=0.466  ent=1.493  kl=0.0426  gn=1.162
step=163072  rew=+44.724  swp=28.9  map=3.5  trunc=0%  pl=-0.011  vl=0.678  ent=1.785  kl=0.0867  gn=1.492
step=163328  rew=+45.597  swp=29.2  map=4.2  trunc=0%  pl=0.005  vl=1.003  ent=1.657  kl=0.0409  gn=1.456
step=163584  rew=+48.161  swp=30.6  map=3.5  trunc=0%  pl=-0.023  vl=0.400  ent=1.773  kl=0.1016  gn=1.212
step=163840  rew=+49.098  swp=28.5  map=3.5  trunc=0%  pl=-0.005  vl=0.369  ent=1.556  kl=0.0297  gn=1.711
step=164096  rew=+46.889  swp=29.7  map=3.2  trunc=0%  pl=-0.006  vl=0.399  ent=1.621  kl=0.0358  gn=1.326
step=164352  rew=+43.339  swp=26.6  map=3.8  trunc=0%  pl=-0.009  vl=0.579  ent=1.585  kl=0.0593  gn=1.493
step=164608  rew=+41.126  swp=24.5  map=3.9  trunc=0%  pl=-0.008  vl=0.489  ent=1.394  kl=0.0536  gn=1.283
step=164864  rew=+42.827  swp=25.4  map=4.9  trunc=0%  pl=0.014  vl=0.499  ent=1.350  kl=0.0284  gn=1.398
step=165120  rew=+46.306  swp=28.8  map=4.5  trunc=0%  pl=0.016  vl=0.568  ent=1.510  kl=0.0348  gn=1.255
step=165376  rew=+48.542  swp=29.6  map=4.0  trunc=0%  pl=-0.019  vl=0.320  ent=1.546  kl=0.0382  gn=1.177
step=165632  rew=+45.954  swp=28.2  map=2.5  trunc=0%  pl=0.027  vl=0.643  ent=1.630  kl=0.0509  gn=1.202
step=165888  rew=+43.319  swp=26.9  map=3.2  trunc=0%  pl=0.013  vl=0.646  ent=1.262  kl=0.0167  gn=1.524
step=166144  rew=+42.997  swp=26.9  map=4.2  trunc=0%  pl=-0.013  vl=0.388  ent=1.654  kl=0.0330  gn=1.101
step=166400  rew=+49.290  swp=30.1  map=4.5  trunc=0%  pl=-0.014  vl=0.531  ent=1.673  kl=0.0449  gn=1.308
step=166656  rew=+46.528  swp=28.6  map=3.1  trunc=0%  pl=-0.016  vl=0.447  ent=1.607  kl=0.0675  gn=1.410
step=166912  rew=+47.566  swp=30.1  map=2.4  trunc=0%  pl=-0.018  vl=0.361  ent=1.708  kl=0.0531  gn=1.242
step=167168  rew=+48.481  swp=30.2  map=2.8  trunc=0%  pl=-0.000  vl=0.536  ent=1.659  kl=0.0699  gn=1.151
step=167424  rew=+52.949  swp=33.0  map=2.6  trunc=0%  pl=0.007  vl=0.633  ent=1.770  kl=0.0665  gn=1.352
step=167680  rew=+50.697  swp=31.9  map=2.8  trunc=0%  pl=0.006  vl=0.351  ent=1.534  kl=0.0295  gn=1.201
step=167936  rew=+48.589  swp=29.4  map=2.5  trunc=0%  pl=-0.002  vl=0.558  ent=1.364  kl=0.1050  gn=1.441
step=168192  rew=+46.977  swp=29.9  map=2.5  trunc=0%  pl=0.027  vl=0.559  ent=1.651  kl=0.0525  gn=1.369
step=168448  rew=+50.295  swp=31.4  map=1.8  trunc=0%  pl=-0.005  vl=0.986  ent=1.765  kl=0.0471  gn=1.623
step=168704  rew=+45.624  swp=29.5  map=1.6  trunc=0%  pl=0.001  vl=0.789  ent=1.437  kl=0.0194  gn=1.529
step=168960  rew=+46.160  swp=30.2  map=1.9  trunc=0%  pl=-0.017  vl=0.457  ent=1.606  kl=0.0545  gn=1.389
step=169216  rew=+45.714  swp=28.8  map=1.9  trunc=0%  pl=0.030  vl=0.532  ent=1.596  kl=0.0435  gn=1.898
step=169472  rew=+51.224  swp=31.5  map=2.1  trunc=0%  pl=0.011  vl=0.784  ent=1.802  kl=0.0788  gn=1.556
step=169728  rew=+56.019  swp=34.2  map=2.1  trunc=0%  pl=0.020  vl=0.517  ent=1.503  kl=0.0272  gn=1.661
step=169984  rew=+61.247  swp=39.5  map=2.2  trunc=0%  pl=0.014  vl=0.511  ent=1.561  kl=0.0218  gn=1.374
step=170240  rew=+54.326  swp=35.5  map=2.9  trunc=0%  pl=0.019  vl=0.581  ent=1.323  kl=0.0420  gn=1.314
step=170496  rew=+55.384  swp=35.2  map=3.5  trunc=0%  pl=0.021  vl=0.607  ent=1.559  kl=0.0246  gn=1.274
step=170752  rew=+53.476  swp=31.6  map=4.0  trunc=0%  pl=-0.001  vl=0.771  ent=1.416  kl=0.0132  gn=1.536
step=171008  rew=+61.052  swp=36.5  map=3.8  trunc=0%  pl=-0.002  vl=0.438  ent=1.403  kl=0.0155  gn=1.338
step=171264  rew=+61.421  swp=34.3  map=4.0  trunc=0%  pl=0.002  vl=0.450  ent=1.435  kl=0.0217  gn=1.248
step=171520  rew=+62.583  swp=36.4  map=3.5  trunc=0%  pl=0.006  vl=0.446  ent=1.622  kl=0.0164  gn=1.327
step=171776  rew=+54.967  swp=32.1  map=3.0  trunc=0%  pl=-0.014  vl=0.605  ent=1.334  kl=0.0177  gn=1.370
step=172032  rew=+51.576  swp=31.1  map=2.6  trunc=0%  pl=-0.011  vl=0.422  ent=1.628  kl=0.0173  gn=1.597
step=172288  rew=+52.989  swp=30.3  map=4.2  trunc=0%  pl=0.002  vl=0.574  ent=1.607  kl=0.0209  gn=1.675
step=172544  rew=+52.271  swp=29.0  map=4.5  trunc=0%  pl=-0.015  vl=0.436  ent=1.513  kl=0.0203  gn=1.274
step=172800  rew=+50.397  swp=27.9  map=4.1  trunc=0%  pl=0.012  vl=0.475  ent=1.604  kl=0.0235  gn=1.256
step=173056  rew=+48.233  swp=27.9  map=4.5  trunc=0%  pl=0.011  vl=0.593  ent=1.560  kl=0.0299  gn=1.333
step=173312  rew=+60.339  swp=33.3  map=5.4  trunc=0%  pl=-0.016  vl=0.387  ent=1.805  kl=0.0490  gn=1.578
step=173568  rew=+61.532  swp=37.1  map=5.5  trunc=0%  pl=0.030  vl=0.683  ent=2.006  kl=0.1036  gn=1.355
step=173824  rew=+66.733  swp=39.2  map=5.1  trunc=0%  pl=0.000  vl=0.473  ent=1.649  kl=0.0478  gn=1.642
step=174080  rew=+67.998  swp=41.4  map=4.2  trunc=0%  pl=0.003  vl=0.404  ent=1.969  kl=0.0591  gn=1.307
step=174336  rew=+58.137  swp=34.0  map=3.8  trunc=0%  pl=-0.005  vl=0.583  ent=1.669  kl=0.0403  gn=1.621
step=174592  rew=+58.325  swp=33.7  map=4.0  trunc=0%  pl=0.029  vl=0.562  ent=1.843  kl=0.0526  gn=1.261
step=174848  rew=+56.255  swp=32.1  map=3.8  trunc=0%  pl=0.003  vl=0.395  ent=1.725  kl=0.0370  gn=1.592
step=175104  rew=+61.450  swp=36.0  map=3.0  trunc=0%  pl=-0.016  vl=0.458  ent=1.741  kl=0.0466  gn=1.446
step=175360  rew=+59.417  swp=35.6  map=2.5  trunc=0%  pl=0.032  vl=0.316  ent=1.916  kl=0.0759  gn=1.162
step=175616  rew=+60.160  swp=35.8  map=2.3  trunc=0%  pl=-0.006  vl=0.572  ent=1.510  kl=0.0240  gn=1.738
step=175872  rew=+54.807  swp=31.1  map=3.4  trunc=0%  pl=-0.016  vl=0.554  ent=1.506  kl=0.0419  gn=2.733
step=176128  rew=+55.687  swp=29.6  map=3.2  trunc=0%  pl=-0.018  vl=0.358  ent=1.687  kl=0.0293  gn=1.437
step=176384  rew=+59.785  swp=33.0  map=3.5  trunc=0%  pl=0.017  vl=0.823  ent=1.621  kl=0.0443  gn=2.064
step=176640  rew=+64.978  swp=35.7  map=3.2  trunc=0%  pl=0.001  vl=0.660  ent=1.460  kl=0.0172  gn=1.880
step=176896  rew=+65.368  swp=35.9  map=4.3  trunc=0%  pl=-0.012  vl=0.340  ent=1.562  kl=0.0302  gn=1.455
step=177152  rew=+61.392  swp=34.2  map=4.7  trunc=0%  pl=-0.003  vl=0.541  ent=1.530  kl=0.0348  gn=1.569
step=177408  rew=+57.585  swp=30.1  map=4.5  trunc=0%  pl=0.001  vl=0.359  ent=1.425  kl=0.0266  gn=1.286
step=177664  rew=+57.715  swp=33.7  map=3.7  trunc=0%  pl=0.007  vl=0.404  ent=1.410  kl=0.0355  gn=1.474
step=177920  rew=+57.524  swp=34.6  map=3.0  trunc=0%  pl=0.020  vl=0.533  ent=1.418  kl=0.0200  gn=1.515
step=178176  rew=+55.926  swp=36.1  map=2.8  trunc=0%  pl=0.002  vl=0.486  ent=1.486  kl=0.0282  gn=1.484
step=178432  rew=+62.860  swp=38.2  map=2.4  trunc=0%  pl=-0.014  vl=0.328  ent=1.472  kl=0.0112  gn=1.455
step=178688  rew=+60.350  swp=34.5  map=3.2  trunc=0%  pl=-0.012  vl=0.434  ent=1.426  kl=0.0180  gn=1.510
step=178944  rew=+63.555  swp=38.6  map=2.9  trunc=0%  pl=0.011  vl=0.716  ent=1.572  kl=0.0194  gn=1.526
step=179200  rew=+58.121  swp=34.5  map=3.0  trunc=0%  pl=0.008  vl=0.413  ent=1.529  kl=0.0155  gn=1.120
step=179456  rew=+53.496  swp=33.8  map=1.6  trunc=0%  pl=-0.019  vl=0.762  ent=1.574  kl=0.0195  gn=1.493
step=179712  rew=+58.764  swp=34.1  map=1.8  trunc=0%  pl=-0.003  vl=0.514  ent=1.774  kl=0.0349  gn=2.054
step=179968  rew=+58.148  swp=34.4  map=0.8  trunc=0%  pl=-0.000  vl=0.334  ent=1.732  kl=0.0247  gn=1.309
step=180224  rew=+66.369  swp=38.0  map=1.3  trunc=0%  pl=0.004  vl=0.403  ent=1.598  kl=0.0290  gn=1.415
step=180480  rew=+62.286  swp=35.5  map=1.4  trunc=0%  pl=0.005  vl=0.580  ent=1.652  kl=0.0186  gn=1.503
step=180736  rew=+64.101  swp=36.1  map=1.9  trunc=0%  pl=-0.001  vl=0.392  ent=1.986  kl=0.0254  gn=1.254
step=180992  rew=+67.276  swp=38.9  map=2.1  trunc=0%  pl=-0.014  vl=0.442  ent=1.551  kl=0.0243  gn=1.514
step=181248  rew=+60.848  swp=34.5  map=3.2  trunc=0%  pl=-0.025  vl=0.598  ent=1.451  kl=0.0146  gn=1.374
step=181504  rew=+59.016  swp=33.9  map=3.0  trunc=0%  pl=-0.005  vl=0.470  ent=1.791  kl=0.0242  gn=1.324
step=181760  rew=+60.464  swp=33.5  map=3.5  trunc=0%  pl=0.010  vl=0.516  ent=1.731  kl=0.0206  gn=1.646
step=182016  rew=+63.635  swp=37.5  map=3.1  trunc=0%  pl=-0.010  vl=0.524  ent=1.594  kl=0.0224  gn=1.567
step=182272  rew=+68.340  swp=40.0  map=3.1  trunc=0%  pl=-0.020  vl=0.550  ent=1.652  kl=0.0135  gn=1.230
step=182528  rew=+69.497  swp=41.0  map=3.3  trunc=0%  pl=-0.009  vl=0.564  ent=1.768  kl=0.0178  gn=1.464
step=182784  rew=+73.816  swp=44.3  map=2.1  trunc=0%  pl=-0.007  vl=0.685  ent=1.620  kl=0.0191  gn=1.152
step=183040  rew=+72.285  swp=44.4  map=1.8  trunc=0%  pl=-0.011  vl=0.512  ent=1.616  kl=0.0176  gn=1.237
step=183296  rew=+72.642  swp=45.2  map=2.0  trunc=0%  pl=-0.005  vl=0.615  ent=1.592  kl=0.0204  gn=1.417
step=183552  rew=+72.584  swp=41.8  map=2.1  trunc=0%  pl=0.019  vl=0.552  ent=1.538  kl=0.0177  gn=1.654
step=183808  rew=+70.096  swp=40.2  map=2.5  trunc=0%  pl=-0.003  vl=0.739  ent=1.436  kl=0.0145  gn=1.627
step=184064  rew=+64.399  swp=36.0  map=2.5  trunc=0%  pl=-0.001  vl=0.365  ent=1.653  kl=0.0232  gn=1.453
step=184320  rew=+61.035  swp=35.2  map=2.9  trunc=0%  pl=-0.003  vl=0.305  ent=1.686  kl=0.0191  gn=1.336
step=184576  rew=+64.694  swp=35.2  map=3.3  trunc=0%  pl=0.020  vl=0.785  ent=1.667  kl=0.0276  gn=3.036
step=184832  rew=+73.259  swp=38.5  map=3.5  trunc=0%  pl=0.000  vl=0.433  ent=1.649  kl=0.0154  gn=1.772
step=185088  rew=+73.354  swp=39.7  map=4.2  trunc=0%  pl=0.011  vl=0.522  ent=1.787  kl=0.0188  gn=1.187
step=185344  rew=+76.461  swp=41.1  map=5.0  trunc=0%  pl=0.012  vl=0.600  ent=1.613  kl=0.0333  gn=1.318
step=185600  rew=+71.691  swp=38.5  map=5.3  trunc=0%  pl=0.000  vl=0.544  ent=1.844  kl=0.0236  gn=1.464
step=185856  rew=+70.559  swp=40.6  map=6.0  trunc=0%  pl=-0.024  vl=0.570  ent=1.619  kl=0.0157  gn=1.477
step=186112  rew=+71.535  swp=41.5  map=5.2  trunc=0%  pl=-0.007  vl=0.595  ent=1.826  kl=0.0199  gn=1.183
step=186368  rew=+71.080  swp=41.0  map=5.5  trunc=0%  pl=-0.012  vl=0.805  ent=1.695  kl=0.0204  gn=1.952
step=186624  rew=+65.974  swp=37.0  map=4.8  trunc=0%  pl=0.003  vl=0.585  ent=1.634  kl=0.0276  gn=1.448
step=186880  rew=+66.199  swp=35.0  map=5.6  trunc=0%  pl=0.005  vl=0.362  ent=1.540  kl=0.0194  gn=1.424
step=187136  rew=+65.024  swp=34.9  map=5.2  trunc=0%  pl=-0.025  vl=0.485  ent=1.930  kl=0.0549  gn=1.244
step=187392  rew=+67.747  swp=36.4  map=5.0  trunc=0%  pl=0.016  vl=0.648  ent=1.747  kl=0.0331  gn=1.574
step=187648  rew=+66.476  swp=38.8  map=4.8  trunc=0%  pl=0.009  vl=0.554  ent=1.600  kl=0.0255  gn=1.583
step=187904  rew=+67.852  swp=40.5  map=4.0  trunc=0%  pl=0.018  vl=0.526  ent=1.584  kl=0.0354  gn=1.390
step=188160  rew=+71.824  swp=42.8  map=4.2  trunc=0%  pl=-0.011  vl=0.557  ent=1.554  kl=0.0153  gn=1.695
step=188416  rew=+71.624  swp=42.0  map=4.3  trunc=0%  pl=0.033  vl=0.569  ent=1.523  kl=0.0479  gn=1.622
step=188672  rew=+76.879  swp=43.6  map=4.4  trunc=0%  pl=0.005  vl=0.801  ent=1.664  kl=0.0258  gn=1.777
step=188928  rew=+70.728  swp=40.0  map=4.5  trunc=0%  pl=0.005  vl=0.450  ent=1.582  kl=0.0295  gn=1.211
step=189184  rew=+71.058  swp=38.6  map=5.0  trunc=0%  pl=-0.002  vl=0.429  ent=1.535  kl=0.0174  gn=2.049
step=189440  rew=+71.465  swp=39.0  map=5.4  trunc=0%  pl=0.011  vl=0.404  ent=1.486  kl=0.0232  gn=1.772
step=189696  rew=+75.117  swp=38.4  map=6.0  trunc=0%  pl=-0.001  vl=0.484  ent=1.398  kl=0.0203  gn=1.805
step=189952  rew=+78.058  swp=39.9  map=6.1  trunc=0%  pl=-0.004  vl=0.627  ent=1.449  kl=0.0386  gn=1.592
step=190208  rew=+74.455  swp=41.2  map=5.7  trunc=0%  pl=0.016  vl=0.523  ent=1.484  kl=0.0271  gn=1.616
step=190464  rew=+69.105  swp=37.6  map=5.4  trunc=0%  pl=-0.004  vl=0.348  ent=1.414  kl=0.0288  gn=1.385
step=190720  rew=+66.222  swp=36.8  map=6.0  trunc=0%  pl=-0.002  vl=0.357  ent=1.460  kl=0.0174  gn=1.387
step=190976  rew=+67.956  swp=37.0  map=6.1  trunc=0%  pl=0.007  vl=0.530  ent=1.813  kl=0.0445  gn=1.279
step=191232  rew=+68.149  swp=36.5  map=5.8  trunc=0%  pl=-0.016  vl=0.515  ent=1.624  kl=0.0241  gn=1.400
step=191488  rew=+67.750  swp=38.7  map=4.9  trunc=0%  pl=0.010  vl=0.639  ent=1.595  kl=0.0197  gn=1.941
step=191744  rew=+70.816  swp=41.6  map=3.9  trunc=0%  pl=-0.011  vl=0.668  ent=1.593  kl=0.0253  gn=1.735
step=192000  rew=+69.196  swp=39.6  map=4.0  trunc=0%  pl=-0.012  vl=0.529  ent=1.697  kl=0.0211  gn=1.515
step=192256  rew=+72.821  swp=43.4  map=4.4  trunc=0%  pl=0.016  vl=0.525  ent=1.688  kl=0.0181  gn=1.629
step=192512  rew=+71.725  swp=40.8  map=5.5  trunc=0%  pl=0.023  vl=0.439  ent=1.603  kl=0.0189  gn=1.538
step=192768  rew=+69.728  swp=39.4  map=5.2  trunc=0%  pl=-0.022  vl=0.474  ent=1.641  kl=0.0205  gn=1.460
step=193024  rew=+67.864  swp=40.3  map=4.8  trunc=0%  pl=-0.019  vl=0.439  ent=1.872  kl=0.0264  gn=1.407
step=193280  rew=+66.805  swp=39.8  map=3.9  trunc=0%  pl=0.006  vl=0.425  ent=1.728  kl=0.0268  gn=1.209
step=193536  rew=+67.662  swp=39.6  map=4.1  trunc=0%  pl=0.009  vl=0.447  ent=1.642  kl=0.0187  gn=1.973
step=193792  rew=+71.786  swp=40.7  map=4.8  trunc=0%  pl=-0.013  vl=0.312  ent=1.700  kl=0.0203  gn=1.387
step=194048  rew=+68.582  swp=37.0  map=5.2  trunc=0%  pl=-0.009  vl=0.700  ent=1.882  kl=0.0264  gn=1.651
step=194304  rew=+68.979  swp=37.3  map=5.5  trunc=0%  pl=0.020  vl=0.289  ent=1.583  kl=0.0340  gn=1.230
step=194560  rew=+68.432  swp=36.9  map=4.3  trunc=0%  pl=-0.020  vl=0.569  ent=1.650  kl=0.0200  gn=1.486
step=194816  rew=+72.910  swp=39.4  map=3.6  trunc=0%  pl=0.001  vl=0.354  ent=1.759  kl=0.0322  gn=1.525
step=195072  rew=+70.975  swp=40.1  map=2.6  trunc=0%  pl=-0.012  vl=0.561  ent=1.857  kl=0.0348  gn=1.529
step=195328  rew=+71.266  swp=40.7  map=3.0  trunc=0%  pl=-0.014  vl=0.550  ent=2.093  kl=0.0476  gn=2.135
step=195584  rew=+73.909  swp=42.9  map=3.0  trunc=0%  pl=0.027  vl=0.490  ent=1.950  kl=0.0388  gn=1.824
step=195840  rew=+73.236  swp=43.3  map=3.1  trunc=0%  pl=0.001  vl=0.419  ent=1.603  kl=0.0242  gn=1.530
step=196096  rew=+75.480  swp=43.8  map=2.5  trunc=0%  pl=-0.001  vl=0.478  ent=1.551  kl=0.0139  gn=1.829
step=196352  rew=+73.306  swp=43.5  map=1.9  trunc=0%  pl=0.012  vl=0.767  ent=1.579  kl=0.0316  gn=1.907
step=196608  rew=+73.836  swp=42.6  map=2.1  trunc=0%  pl=-0.015  vl=0.417  ent=1.747  kl=0.0329  gn=1.323
step=196864  rew=+69.802  swp=41.0  map=1.9  trunc=0%  pl=-0.002  vl=0.522  ent=1.647  kl=0.0389  gn=1.935
step=197120  rew=+69.382  swp=40.1  map=2.1  trunc=0%  pl=-0.004  vl=0.454  ent=1.798  kl=0.0482  gn=1.808
step=197376  rew=+67.240  swp=40.1  map=2.5  trunc=0%  pl=0.033  vl=0.432  ent=1.491  kl=0.0795  gn=1.347
step=197632  rew=+65.856  swp=38.3  map=2.5  trunc=0%  pl=-0.000  vl=0.542  ent=1.571  kl=0.0411  gn=1.646
step=197888  rew=+68.774  swp=40.9  map=2.4  trunc=0%  pl=-0.007  vl=0.638  ent=1.655  kl=0.0257  gn=2.047
step=198144  rew=+70.886  swp=42.8  map=2.5  trunc=0%  pl=0.003  vl=0.617  ent=1.650  kl=0.0266  gn=1.554
step=198400  rew=+70.969  swp=41.1  map=2.3  trunc=0%  pl=0.011  vl=0.682  ent=1.409  kl=0.0310  gn=1.456
step=198656  rew=+72.803  swp=44.2  map=2.4  trunc=0%  pl=0.006  vl=0.661  ent=1.512  kl=0.0247  gn=1.565
step=198912  rew=+70.506  swp=42.0  map=2.6  trunc=0%  pl=0.004  vl=0.680  ent=1.283  kl=0.0197  gn=1.873
step=199168  rew=+71.255  swp=42.9  map=2.5  trunc=0%  pl=-0.006  vl=0.638  ent=1.394  kl=0.0243  gn=1.355
step=199424  rew=+69.338  swp=39.8  map=2.8  trunc=0%  pl=-0.011  vl=0.593  ent=1.373  kl=0.0204  gn=1.711
step=199680  rew=+71.489  swp=42.4  map=2.1  trunc=0%  pl=0.005  vl=0.377  ent=1.341  kl=0.0332  gn=1.604
step=199936  rew=+75.109  swp=43.5  map=2.5  trunc=0%  pl=-0.004  vl=0.709  ent=1.423  kl=0.0385  gn=1.452
step=200192  rew=+74.479  swp=44.8  map=2.5  trunc=0%  pl=0.003  vl=0.386  ent=1.402  kl=0.0734  gn=1.615
step=200448  rew=+74.100  swp=46.3  map=2.2  trunc=0%  pl=0.004  vl=0.306  ent=1.559  kl=0.0264  gn=1.647
step=200704  rew=+71.582  swp=43.2  map=2.6  trunc=0%  pl=0.029  vl=0.663  ent=1.495  kl=0.0662  gn=1.514
step=200960  rew=+68.459  swp=42.1  map=2.2  trunc=0%  pl=0.028  vl=1.150  ent=1.595  kl=0.0479  gn=2.016
step=201216  rew=+69.844  swp=42.0  map=3.4  trunc=0%  pl=0.006  vl=0.578  ent=1.411  kl=0.0211  gn=1.306
step=201472  rew=+70.821  swp=41.6  map=3.5  trunc=0%  pl=0.002  vl=0.909  ent=1.492  kl=0.0183  gn=1.618
step=201728  rew=+73.930  swp=41.0  map=3.2  trunc=0%  pl=0.038  vl=0.817  ent=1.368  kl=0.0593  gn=1.778
step=201984  rew=+74.563  swp=39.9  map=3.2  trunc=0%  pl=-0.009  vl=0.294  ent=1.436  kl=0.0186  gn=1.366
step=202240  rew=+74.276  swp=40.3  map=3.0  trunc=0%  pl=-0.017  vl=0.890  ent=1.404  kl=0.0235  gn=1.534
step=202496  rew=+74.747  swp=40.3  map=2.7  trunc=0%  pl=-0.003  vl=0.512  ent=1.718  kl=0.0339  gn=1.278
step=202752  rew=+70.056  swp=38.8  map=3.1  trunc=0%  pl=0.054  vl=0.601  ent=1.703  kl=0.0676  gn=1.686
step=203008  rew=+69.461  swp=38.0  map=3.2  trunc=0%  pl=0.048  vl=0.539  ent=1.622  kl=0.0847  gn=1.548
step=203264  rew=+73.360  swp=40.0  map=3.2  trunc=0%  pl=-0.004  vl=0.300  ent=1.484  kl=0.0231  gn=1.625
step=203520  rew=+71.340  swp=39.5  map=2.9  trunc=0%  pl=0.025  vl=0.482  ent=1.596  kl=0.0305  gn=1.650
step=203776  rew=+73.728  swp=43.0  map=2.8  trunc=0%  pl=0.020  vl=0.372  ent=1.645  kl=0.0332  gn=1.582
step=204032  rew=+73.745  swp=44.0  map=1.8  trunc=0%  pl=0.017  vl=0.498  ent=1.543  kl=0.0325  gn=2.075
step=204288  rew=+72.123  swp=43.8  map=1.9  trunc=0%  pl=-0.023  vl=0.450  ent=1.617  kl=0.0455  gn=1.714
step=204544  rew=+70.899  swp=40.0  map=1.6  trunc=0%  pl=0.019  vl=0.455  ent=1.851  kl=0.0534  gn=2.213
step=204800  rew=+70.117  swp=38.9  map=1.9  trunc=0%  pl=0.004  vl=0.327  ent=1.502  kl=0.0448  gn=1.658
step=205056  rew=+67.810  swp=36.5  map=2.2  trunc=0%  pl=0.011  vl=0.412  ent=1.325  kl=0.0369  gn=1.742
step=205312  rew=+69.856  swp=36.6  map=2.9  trunc=0%  pl=0.008  vl=0.438  ent=1.431  kl=0.0959  gn=1.711
step=205568  rew=+69.959  swp=37.2  map=3.6  trunc=0%  pl=0.006  vl=0.385  ent=1.343  kl=0.0338  gn=1.894
step=205824  rew=+71.032  swp=39.5  map=3.5  trunc=0%  pl=0.015  vl=0.564  ent=1.417  kl=0.0422  gn=1.481
step=206080  rew=+76.697  swp=41.6  map=4.1  trunc=0%  pl=-0.002  vl=0.395  ent=1.328  kl=0.0341  gn=1.605
step=206336  rew=+79.358  swp=42.1  map=4.4  trunc=0%  pl=-0.001  vl=0.408  ent=1.389  kl=0.0353  gn=1.330
step=206592  rew=+81.404  swp=42.0  map=5.0  trunc=0%  pl=0.004  vl=0.810  ent=1.491  kl=0.0438  gn=1.543
step=206848  rew=+81.849  swp=40.2  map=5.0  trunc=0%  pl=0.003  vl=0.294  ent=1.878  kl=0.0980  gn=1.341
step=207104  rew=+75.734  swp=39.0  map=4.5  trunc=0%  pl=0.018  vl=0.342  ent=1.569  kl=0.0605  gn=1.439
step=207360  rew=+76.018  swp=39.5  map=4.2  trunc=0%  pl=-0.001  vl=0.770  ent=1.321  kl=0.0291  gn=1.742
step=207616  rew=+73.994  swp=37.9  map=3.4  trunc=0%  pl=-0.000  vl=0.901  ent=1.523  kl=0.0442  gn=1.741
step=207872  rew=+72.825  swp=38.0  map=4.5  trunc=0%  pl=0.009  vl=0.623  ent=1.471  kl=0.0896  gn=1.620
step=208128  rew=+73.414  swp=38.4  map=4.8  trunc=0%  pl=0.002  vl=0.744  ent=1.547  kl=0.0463  gn=1.512
step=208384  rew=+74.752  swp=39.6  map=4.0  trunc=0%  pl=0.009  vl=0.433  ent=1.480  kl=0.0222  gn=1.569
step=208640  rew=+74.732  swp=39.6  map=4.0  trunc=0%  pl=0.012  vl=0.535  ent=1.727  kl=0.0451  gn=1.398
step=208896  rew=+74.648  swp=39.9  map=3.5  trunc=0%  pl=-0.003  vl=0.461  ent=1.679  kl=0.0677  gn=1.461
step=209152  rew=+69.557  swp=38.1  map=3.3  trunc=0%  pl=0.006  vl=0.349  ent=1.460  kl=0.0243  gn=1.649
step=209408  rew=+67.969  swp=37.8  map=3.0  trunc=0%  pl=-0.009  vl=0.493  ent=1.470  kl=0.0231  gn=1.455
step=209664  rew=+69.515  swp=40.0  map=2.6  trunc=0%  pl=0.026  vl=0.403  ent=1.567  kl=0.0246  gn=1.527
step=209920  rew=+70.846  swp=42.0  map=3.2  trunc=0%  pl=0.007  vl=0.586  ent=1.727  kl=0.0875  gn=1.887
step=210176  rew=+75.797  swp=44.7  map=3.0  trunc=0%  pl=0.020  vl=0.640  ent=1.834  kl=0.0553  gn=1.432
step=210432  rew=+76.647  swp=45.1  map=2.5  trunc=0%  pl=0.016  vl=0.682  ent=1.583  kl=0.0280  gn=1.593
step=210688  rew=+74.756  swp=44.0  map=2.1  trunc=0%  pl=-0.012  vl=0.313  ent=1.620  kl=0.0254  gn=1.183
step=210944  rew=+74.386  swp=42.6  map=2.0  trunc=0%  pl=0.001  vl=0.586  ent=1.797  kl=0.0488  gn=1.386
step=211200  rew=+73.408  swp=43.5  map=2.5  trunc=0%  pl=0.022  vl=0.463  ent=1.817  kl=0.0627  gn=1.506
step=211456  rew=+67.993  swp=37.0  map=3.9  trunc=0%  pl=0.019  vl=0.603  ent=1.529  kl=0.0315  gn=1.595
step=211712  rew=+69.989  swp=38.5  map=3.8  trunc=0%  pl=0.001  vl=0.555  ent=1.495  kl=0.0213  gn=1.651
step=211968  rew=+67.953  swp=37.0  map=4.2  trunc=0%  pl=0.016  vl=0.698  ent=1.639  kl=0.0350  gn=1.969
step=212224  rew=+71.926  swp=40.0  map=3.9  trunc=0%  pl=-0.003  vl=0.718  ent=1.555  kl=0.0169  gn=2.645
step=212480  rew=+73.730  swp=43.0  map=2.9  trunc=0%  pl=-0.013  vl=0.543  ent=1.547  kl=0.0262  gn=1.498
step=212736  rew=+74.783  swp=43.3  map=2.8  trunc=0%  pl=-0.001  vl=0.739  ent=1.595  kl=0.0494  gn=1.971
step=212992  rew=+76.283  swp=45.8  map=2.1  trunc=0%  pl=0.008  vl=0.496  ent=1.393  kl=0.0544  gn=2.153
step=213248  rew=+74.129  swp=44.4  map=2.2  trunc=0%  pl=-0.002  vl=0.641  ent=1.462  kl=0.0221  gn=1.714
step=213504  rew=+71.434  swp=40.1  map=2.4  trunc=0%  pl=0.011  vl=0.544  ent=1.384  kl=0.0568  gn=1.429
step=213760  rew=+69.535  swp=38.4  map=2.5  trunc=0%  pl=-0.005  vl=0.405  ent=1.494  kl=0.0396  gn=1.360
step=214016  rew=+70.882  swp=37.5  map=3.2  trunc=0%  pl=0.005  vl=0.448  ent=1.408  kl=0.0302  gn=1.643
step=214272  rew=+71.160  swp=41.0  map=3.5  trunc=0%  pl=0.003  vl=0.390  ent=1.535  kl=0.0263  gn=1.553
step=214528  rew=+72.846  swp=41.4  map=4.4  trunc=0%  pl=0.002  vl=0.316  ent=1.371  kl=0.0198  gn=1.398
step=214784  rew=+73.237  swp=42.6  map=4.3  trunc=0%  pl=-0.005  vl=0.694  ent=1.513  kl=0.0410  gn=1.520
step=215040  rew=+69.162  swp=39.1  map=3.8  trunc=0%  pl=-0.031  vl=0.790  ent=1.635  kl=0.0416  gn=1.701
step=215296  rew=+71.157  swp=39.9  map=3.8  trunc=0%  pl=-0.013  vl=0.338  ent=1.857  kl=0.0856  gn=1.313
step=215552  rew=+72.505  swp=38.8  map=3.6  trunc=0%  pl=-0.002  vl=0.333  ent=1.867  kl=0.0444  gn=1.333
step=215808  rew=+74.333  swp=40.6  map=3.5  trunc=0%  pl=-0.006  vl=0.432  ent=1.843  kl=0.0436  gn=1.519
step=216064  rew=+73.006  swp=40.8  map=3.4  trunc=0%  pl=0.006  vl=0.488  ent=1.534  kl=0.0381  gn=1.351
step=216320  rew=+68.862  swp=38.5  map=3.2  trunc=0%  pl=-0.011  vl=0.389  ent=1.494  kl=0.0134  gn=1.558
step=216576  rew=+68.853  swp=38.6  map=2.4  trunc=0%  pl=-0.025  vl=0.468  ent=1.822  kl=0.0315  gn=1.419
step=216832  rew=+69.117  swp=38.4  map=2.6  trunc=0%  pl=-0.009  vl=0.599  ent=1.626  kl=0.0273  gn=1.718
step=217088  rew=+72.266  swp=41.8  map=2.3  trunc=0%  pl=0.003  vl=0.377  ent=1.716  kl=0.0415  gn=2.423
step=217344  rew=+70.882  swp=40.4  map=2.0  trunc=0%  pl=-0.008  vl=0.590  ent=1.618  kl=0.0274  gn=1.436
step=217600  rew=+73.589  swp=41.9  map=1.9  trunc=0%  pl=0.007  vl=0.719  ent=1.748  kl=0.0433  gn=1.498
step=217856  rew=+75.004  swp=44.9  map=1.4  trunc=0%  pl=-0.001  vl=0.518  ent=1.723  kl=0.0327  gn=1.438
step=218112  rew=+73.097  swp=42.9  map=1.2  trunc=0%  pl=0.015  vl=0.535  ent=1.757  kl=0.0364  gn=1.389
step=218368  rew=+73.862  swp=42.1  map=1.8  trunc=0%  pl=-0.016  vl=0.474  ent=1.578  kl=0.0287  gn=1.390
step=218624  rew=+74.105  swp=41.2  map=1.9  trunc=0%  pl=-0.025  vl=0.329  ent=1.874  kl=0.0394  gn=1.266
step=218880  rew=+72.249  swp=36.8  map=3.0  trunc=0%  pl=0.000  vl=0.289  ent=1.644  kl=0.0345  gn=1.367
step=219136  rew=+71.991  swp=36.5  map=3.3  trunc=0%  pl=0.006  vl=0.392  ent=1.533  kl=0.0190  gn=1.387
step=219392  rew=+68.905  swp=37.1  map=3.2  trunc=0%  pl=-0.024  vl=0.388  ent=1.899  kl=0.0509  gn=1.638
step=219648  rew=+67.781  swp=38.9  map=2.6  trunc=0%  pl=-0.001  vl=0.552  ent=1.709  kl=0.0341  gn=1.660
step=219904  rew=+69.875  swp=41.4  map=2.9  trunc=0%  pl=-0.014  vl=0.519  ent=1.698  kl=0.0337  gn=1.275
step=220160  rew=+73.604  swp=42.9  map=3.1  trunc=0%  pl=0.006  vl=0.653  ent=1.691  kl=0.0418  gn=1.787
step=220416  rew=+74.594  swp=42.9  map=3.1  trunc=0%  pl=-0.016  vl=0.605  ent=1.687  kl=0.0686  gn=1.327
step=220672  rew=+70.964  swp=40.2  map=2.9  trunc=0%  pl=-0.015  vl=0.362  ent=1.822  kl=0.0881  gn=1.191
step=220928  rew=+66.383  swp=37.7  map=2.5  trunc=0%  pl=0.005  vl=0.441  ent=1.568  kl=0.0407  gn=1.293
step=221184  rew=+66.791  swp=39.0  map=2.5  trunc=0%  pl=-0.002  vl=0.276  ent=1.238  kl=0.0247  gn=1.442
step=221440  rew=+70.076  swp=41.9  map=2.6  trunc=0%  pl=0.005  vl=0.552  ent=1.541  kl=0.0267  gn=1.825
step=221696  rew=+70.589  swp=42.5  map=2.8  trunc=0%  pl=0.002  vl=0.590  ent=1.314  kl=0.0214  gn=1.256
step=221952  rew=+70.284  swp=42.4  map=3.4  trunc=0%  pl=-0.002  vl=0.470  ent=1.319  kl=0.0156  gn=1.762
step=222208  rew=+68.167  swp=40.2  map=3.4  trunc=0%  pl=-0.001  vl=0.485  ent=1.446  kl=0.0369  gn=1.793
step=222464  rew=+70.843  swp=40.8  map=3.8  trunc=0%  pl=0.065  vl=0.485  ent=1.477  kl=0.2299  gn=1.518
step=222720  rew=+73.632  swp=43.0  map=4.0  trunc=0%  pl=0.011  vl=0.339  ent=1.436  kl=0.0143  gn=1.356
step=222976  rew=+73.178  swp=41.5  map=4.1  trunc=0%  pl=0.003  vl=0.286  ent=1.643  kl=0.0246  gn=1.212
step=223232  rew=+74.719  swp=41.2  map=4.6  trunc=0%  pl=0.005  vl=0.434  ent=1.551  kl=0.0190  gn=1.402
step=223488  rew=+76.164  swp=40.8  map=4.5  trunc=0%  pl=-0.013  vl=0.359  ent=1.517  kl=0.0229  gn=1.254
step=223744  rew=+74.325  swp=40.4  map=3.8  trunc=0%  pl=-0.012  vl=0.353  ent=1.583  kl=0.0217  gn=1.977
step=224000  rew=+77.077  swp=39.9  map=4.5  trunc=0%  pl=0.003  vl=0.626  ent=1.686  kl=0.0396  gn=1.406
step=224256  rew=+74.926  swp=40.5  map=3.9  trunc=0%  pl=-0.002  vl=0.508  ent=1.740  kl=0.0493  gn=1.309
step=224512  rew=+72.856  swp=39.8  map=4.2  trunc=0%  pl=-0.001  vl=0.563  ent=1.726  kl=0.1202  gn=1.399
step=224768  rew=+71.133  swp=38.6  map=4.8  trunc=0%  pl=-0.002  vl=0.523  ent=1.567  kl=0.0450  gn=1.274
step=225024  rew=+68.203  swp=36.0  map=5.2  trunc=0%  pl=-0.003  vl=0.441  ent=1.445  kl=0.0280  gn=1.296
step=225280  rew=+68.136  swp=35.5  map=6.5  trunc=0%  pl=0.032  vl=0.530  ent=1.555  kl=0.1246  gn=1.670
step=225536  rew=+71.465  swp=34.8  map=6.8  trunc=0%  pl=-0.000  vl=0.251  ent=1.311  kl=0.0221  gn=1.401
step=225792  rew=+70.542  swp=36.1  map=6.8  trunc=0%  pl=-0.007  vl=0.370  ent=1.508  kl=0.0354  gn=1.483
step=226048  rew=+69.060  swp=35.5  map=6.1  trunc=0%  pl=0.041  vl=0.647  ent=1.828  kl=0.0886  gn=1.998
step=226304  rew=+67.748  swp=37.0  map=5.2  trunc=0%  pl=0.002  vl=0.551  ent=1.581  kl=0.0389  gn=1.661
step=226560  rew=+63.161  swp=35.6  map=4.8  trunc=0%  pl=-0.018  vl=0.378  ent=1.472  kl=0.0466  gn=1.212
step=226816  rew=+66.804  swp=36.3  map=4.2  trunc=0%  pl=0.004  vl=0.468  ent=1.598  kl=0.0265  gn=2.534
step=227072  rew=+68.591  swp=38.9  map=4.0  trunc=0%  pl=0.012  vl=0.434  ent=1.529  kl=0.0466  gn=1.726
step=227328  rew=+71.300  swp=41.4  map=3.3  trunc=0%  pl=0.020  vl=0.386  ent=1.671  kl=0.0471  gn=1.886
step=227584  rew=+77.540  swp=45.3  map=2.6  trunc=0%  pl=0.007  vl=0.599  ent=1.439  kl=0.0441  gn=1.944
step=227840  rew=+76.648  swp=45.3  map=2.4  trunc=0%  pl=-0.004  vl=0.182  ent=1.578  kl=0.0536  gn=1.127
step=228096  rew=+75.048  swp=41.5  map=2.7  trunc=0%  pl=0.011  vl=0.480  ent=1.461  kl=0.0982  gn=1.442
step=228352  rew=+73.131  swp=42.0  map=2.3  trunc=0%  pl=-0.005  vl=0.349  ent=1.709  kl=0.1110  gn=1.614
step=228608  rew=+71.539  swp=40.8  map=2.5  trunc=0%  pl=0.014  vl=0.592  ent=1.623  kl=0.0534  gn=1.548
step=228864  rew=+73.062  swp=42.5  map=2.6  trunc=0%  pl=-0.013  vl=0.790  ent=1.518  kl=0.0631  gn=1.840
step=229120  rew=+70.591  swp=39.1  map=2.9  trunc=0%  pl=-0.004  vl=0.443  ent=1.798  kl=0.0883  gn=1.232
step=229376  rew=+69.462  swp=37.9  map=2.7  trunc=0%  pl=-0.005  vl=0.415  ent=1.419  kl=0.0315  gn=1.461
step=229632  rew=+69.519  swp=37.8  map=2.8  trunc=0%  pl=-0.016  vl=0.657  ent=1.541  kl=0.0513  gn=1.580
step=229888  rew=+68.620  swp=39.8  map=2.1  trunc=0%  pl=0.004  vl=0.470  ent=1.805  kl=0.1102  gn=1.603
step=230144  rew=+67.554  swp=41.1  map=2.6  trunc=0%  pl=0.030  vl=0.441  ent=1.520  kl=0.0746  gn=1.901
step=230400  rew=+69.561  swp=40.6  map=2.3  trunc=0%  pl=-0.006  vl=0.913  ent=1.448  kl=0.0283  gn=2.784
step=230656  rew=+70.890  swp=38.6  map=2.5  trunc=0%  pl=0.015  vl=0.563  ent=1.460  kl=0.0596  gn=1.919
step=230912  rew=+74.683  swp=39.6  map=2.3  trunc=0%  pl=-0.012  vl=0.263  ent=1.564  kl=0.0698  gn=1.688
step=231168  rew=+76.428  swp=40.0  map=2.9  trunc=0%  pl=-0.000  vl=0.433  ent=1.864  kl=0.0735  gn=1.671
step=231424  rew=+74.342  swp=40.8  map=2.5  trunc=0%  pl=-0.015  vl=0.355  ent=1.505  kl=0.0328  gn=1.284
step=231680  rew=+71.899  swp=39.1  map=2.6  trunc=0%  pl=-0.019  vl=0.355  ent=1.713  kl=0.0439  gn=1.518
step=231936  rew=+65.777  swp=36.0  map=2.8  trunc=0%  pl=0.005  vl=0.439  ent=1.493  kl=0.0352  gn=2.176
step=232192  rew=+64.002  swp=36.9  map=2.8  trunc=0%  pl=-0.010  vl=0.564  ent=1.519  kl=0.1134  gn=1.478
step=232448  rew=+68.478  swp=39.1  map=3.0  trunc=0%  pl=0.045  vl=0.415  ent=1.552  kl=0.0414  gn=1.892
step=232704  rew=+71.861  swp=41.8  map=3.0  trunc=0%  pl=0.005  vl=0.295  ent=1.454  kl=0.0328  gn=1.627
step=232960  rew=+71.090  swp=41.0  map=3.0  trunc=0%  pl=-0.002  vl=0.311  ent=1.350  kl=0.0271  gn=1.569
step=233216  rew=+71.439  swp=39.6  map=2.5  trunc=0%  pl=-0.002  vl=0.305  ent=1.634  kl=0.0521  gn=1.419
step=233472  rew=+72.230  swp=39.9  map=2.3  trunc=0%  pl=-0.009  vl=0.346  ent=1.450  kl=0.0388  gn=1.752
step=233728  rew=+73.207  swp=42.1  map=1.8  trunc=0%  pl=-0.001  vl=0.613  ent=1.794  kl=0.0623  gn=2.609
step=233984  rew=+70.698  swp=40.0  map=2.0  trunc=0%  pl=0.007  vl=0.556  ent=1.474  kl=0.0263  gn=1.896
step=234240  rew=+67.167  swp=39.7  map=2.3  trunc=0%  pl=-0.012  vl=0.686  ent=1.944  kl=0.0712  gn=1.556
step=234496  rew=+67.871  swp=40.0  map=2.0  trunc=0%  pl=-0.014  vl=0.380  ent=1.638  kl=0.0866  gn=1.493
step=234752  rew=+68.276  swp=40.3  map=1.2  trunc=0%  pl=0.009  vl=0.213  ent=1.650  kl=0.0826  gn=1.551
step=235008  rew=+73.135  swp=43.2  map=1.4  trunc=0%  pl=-0.001  vl=0.569  ent=1.504  kl=0.0523  gn=1.402
step=235264  rew=+74.469  swp=44.2  map=2.0  trunc=0%  pl=-0.003  vl=0.653  ent=1.445  kl=0.0331  gn=1.735
step=235520  rew=+76.373  swp=44.7  map=2.9  trunc=0%  pl=0.005  vl=0.525  ent=1.232  kl=0.0187  gn=1.672
step=235776  rew=+74.669  swp=43.0  map=4.2  trunc=0%  pl=-0.008  vl=0.444  ent=1.296  kl=0.0228  gn=1.521
step=236032  rew=+71.382  swp=40.0  map=5.0  trunc=0%  pl=0.005  vl=0.359  ent=1.374  kl=0.0296  gn=1.474
step=236288  rew=+67.705  swp=38.9  map=4.0  trunc=0%  pl=-0.016  vl=0.345  ent=1.508  kl=0.0342  gn=1.431
step=236544  rew=+65.223  swp=37.1  map=3.7  trunc=0%  pl=-0.002  vl=0.349  ent=1.350  kl=0.0452  gn=1.701
step=236800  rew=+62.041  swp=36.0  map=3.0  trunc=0%  pl=0.005  vl=0.402  ent=1.408  kl=0.0245  gn=1.902
step=237056  rew=+65.593  swp=35.6  map=3.5  trunc=0%  pl=-0.010  vl=0.251  ent=1.476  kl=0.0290  gn=1.361
step=237312  rew=+69.806  swp=38.7  map=3.4  trunc=0%  pl=-0.023  vl=0.710  ent=1.704  kl=0.0404  gn=2.380
step=237568  rew=+69.691  swp=40.5  map=2.2  trunc=0%  pl=0.016  vl=0.552  ent=1.868  kl=0.1307  gn=1.761
step=237824  rew=+68.509  swp=40.8  map=2.0  trunc=0%  pl=-0.000  vl=0.454  ent=1.659  kl=0.0470  gn=1.512
step=238080  rew=+67.738  swp=41.1  map=0.8  trunc=0%  pl=-0.019  vl=0.648  ent=1.554  kl=0.0358  gn=2.027
step=238336  rew=+71.674  swp=42.3  map=1.9  trunc=0%  pl=-0.034  vl=0.412  ent=1.727  kl=0.0608  gn=1.310
step=238592  rew=+73.262  swp=42.1  map=2.2  trunc=0%  pl=0.011  vl=0.566  ent=1.512  kl=0.0449  gn=1.374
step=238848  rew=+72.973  swp=41.5  map=3.5  trunc=0%  pl=-0.011  vl=0.495  ent=1.610  kl=0.0343  gn=1.879
step=239104  rew=+73.888  swp=42.0  map=4.2  trunc=0%  pl=0.023  vl=0.489  ent=1.525  kl=0.0291  gn=1.655
step=239360  rew=+65.635  swp=39.0  map=3.8  trunc=0%  pl=-0.017  vl=0.542  ent=1.614  kl=0.0326  gn=1.600
step=239616  rew=+68.265  swp=38.6  map=3.4  trunc=0%  pl=0.025  vl=0.343  ent=1.692  kl=0.0583  gn=1.577
step=239872  rew=+68.168  swp=38.5  map=3.3  trunc=0%  pl=0.004  vl=0.467  ent=1.503  kl=0.0273  gn=1.637
step=240128  rew=+71.487  swp=39.6  map=3.5  trunc=0%  pl=-0.015  vl=0.489  ent=1.723  kl=0.0382  gn=1.342
step=240384  rew=+72.902  swp=41.8  map=2.5  trunc=0%  pl=0.002  vl=0.744  ent=1.567  kl=0.0498  gn=1.587
step=240640  rew=+70.716  swp=40.0  map=2.1  trunc=0%  pl=-0.008  vl=0.617  ent=1.489  kl=0.0477  gn=1.294
step=240896  rew=+72.484  swp=40.8  map=2.0  trunc=0%  pl=-0.023  vl=0.434  ent=1.678  kl=0.0378  gn=1.529
step=241152  rew=+72.410  swp=40.2  map=1.6  trunc=0%  pl=-0.001  vl=0.508  ent=1.589  kl=0.0393  gn=1.372
step=241408  rew=+74.183  swp=41.8  map=1.7  trunc=0%  pl=-0.012  vl=0.324  ent=1.556  kl=0.0382  gn=1.312
step=241664  rew=+73.765  swp=42.1  map=1.5  trunc=0%  pl=-0.022  vl=0.410  ent=1.532  kl=0.0325  gn=1.397
step=241920  rew=+73.284  swp=41.5  map=1.5  trunc=0%  pl=0.009  vl=0.422  ent=1.566  kl=0.0548  gn=1.418
step=242176  rew=+74.501  swp=40.4  map=1.9  trunc=0%  pl=-0.004  vl=0.348  ent=1.322  kl=0.0260  gn=1.364
step=242432  rew=+75.355  swp=38.1  map=2.8  trunc=0%  pl=0.001  vl=0.566  ent=1.377  kl=0.0319  gn=1.335
step=242688  rew=+74.730  swp=40.0  map=3.0  trunc=0%  pl=0.001  vl=0.508  ent=1.464  kl=0.0307  gn=1.895
step=242944  rew=+73.436  swp=41.0  map=2.5  trunc=0%  pl=0.013  vl=0.563  ent=1.498  kl=0.0314  gn=1.544
step=243200  rew=+72.009  swp=40.8  map=2.1  trunc=0%  pl=0.025  vl=0.551  ent=1.527  kl=0.0531  gn=1.499
step=243456  rew=+70.307  swp=36.9  map=2.2  trunc=0%  pl=0.013  vl=0.601  ent=1.101  kl=0.0206  gn=1.858
step=243712  rew=+69.076  swp=33.6  map=2.6  trunc=0%  pl=-0.002  vl=0.277  ent=1.210  kl=0.0144  gn=1.663
step=243968  rew=+67.806  swp=34.2  map=3.0  trunc=0%  pl=-0.003  vl=0.719  ent=1.296  kl=0.0221  gn=1.720
step=244224  rew=+67.252  swp=34.0  map=3.0  trunc=0%  pl=-0.017  vl=0.532  ent=1.344  kl=0.0253  gn=1.788
step=244480  rew=+69.034  swp=37.2  map=2.5  trunc=0%  pl=-0.005  vl=0.290  ent=1.350  kl=0.0244  gn=1.215
step=244736  rew=+68.395  swp=38.5  map=2.8  trunc=0%  pl=-0.016  vl=0.563  ent=1.461  kl=0.0202  gn=1.553
step=244992  rew=+70.766  swp=40.1  map=2.5  trunc=0%  pl=0.003  vl=0.744  ent=1.526  kl=0.0175  gn=2.752
step=245248  rew=+71.400  swp=41.0  map=2.4  trunc=0%  pl=-0.014  vl=0.551  ent=1.399  kl=0.0308  gn=1.451
step=245504  rew=+72.586  swp=41.9  map=2.5  trunc=0%  pl=0.011  vl=0.904  ent=1.669  kl=0.0230  gn=2.033
step=245760  rew=+72.042  swp=40.6  map=2.5  trunc=0%  pl=-0.028  vl=0.750  ent=1.457  kl=0.0215  gn=1.515
step=246016  rew=+73.582  swp=41.0  map=3.5  trunc=0%  pl=-0.007  vl=0.353  ent=1.588  kl=0.0298  gn=1.345
step=246272  rew=+77.176  swp=44.4  map=3.6  trunc=0%  pl=-0.012  vl=0.254  ent=1.555  kl=0.0229  gn=1.738
step=246528  rew=+77.785  swp=43.4  map=3.5  trunc=0%  pl=0.022  vl=0.809  ent=1.472  kl=0.0162  gn=1.819
step=246784  rew=+77.637  swp=42.0  map=3.5  trunc=0%  pl=-0.009  vl=0.670  ent=1.515  kl=0.0246  gn=1.352
step=247040  rew=+71.616  swp=39.4  map=3.9  trunc=0%  pl=-0.019  vl=0.537  ent=1.451  kl=0.0156  gn=1.305
step=247296  rew=+71.058  swp=39.5  map=3.6  trunc=0%  pl=-0.003  vl=0.583  ent=1.702  kl=0.0304  gn=1.489
step=247552  rew=+70.137  swp=39.9  map=3.4  trunc=0%  pl=-0.009  vl=0.241  ent=1.575  kl=0.0223  gn=1.371
step=247808  rew=+71.525  swp=42.4  map=2.9  trunc=0%  pl=-0.013  vl=0.507  ent=1.683  kl=0.0338  gn=2.461
step=248064  rew=+75.905  swp=43.8  map=2.5  trunc=0%  pl=0.018  vl=0.370  ent=1.624  kl=0.0305  gn=1.619
step=248320  rew=+72.221  swp=42.1  map=2.7  trunc=0%  pl=-0.007  vl=0.480  ent=1.706  kl=0.0331  gn=1.634
step=248576  rew=+73.218  swp=43.4  map=1.9  trunc=0%  pl=0.002  vl=0.506  ent=1.563  kl=0.0295  gn=1.384
step=248832  rew=+66.059  swp=38.6  map=2.7  trunc=0%  pl=-0.006  vl=0.481  ent=1.250  kl=0.0240  gn=1.525
step=249088  rew=+66.429  swp=38.5  map=2.8  trunc=0%  pl=-0.023  vl=0.465  ent=1.575  kl=0.0218  gn=1.391
step=249344  rew=+68.704  swp=38.4  map=3.2  trunc=0%  pl=0.012  vl=0.834  ent=1.854  kl=0.0434  gn=1.231
step=249600  rew=+72.347  swp=41.9  map=2.4  trunc=0%  pl=-0.026  vl=0.445  ent=1.627  kl=0.0247  gn=1.432
step=249856  rew=+72.107  swp=42.0  map=1.7  trunc=0%  pl=0.001  vl=0.543  ent=1.542  kl=0.0231  gn=1.321
step=250112  rew=+70.227  swp=40.5  map=2.2  trunc=0%  pl=-0.011  vl=0.474  ent=1.563  kl=0.0236  gn=1.342
step=250368  rew=+69.950  swp=38.9  map=2.8  trunc=0%  pl=-0.008  vl=0.268  ent=1.632  kl=0.0289  gn=1.540
step=250624  rew=+71.768  swp=41.1  map=2.7  trunc=0%  pl=-0.024  vl=0.708  ent=1.714  kl=0.0442  gn=2.005
step=250880  rew=+72.193  swp=43.0  map=2.1  trunc=0%  pl=-0.001  vl=0.343  ent=1.740  kl=0.0370  gn=1.366
step=251136  rew=+77.269  swp=44.5  map=2.1  trunc=0%  pl=-0.006  vl=0.480  ent=1.793  kl=0.0291  gn=2.212
step=251392  rew=+72.390  swp=42.4  map=1.6  trunc=0%  pl=-0.030  vl=0.797  ent=1.851  kl=0.0494  gn=1.382
step=251648  rew=+71.389  swp=42.8  map=1.1  trunc=0%  pl=-0.011  vl=0.539  ent=1.857  kl=0.0536  gn=1.494
step=251904  rew=+69.980  swp=44.2  map=0.8  trunc=0%  pl=-0.001  vl=0.400  ent=1.686  kl=0.0370  gn=1.233
step=252160  rew=+63.088  swp=39.9  map=1.7  trunc=0%  pl=-0.016  vl=0.682  ent=1.517  kl=0.0201  gn=1.391
step=252416  rew=+62.970  swp=38.5  map=1.6  trunc=0%  pl=0.002  vl=0.342  ent=1.638  kl=0.0184  gn=1.369
step=252672  rew=+62.465  swp=37.5  map=1.9  trunc=0%  pl=0.001  vl=0.312  ent=1.448  kl=0.0407  gn=1.898
step=252928  rew=+69.817  swp=39.5  map=1.8  trunc=0%  pl=-0.003  vl=0.331  ent=1.385  kl=0.0216  gn=2.105
step=253184  rew=+71.415  swp=40.5  map=2.3  trunc=0%  pl=-0.026  vl=0.356  ent=1.507  kl=0.0183  gn=1.353
step=253440  rew=+72.526  swp=41.0  map=2.5  trunc=0%  pl=0.017  vl=0.312  ent=1.700  kl=0.0497  gn=1.213
step=253696  rew=+71.725  swp=41.0  map=2.0  trunc=0%  pl=0.001  vl=0.241  ent=1.623  kl=0.0329  gn=1.338
step=253952  rew=+68.929  swp=40.1  map=2.5  trunc=0%  pl=0.006  vl=0.409  ent=1.251  kl=0.0298  gn=1.579
step=254208  rew=+72.216  swp=40.1  map=2.4  trunc=0%  pl=-0.016  vl=0.385  ent=1.514  kl=0.0300  gn=2.572
step=254464  rew=+72.137  swp=39.7  map=2.8  trunc=0%  pl=0.005  vl=0.516  ent=1.532  kl=0.0260  gn=2.276
step=254720  rew=+74.265  swp=39.9  map=3.4  trunc=0%  pl=-0.007  vl=0.451  ent=1.357  kl=0.0265  gn=1.398
step=254976  rew=+72.481  swp=40.6  map=3.0  trunc=0%  pl=0.011  vl=0.536  ent=1.384  kl=0.0305  gn=1.424
step=255232  rew=+72.628  swp=42.5  map=2.8  trunc=0%  pl=0.010  vl=0.648  ent=1.663  kl=0.0331  gn=1.913
step=255488  rew=+75.876  swp=42.8  map=3.0  trunc=0%  pl=0.003  vl=0.544  ent=1.407  kl=0.0234  gn=1.586
step=255744  rew=+74.485  swp=40.4  map=3.0  trunc=0%  pl=-0.011  vl=0.658  ent=1.573  kl=0.0305  gn=1.626
step=256000  rew=+75.938  swp=42.8  map=2.8  trunc=0%  pl=-0.004  vl=0.471  ent=1.685  kl=0.0422  gn=1.383
step=256256  rew=+69.161  swp=40.0  map=3.1  trunc=0%  pl=-0.016  vl=0.467  ent=1.601  kl=0.0512  gn=1.762
step=256512  rew=+66.691  swp=40.8  map=3.0  trunc=0%  pl=-0.016  vl=0.722  ent=1.576  kl=0.0260  gn=1.754
step=256768  rew=+66.098  swp=39.4  map=3.0  trunc=0%  pl=-0.007  vl=0.577  ent=1.472  kl=0.0578  gn=1.300
step=257024  rew=+70.394  swp=40.2  map=3.0  trunc=0%  pl=-0.011  vl=0.388  ent=1.709  kl=0.0644  gn=1.279
step=257280  rew=+73.810  swp=39.6  map=2.5  trunc=0%  pl=0.027  vl=0.321  ent=1.478  kl=0.0544  gn=1.203
step=257536  rew=+74.680  swp=38.9  map=2.5  trunc=0%  pl=-0.009  vl=0.297  ent=1.380  kl=0.0365  gn=1.187
step=257792  rew=+74.818  swp=40.4  map=2.1  trunc=0%  pl=-0.005  vl=0.288  ent=1.356  kl=0.0228  gn=1.291
step=258048  rew=+72.480  swp=38.9  map=2.6  trunc=0%  pl=0.009  vl=0.708  ent=1.191  kl=0.0236  gn=1.659
step=258304  rew=+69.874  swp=38.0  map=3.4  trunc=0%  pl=-0.023  vl=0.600  ent=1.444  kl=0.0347  gn=1.996
step=258560  rew=+70.694  swp=37.2  map=3.6  trunc=0%  pl=-0.024  vl=0.611  ent=1.401  kl=0.0325  gn=2.783
step=258816  rew=+72.474  swp=39.5  map=3.1  trunc=0%  pl=-0.007  vl=0.373  ent=1.572  kl=0.0519  gn=1.724
step=259072  rew=+70.270  swp=39.4  map=3.0  trunc=0%  pl=-0.008  vl=0.253  ent=1.309  kl=0.0222  gn=1.256
step=259328  rew=+71.264  swp=39.2  map=3.2  trunc=0%  pl=0.008  vl=0.649  ent=1.369  kl=0.0245  gn=1.430
step=259584  rew=+67.974  swp=36.0  map=3.9  trunc=0%  pl=-0.007  vl=0.335  ent=1.300  kl=0.0188  gn=1.307
step=259840  rew=+68.432  swp=35.5  map=4.4  trunc=0%  pl=0.005  vl=0.443  ent=1.461  kl=0.0579  gn=1.331
step=260096  rew=+69.061  swp=36.4  map=4.5  trunc=0%  pl=0.006  vl=0.403  ent=1.400  kl=0.0414  gn=1.444
step=260352  rew=+72.543  swp=39.1  map=4.5  trunc=0%  pl=0.003  vl=0.471  ent=1.462  kl=0.0459  gn=1.429
step=260608  rew=+72.107  swp=39.6  map=4.3  trunc=0%  pl=0.008  vl=0.444  ent=1.392  kl=0.0393  gn=1.614
step=260864  rew=+76.019  swp=40.7  map=3.7  trunc=0%  pl=0.010  vl=0.802  ent=1.462  kl=0.0332  gn=1.715
step=261120  rew=+76.769  swp=38.9  map=4.5  trunc=0%  pl=-0.002  vl=0.615  ent=1.316  kl=0.0306  gn=1.481
step=261376  rew=+72.773  swp=37.7  map=4.4  trunc=0%  pl=-0.012  vl=0.654  ent=1.551  kl=0.0557  gn=1.891
step=261632  rew=+66.944  swp=35.0  map=4.5  trunc=0%  pl=0.000  vl=0.358  ent=1.511  kl=0.0278  gn=1.412
step=261888  rew=+66.691  swp=35.5  map=4.5  trunc=0%  pl=0.002  vl=0.370  ent=1.615  kl=0.0326  gn=1.317
step=262144  rew=+67.950  swp=34.2  map=4.5  trunc=0%  pl=0.014  vl=0.654  ent=1.302  kl=0.0253  gn=2.069
step=262400  rew=+71.865  swp=38.3  map=3.8  trunc=0%  pl=0.003  vl=0.336  ent=1.431  kl=0.0370  gn=1.372
step=262656  rew=+71.050  swp=38.8  map=3.5  trunc=0%  pl=-0.014  vl=0.601  ent=1.643  kl=0.0710  gn=1.602
step=262912  rew=+70.972  swp=39.6  map=2.6  trunc=0%  pl=-0.010  vl=0.608  ent=1.626  kl=0.0360  gn=1.847
step=263168  rew=+69.249  swp=41.2  map=2.4  trunc=0%  pl=-0.008  vl=0.518  ent=1.424  kl=0.0320  gn=1.400
step=263424  rew=+68.749  swp=41.8  map=2.5  trunc=0%  pl=0.002  vl=0.275  ent=1.640  kl=0.0378  gn=1.457
step=263680  rew=+67.173  swp=39.9  map=2.7  trunc=0%  pl=-0.011  vl=0.392  ent=1.769  kl=0.0621  gn=1.318
step=263936  rew=+70.041  swp=39.6  map=2.6  trunc=0%  pl=0.008  vl=0.808  ent=1.596  kl=0.0357  gn=1.632
step=264192  rew=+69.886  swp=38.0  map=3.4  trunc=0%  pl=-0.026  vl=0.410  ent=1.727  kl=0.0391  gn=1.213
step=264448  rew=+67.248  swp=36.5  map=3.2  trunc=0%  pl=-0.035  vl=0.341  ent=1.547  kl=0.0378  gn=1.247
step=264704  rew=+63.842  swp=35.5  map=3.2  trunc=0%  pl=0.012  vl=0.344  ent=1.722  kl=0.0462  gn=1.581
step=264960  rew=+64.441  swp=37.6  map=3.4  trunc=0%  pl=0.001  vl=0.401  ent=1.513  kl=0.0238  gn=1.554
step=265216  rew=+69.304  swp=41.2  map=3.2  trunc=0%  pl=0.000  vl=0.500  ent=1.667  kl=0.0615  gn=1.530
step=265472  rew=+71.735  swp=42.2  map=2.5  trunc=0%  pl=-0.004  vl=0.379  ent=1.703  kl=0.0445  gn=1.599
step=265728  rew=+75.928  swp=46.2  map=2.0  trunc=0%  pl=0.000  vl=0.414  ent=1.677  kl=0.0592  gn=1.805
step=265984  rew=+74.391  swp=47.0  map=0.9  trunc=0%  pl=-0.003  vl=0.523  ent=1.629  kl=0.0658  gn=1.563
step=266240  rew=+72.306  swp=46.0  map=0.8  trunc=0%  pl=-0.014  vl=0.366  ent=1.873  kl=0.0597  gn=1.614
step=266496  rew=+66.716  swp=41.8  map=1.4  trunc=0%  pl=-0.012  vl=0.486  ent=1.503  kl=0.0274  gn=1.639
step=266752  rew=+60.008  swp=35.9  map=1.6  trunc=0%  pl=-0.017  vl=0.370  ent=1.666  kl=0.0496  gn=1.692
step=267008  rew=+43.960  swp=26.8  map=1.1  trunc=0%  pl=-0.029  vl=0.565  ent=2.118  kl=0.0858  gn=2.031
step=267264  rew=+35.737  swp=25.2  map=0.9  trunc=0%  pl=-0.028  vl=0.625  ent=2.205  kl=0.1089  gn=1.257
step=267520  rew=+37.220  swp=28.8  map=0.9  trunc=0%  pl=-0.045  vl=0.291  ent=2.633  kl=0.1421  gn=1.038
step=267776  rew=+37.801  swp=29.8  map=0.7  trunc=0%  pl=-0.025  vl=0.337  ent=1.948  kl=0.0424  gn=1.258
step=268032  rew=+39.280  swp=30.2  map=0.8  trunc=0%  pl=-0.015  vl=0.283  ent=2.150  kl=0.0550  gn=1.138
step=268288  rew=+38.468  swp=28.4  map=1.6  trunc=0%  pl=-0.017  vl=0.773  ent=1.796  kl=0.0288  gn=1.794
step=268544  rew=+36.779  swp=26.9  map=1.8  trunc=0%  pl=-0.016  vl=0.459  ent=2.221  kl=0.0544  gn=1.330
step=268800  rew=+37.236  swp=26.1  map=1.1  trunc=0%  pl=0.028  vl=0.601  ent=1.745  kl=0.0518  gn=1.767
step=269056  rew=+35.536  swp=25.1  map=1.1  trunc=0%  pl=-0.034  vl=0.428  ent=1.675  kl=0.0368  gn=1.532
step=269312  rew=+36.282  swp=23.4  map=1.6  trunc=0%  pl=-0.011  vl=0.440  ent=1.728  kl=0.0438  gn=1.649
step=269568  rew=+36.086  swp=24.5  map=1.8  trunc=0%  pl=-0.036  vl=0.613  ent=1.900  kl=0.0671  gn=1.371
step=269824  rew=+37.451  swp=27.4  map=1.4  trunc=0%  pl=-0.011  vl=0.303  ent=1.895  kl=0.0608  gn=1.380
step=270080  rew=+39.110  swp=26.9  map=1.5  trunc=0%  pl=-0.030  vl=0.230  ent=2.025  kl=0.0818  gn=1.251
step=270336  rew=+37.030  swp=25.1  map=1.6  trunc=0%  pl=-0.012  vl=0.321  ent=2.088  kl=0.0860  gn=1.476
step=270592  rew=+35.770  swp=23.9  map=1.3  trunc=0%  pl=-0.012  vl=0.301  ent=2.059  kl=0.0750  gn=1.329
step=270848  rew=+37.246  swp=20.9  map=2.4  trunc=0%  pl=-0.007  vl=0.282  ent=1.840  kl=0.0633  gn=1.417
step=271104  rew=+39.302  swp=24.8  map=2.2  trunc=0%  pl=-0.001  vl=0.588  ent=2.239  kl=0.1051  gn=1.653
step=271360  rew=+40.360  swp=28.8  map=1.9  trunc=0%  pl=0.003  vl=0.491  ent=1.974  kl=0.0683  gn=1.704
step=271616  rew=+39.016  swp=28.6  map=1.8  trunc=0%  pl=-0.039  vl=0.411  ent=2.440  kl=0.1539  gn=1.114
step=271872  rew=+39.682  swp=28.0  map=1.9  trunc=0%  pl=-0.001  vl=0.506  ent=1.982  kl=0.0976  gn=1.436
step=272128  rew=+38.930  swp=26.9  map=2.6  trunc=0%  pl=-0.008  vl=0.493  ent=1.803  kl=0.0461  gn=1.715
step=272384  rew=+37.924  swp=24.4  map=3.8  trunc=0%  pl=-0.037  vl=0.383  ent=1.985  kl=0.0553  gn=1.502
step=272640  rew=+36.089  swp=25.2  map=3.8  trunc=0%  pl=-0.035  vl=0.280  ent=2.138  kl=0.1141  gn=1.101
step=272896  rew=+39.390  swp=30.9  map=2.8  trunc=0%  pl=-0.018  vl=0.266  ent=2.055  kl=0.0529  gn=1.315
step=273152  rew=+38.157  swp=28.6  map=2.1  trunc=0%  pl=-0.013  vl=0.373  ent=1.781  kl=0.0498  gn=1.532
step=273408  rew=+40.735  swp=27.4  map=2.5  trunc=0%  pl=-0.011  vl=0.601  ent=1.817  kl=0.0430  gn=1.757
step=273664  rew=+39.709  swp=24.6  map=2.4  trunc=0%  pl=0.006  vl=0.438  ent=1.809  kl=0.0566  gn=1.597
step=273920  rew=+38.687  swp=24.3  map=1.9  trunc=0%  pl=0.008  vl=0.294  ent=2.029  kl=0.0721  gn=1.895
step=274176  rew=+41.074  swp=27.7  map=2.1  trunc=0%  pl=-0.003  vl=0.264  ent=1.808  kl=0.0609  gn=1.512
step=274432  rew=+39.869  swp=27.6  map=2.5  trunc=0%  pl=-0.011  vl=0.440  ent=1.732  kl=0.0429  gn=1.470
step=274688  rew=+40.096  swp=30.1  map=1.9  trunc=0%  pl=-0.010  vl=0.334  ent=1.985  kl=0.0779  gn=1.476
step=274944  rew=+40.219  swp=29.6  map=1.8  trunc=0%  pl=-0.012  vl=0.351  ent=1.887  kl=0.0701  gn=1.381
step=275200  rew=+38.211  swp=27.8  map=1.6  trunc=0%  pl=-0.017  vl=0.262  ent=1.883  kl=0.0699  gn=1.220
step=275456  rew=+35.783  swp=25.7  map=1.3  trunc=0%  pl=-0.006  vl=0.195  ent=1.902  kl=0.0831  gn=1.391
step=275712  rew=+35.816  swp=29.9  map=1.1  trunc=0%  pl=-0.014  vl=0.251  ent=2.036  kl=0.0978  gn=1.347
step=275968  rew=+37.659  swp=33.5  map=1.1  trunc=0%  pl=-0.019  vl=0.296  ent=2.383  kl=0.1379  gn=1.773
step=276224  rew=+39.472  swp=33.9  map=1.2  trunc=0%  pl=-0.012  vl=0.496  ent=1.936  kl=0.0767  gn=1.628
step=276480  rew=+38.326  swp=33.5  map=0.7  trunc=0%  pl=-0.014  vl=0.347  ent=1.845  kl=0.0958  gn=1.800
step=276736  rew=+36.656  swp=27.8  map=0.8  trunc=0%  pl=0.025  vl=0.519  ent=1.802  kl=0.0915  gn=1.614
step=276992  rew=+37.770  swp=26.0  map=1.0  trunc=0%  pl=0.007  vl=0.605  ent=1.756  kl=0.0650  gn=1.503
step=277248  rew=+36.974  swp=24.9  map=1.2  trunc=0%  pl=-0.052  vl=0.299  ent=1.828  kl=0.1551  gn=1.262
step=277504  rew=+38.246  swp=27.4  map=1.3  trunc=0%  pl=-0.028  vl=0.257  ent=1.762  kl=0.0680  gn=1.551
step=277760  rew=+38.647  swp=26.9  map=1.3  trunc=0%  pl=-0.016  vl=0.297  ent=1.814  kl=0.0725  gn=1.357
step=278016  rew=+35.558  swp=27.0  map=0.7  trunc=0%  pl=0.003  vl=0.360  ent=1.619  kl=0.0651  gn=1.609
step=278272  rew=+35.562  swp=29.6  map=0.6  trunc=0%  pl=-0.030  vl=0.405  ent=1.594  kl=0.0864  gn=1.375
step=278528  rew=+37.913  swp=29.1  map=0.9  trunc=0%  pl=-0.036  vl=0.335  ent=1.979  kl=0.1524  gn=1.879
step=278784  rew=+39.644  swp=26.4  map=1.1  trunc=0%  pl=0.027  vl=0.577  ent=1.667  kl=0.0776  gn=2.256
step=279040  rew=+39.345  swp=24.7  map=1.2  trunc=0%  pl=-0.009  vl=0.380  ent=1.700  kl=0.1202  gn=1.678
step=279296  rew=+38.770  swp=27.2  map=1.2  trunc=0%  pl=-0.036  vl=0.675  ent=1.896  kl=0.1410  gn=1.977
step=279552  rew=+39.869  swp=31.5  map=1.0  trunc=0%  pl=-0.025  vl=0.310  ent=1.968  kl=0.1965  gn=1.363
step=279808  rew=+38.397  swp=33.5  map=0.6  trunc=0%  pl=0.019  vl=0.626  ent=1.774  kl=0.0986  gn=1.658
step=280064  rew=+35.307  swp=29.6  map=1.4  trunc=0%  pl=0.025  vl=0.305  ent=1.196  kl=0.0544  gn=1.489
step=280320  rew=+35.292  swp=28.1  map=1.6  trunc=0%  pl=-0.029  vl=0.173  ent=1.710  kl=0.0813  gn=1.240
step=280576  rew=+35.837  swp=26.5  map=1.2  trunc=0%  pl=-0.016  vl=0.405  ent=1.379  kl=0.0455  gn=2.472
step=280832  rew=+35.806  swp=24.2  map=1.2  trunc=0%  pl=-0.014  vl=0.335  ent=1.721  kl=0.0962  gn=1.511
step=281088  rew=+35.435  swp=26.4  map=1.2  trunc=0%  pl=-0.023  vl=0.476  ent=1.935  kl=0.1510  gn=1.442
step=281344  rew=+36.743  swp=29.4  map=1.1  trunc=0%  pl=-0.005  vl=0.339  ent=1.957  kl=0.1987  gn=2.235
step=281600  rew=+37.498  swp=28.9  map=1.4  trunc=0%  pl=0.001  vl=0.356  ent=1.601  kl=0.0559  gn=1.871
step=281856  rew=+37.808  swp=26.8  map=1.8  trunc=0%  pl=0.007  vl=0.330  ent=1.488  kl=0.0541  gn=1.640
step=282112  rew=+37.719  swp=27.4  map=1.6  trunc=0%  pl=-0.031  vl=0.280  ent=1.843  kl=0.1553  gn=1.079
step=282368  rew=+39.320  swp=30.2  map=1.7  trunc=0%  pl=-0.004  vl=0.531  ent=1.924  kl=0.0787  gn=1.673
step=282624  rew=+40.478  swp=31.9  map=1.1  trunc=0%  pl=-0.003  vl=0.462  ent=1.870  kl=0.1040  gn=1.541
step=282880  rew=+40.259  swp=30.0  map=1.1  trunc=0%  pl=-0.019  vl=0.272  ent=1.696  kl=0.0839  gn=1.292
step=283136  rew=+36.237  swp=25.7  map=2.1  trunc=0%  pl=-0.008  vl=0.318  ent=1.637  kl=0.0628  gn=1.670
step=283392  rew=+34.713  swp=25.2  map=1.8  trunc=0%  pl=-0.030  vl=0.233  ent=2.140  kl=0.2328  gn=1.456
step=283648  rew=+34.367  swp=27.4  map=0.9  trunc=0%  pl=0.007  vl=0.646  ent=1.783  kl=0.0720  gn=1.687
step=283904  rew=+35.314  swp=28.7  map=0.8  trunc=0%  pl=-0.009  vl=0.289  ent=1.780  kl=0.0742  gn=1.453
step=284160  rew=+35.243  swp=28.3  map=1.1  trunc=0%  pl=-0.017  vl=0.283  ent=1.932  kl=0.1578  gn=1.254
step=284416  rew=+37.738  swp=30.0  map=1.2  trunc=0%  pl=0.005  vl=0.305  ent=1.644  kl=0.0628  gn=1.691
step=284672  rew=+36.528  swp=28.6  map=1.4  trunc=0%  pl=-0.009  vl=0.393  ent=1.771  kl=0.0948  gn=1.694
step=284928  rew=+35.010  swp=24.4  map=0.9  trunc=0%  pl=0.016  vl=0.468  ent=1.760  kl=0.0701  gn=1.935
step=285184  rew=+37.572  swp=25.8  map=0.7  trunc=0%  pl=0.021  vl=0.356  ent=1.619  kl=0.0500  gn=1.670
step=285440  rew=+38.482  swp=26.6  map=0.3  trunc=0%  pl=-0.011  vl=0.460  ent=1.837  kl=0.0899  gn=1.708
step=285696  rew=+38.762  swp=27.4  map=0.4  trunc=0%  pl=-0.006  vl=0.338  ent=1.577  kl=0.0770  gn=1.278
step=285952  rew=+37.205  swp=27.6  map=0.7  trunc=0%  pl=-0.033  vl=0.270  ent=1.776  kl=0.0913  gn=1.523
step=286208  rew=+37.300  swp=28.5  map=0.7  trunc=0%  pl=-0.012  vl=0.254  ent=2.058  kl=0.1264  gn=1.400
step=286464  rew=+38.265  swp=31.0  map=0.6  trunc=0%  pl=-0.007  vl=0.198  ent=1.864  kl=0.1112  gn=1.469
step=286720  rew=+38.889  swp=29.1  map=0.5  trunc=0%  pl=0.014  vl=0.554  ent=1.571  kl=0.0603  gn=2.023
step=286976  rew=+38.059  swp=27.6  map=0.8  trunc=0%  pl=-0.021  vl=0.282  ent=1.817  kl=0.1120  gn=1.723
step=287232  rew=+36.725  swp=27.4  map=0.8  trunc=0%  pl=0.027  vl=0.340  ent=1.379  kl=0.0768  gn=2.098
step=287488  rew=+36.428  swp=26.9  map=1.2  trunc=0%  pl=-0.007  vl=0.478  ent=1.577  kl=0.0773  gn=1.824
step=287744  rew=+37.124  swp=26.2  map=1.1  trunc=0%  pl=0.021  vl=0.332  ent=1.555  kl=0.0777  gn=1.741
step=288000  rew=+37.666  swp=27.4  map=0.8  trunc=0%  pl=-0.027  vl=0.194  ent=1.872  kl=0.1313  gn=1.314
step=288256  rew=+38.782  swp=28.1  map=0.8  trunc=0%  pl=-0.016  vl=0.350  ent=1.732  kl=0.0993  gn=2.032
step=288512  rew=+38.110  swp=28.5  map=0.8  trunc=0%  pl=-0.019  vl=0.377  ent=1.841  kl=0.1375  gn=1.035
step=288768  rew=+38.087  swp=28.4  map=0.6  trunc=0%  pl=-0.002  vl=0.346  ent=1.734  kl=0.1160  gn=1.746
step=289024  rew=+36.758  swp=28.4  map=0.2  trunc=0%  pl=-0.001  vl=0.354  ent=1.883  kl=0.1064  gn=1.520
step=289280  rew=+37.101  swp=28.0  map=0.1  trunc=0%  pl=-0.008  vl=0.344  ent=1.833  kl=0.1318  gn=1.302
step=289536  rew=+39.036  swp=28.6  map=0.1  trunc=0%  pl=0.024  vl=0.441  ent=1.803  kl=0.0765  gn=1.884
step=289792  rew=+37.839  swp=28.7  map=0.1  trunc=0%  pl=-0.012  vl=0.469  ent=1.467  kl=0.0994  gn=1.499
step=290048  rew=+37.985  swp=28.6  map=0.1  trunc=0%  pl=-0.005  vl=0.366  ent=1.802  kl=0.1210  gn=1.517
step=290304  rew=+38.823  swp=32.0  map=0.1  trunc=0%  pl=0.017  vl=0.453  ent=1.434  kl=0.0643  gn=1.729
step=290560  rew=+39.966  swp=33.5  map=0.2  trunc=0%  pl=-0.013  vl=0.293  ent=1.884  kl=0.1179  gn=1.452
step=290816  rew=+39.919  swp=33.1  map=0.2  trunc=0%  pl=0.020  vl=0.408  ent=1.829  kl=0.1295  gn=1.463
step=291072  rew=+38.122  swp=29.9  map=0.1  trunc=0%  pl=-0.016  vl=0.267  ent=1.524  kl=0.0582  gn=1.473
step=291328  rew=+37.565  swp=28.6  map=0.1  trunc=0%  pl=0.011  vl=0.365  ent=1.691  kl=0.0668  gn=1.387
step=291584  rew=+35.346  swp=27.2  map=0.1  trunc=0%  pl=-0.006  vl=0.229  ent=1.763  kl=0.0817  gn=1.379
step=291840  rew=+34.954  swp=27.1  map=0.1  trunc=0%  pl=0.009  vl=0.438  ent=1.522  kl=0.0374  gn=1.881
step=292096  rew=+36.483  swp=27.4  map=0.0  trunc=0%  pl=0.017  vl=0.300  ent=1.633  kl=0.0471  gn=2.198
step=292352  rew=+39.265  swp=27.8  map=0.1  trunc=0%  pl=-0.028  vl=0.299  ent=1.889  kl=0.0900  gn=1.582
step=292608  rew=+39.725  swp=29.2  map=0.2  trunc=0%  pl=-0.025  vl=0.244  ent=1.921  kl=0.1081  gn=1.016
step=292864  rew=+37.557  swp=27.5  map=0.2  trunc=0%  pl=0.003  vl=0.366  ent=1.691  kl=0.0807  gn=1.496
step=293120  rew=+36.134  swp=28.6  map=0.2  trunc=0%  pl=-0.051  vl=0.208  ent=1.911  kl=0.1876  gn=1.300
step=293376  rew=+37.165  swp=29.9  map=0.1  trunc=0%  pl=-0.003  vl=0.318  ent=2.012  kl=0.1645  gn=1.469
step=293632  rew=+38.511  swp=31.1  map=0.3  trunc=0%  pl=-0.002  vl=0.590  ent=1.655  kl=0.0564  gn=1.399
step=293888  rew=+37.459  swp=31.2  map=0.3  trunc=0%  pl=-0.021  vl=0.479  ent=1.685  kl=0.0439  gn=1.356
step=294144  rew=+36.593  swp=31.0  map=0.2  trunc=0%  pl=-0.044  vl=0.126  ent=2.218  kl=0.1263  gn=1.258
step=294400  rew=+37.186  swp=32.7  map=0.1  trunc=0%  pl=-0.008  vl=0.484  ent=2.005  kl=0.0548  gn=1.619
step=294656  rew=+35.312  swp=29.8  map=0.3  trunc=0%  pl=0.001  vl=0.482  ent=1.632  kl=0.0332  gn=1.799
step=294912  rew=+37.350  swp=30.2  map=0.3  trunc=0%  pl=0.003  vl=0.421  ent=1.881  kl=0.0348  gn=1.492
step=295168  rew=+38.293  swp=28.4  map=0.3  trunc=0%  pl=0.011  vl=0.344  ent=1.639  kl=0.0537  gn=1.577
step=295424  rew=+38.714  swp=29.5  map=0.3  trunc=0%  pl=-0.025  vl=0.246  ent=1.657  kl=0.0436  gn=1.345
step=295680  rew=+36.148  swp=27.6  map=0.6  trunc=0%  pl=-0.045  vl=0.157  ent=1.827  kl=0.1382  gn=1.199
step=295936  rew=+35.894  swp=27.4  map=0.5  trunc=0%  pl=-0.034  vl=0.396  ent=1.840  kl=0.0928  gn=1.369
step=296192  rew=+38.661  swp=30.4  map=0.3  trunc=0%  pl=-0.028  vl=0.289  ent=1.940  kl=0.1112  gn=1.460
step=296448  rew=+39.638  swp=31.6  map=0.1  trunc=0%  pl=-0.007  vl=0.326  ent=1.629  kl=0.0621  gn=1.431
step=296704  rew=+36.482  swp=29.6  map=0.1  trunc=0%  pl=0.024  vl=0.432  ent=1.717  kl=0.0611  gn=1.550
step=296960  rew=+36.850  swp=29.9  map=0.4  trunc=0%  pl=0.003  vl=0.573  ent=1.659  kl=0.0500  gn=1.825
step=297216  rew=+39.830  swp=30.0  map=0.5  trunc=0%  pl=-0.013  vl=0.420  ent=1.741  kl=0.0636  gn=1.533
step=297472  rew=+40.777  swp=27.5  map=0.2  trunc=0%  pl=-0.018  vl=0.258  ent=1.632  kl=0.0503  gn=1.995
step=297728  rew=+39.653  swp=26.2  map=0.1  trunc=0%  pl=-0.026  vl=0.306  ent=1.703  kl=0.0871  gn=1.760
step=297984  rew=+39.535  swp=27.8  map=0.1  trunc=0%  pl=-0.016  vl=0.277  ent=1.749  kl=0.1079  gn=1.405
step=298240  rew=+38.562  swp=26.4  map=0.4  trunc=0%  pl=-0.017  vl=0.319  ent=1.530  kl=0.0829  gn=1.584
step=298496  rew=+40.698  swp=29.1  map=0.3  trunc=0%  pl=-0.027  vl=0.403  ent=2.027  kl=0.2991  gn=1.725
step=298752  rew=+38.878  swp=30.8  map=0.1  trunc=0%  pl=-0.025  vl=0.289  ent=1.764  kl=0.1082  gn=1.357
step=299008  rew=+38.820  swp=32.5  map=0.2  trunc=0%  pl=-0.004  vl=0.541  ent=1.624  kl=0.0708  gn=1.912
step=299264  rew=+40.399  swp=30.9  map=0.6  trunc=0%  pl=0.003  vl=0.488  ent=1.624  kl=0.0596  gn=1.732
step=299520  rew=+38.765  swp=29.1  map=0.6  trunc=0%  pl=0.029  vl=0.349  ent=1.536  kl=0.0995  gn=1.876
step=299776  rew=+38.206  swp=30.0  map=0.3  trunc=0%  pl=0.013  vl=0.299  ent=1.655  kl=0.1376  gn=1.428
step=300032  rew=+37.945  swp=31.4  map=0.5  trunc=0%  pl=-0.019  vl=0.446  ent=1.768  kl=0.2612  gn=2.110
step=300288  rew=+34.862  swp=27.6  map=0.4  trunc=0%  pl=0.004  vl=0.320  ent=1.310  kl=0.0553  gn=1.756
step=300544  rew=+35.939  swp=27.4  map=0.2  trunc=0%  pl=0.018  vl=0.399  ent=1.443  kl=0.0735  gn=1.378
step=300800  rew=+37.077  swp=26.9  map=0.1  trunc=0%  pl=-0.028  vl=0.289  ent=1.706  kl=0.1762  gn=1.205
step=301056  rew=+35.368  swp=26.3  map=0.2  trunc=0%  pl=-0.020  vl=0.271  ent=1.675  kl=0.1731  gn=1.584
step=301312  rew=+36.252  swp=27.0  map=0.2  trunc=0%  pl=0.009  vl=0.500  ent=1.520  kl=0.0892  gn=1.450
step=301568  rew=+36.428  swp=24.2  map=0.7  trunc=0%  pl=-0.028  vl=0.115  ent=1.503  kl=0.0949  gn=1.033
step=301824  rew=+36.687  swp=23.1  map=0.9  trunc=0%  pl=-0.023  vl=0.198  ent=1.617  kl=0.1070  gn=1.273
step=302080  rew=+38.183  swp=26.7  map=0.7  trunc=0%  pl=0.008  vl=0.553  ent=1.675  kl=0.1268  gn=1.625
step=302336  rew=+37.245  swp=27.0  map=1.0  trunc=0%  pl=0.010  vl=0.345  ent=1.255  kl=0.0333  gn=1.827
step=302592  rew=+38.490  swp=27.0  map=1.4  trunc=0%  pl=-0.032  vl=0.320  ent=1.682  kl=0.1055  gn=1.869
step=302848  rew=+39.237  swp=27.9  map=1.1  trunc=0%  pl=-0.025  vl=0.390  ent=1.598  kl=0.0845  gn=1.584
step=303104  rew=+39.043  swp=30.4  map=0.8  trunc=0%  pl=-0.010  vl=0.354  ent=2.000  kl=0.2511  gn=1.508
step=303360  rew=+38.070  swp=29.4  map=0.7  trunc=0%  pl=-0.016  vl=0.397  ent=1.908  kl=0.1542  gn=1.966
step=303616  rew=+42.017  swp=33.0  map=0.7  trunc=0%  pl=-0.028  vl=0.471  ent=1.952  kl=0.1853  gn=1.944
step=303872  rew=+41.156  swp=31.6  map=0.8  trunc=0%  pl=0.032  vl=0.342  ent=1.174  kl=0.0473  gn=1.685
step=304128  rew=+39.391  swp=31.2  map=0.3  trunc=0%  pl=-0.011  vl=0.263  ent=2.009  kl=0.1675  gn=1.510
step=304384  rew=+38.711  swp=32.0  map=0.3  trunc=0%  pl=-0.004  vl=0.587  ent=1.433  kl=0.0767  gn=1.730
step=304640  rew=+37.811  swp=29.1  map=0.5  trunc=0%  pl=-0.021  vl=0.253  ent=1.788  kl=0.1715  gn=1.616
step=304896  rew=+36.762  swp=27.1  map=0.5  trunc=0%  pl=0.008  vl=0.459  ent=1.423  kl=0.0623  gn=2.158
step=305152  rew=+39.051  swp=27.4  map=0.3  trunc=0%  pl=-0.013  vl=0.374  ent=1.587  kl=0.1113  gn=1.880
step=305408  rew=+40.770  swp=29.3  map=0.2  trunc=0%  pl=-0.012  vl=0.468  ent=1.942  kl=0.1766  gn=1.827
step=305664  rew=+41.797  swp=34.3  map=0.2  trunc=0%  pl=0.018  vl=0.643  ent=1.886  kl=0.1311  gn=2.215
step=305920  rew=+41.363  swp=35.4  map=0.2  trunc=0%  pl=0.001  vl=0.421  ent=1.624  kl=0.0708  gn=2.093
step=306176  rew=+41.665  swp=35.5  map=0.2  trunc=0%  pl=-0.020  vl=0.522  ent=1.707  kl=0.1113  gn=1.791
step=306432  rew=+37.030  swp=29.4  map=0.4  trunc=0%  pl=0.004  vl=0.244  ent=1.497  kl=0.0959  gn=1.394
step=306688  rew=+37.940  swp=28.9  map=0.4  trunc=0%  pl=-0.024  vl=0.189  ent=1.921  kl=0.1483  gn=1.051
step=306944  rew=+36.759  swp=28.6  map=0.3  trunc=0%  pl=-0.019  vl=0.284  ent=1.425  kl=0.0682  gn=1.532
step=307200  rew=+36.191  swp=25.2  map=0.6  trunc=0%  pl=-0.023  vl=0.229  ent=1.870  kl=0.1591  gn=1.257
step=307456  rew=+40.416  swp=28.9  map=0.5  trunc=0%  pl=-0.022  vl=0.194  ent=1.647  kl=0.1518  gn=1.388
step=307712  rew=+39.705  swp=29.6  map=0.5  trunc=0%  pl=-0.000  vl=0.254  ent=1.569  kl=0.0772  gn=1.525
step=307968  rew=+38.821  swp=28.4  map=0.5  trunc=0%  pl=0.007  vl=0.400  ent=1.294  kl=0.0494  gn=2.180
step=308224  rew=+39.881  swp=28.8  map=0.3  trunc=0%  pl=-0.003  vl=0.395  ent=1.764  kl=0.1362  gn=2.595
step=308480  rew=+40.133  swp=29.3  map=0.7  trunc=0%  pl=-0.009  vl=0.381  ent=1.400  kl=0.0634  gn=1.668
step=308736  rew=+39.701  swp=28.4  map=0.6  trunc=0%  pl=-0.003  vl=0.391  ent=1.736  kl=0.1080  gn=1.434
step=308992  rew=+37.338  swp=27.6  map=0.3  trunc=0%  pl=-0.002  vl=0.319  ent=1.674  kl=0.1124  gn=1.807
step=309248  rew=+36.762  swp=27.6  map=0.3  trunc=0%  pl=0.036  vl=0.735  ent=1.601  kl=0.0881  gn=2.132
step=309504  rew=+38.080  swp=30.4  map=0.2  trunc=0%  pl=-0.025  vl=0.224  ent=1.782  kl=0.1138  gn=1.426
step=309760  rew=+37.923  swp=29.6  map=0.3  trunc=0%  pl=-0.010  vl=0.211  ent=1.653  kl=0.0959  gn=1.481
step=310016  rew=+36.023  swp=24.8  map=0.5  trunc=0%  pl=-0.015  vl=0.314  ent=1.511  kl=0.0849  gn=1.402
step=310272  rew=+36.232  swp=25.1  map=0.7  trunc=0%  pl=-0.020  vl=0.318  ent=1.601  kl=0.1280  gn=1.202
step=310528  rew=+38.483  swp=26.1  map=0.6  trunc=0%  pl=-0.004  vl=0.279  ent=1.454  kl=0.0575  gn=1.580
step=310784  rew=+39.513  swp=26.1  map=0.6  trunc=0%  pl=-0.024  vl=0.315  ent=1.748  kl=0.2744  gn=1.743
step=311040  rew=+40.477  swp=28.4  map=0.5  trunc=0%  pl=0.001  vl=0.428  ent=1.845  kl=0.1974  gn=1.523
step=311296  rew=+38.165  swp=28.6  map=0.5  trunc=0%  pl=-0.014  vl=0.260  ent=1.519  kl=0.1005  gn=1.475
step=311552  rew=+38.142  swp=28.4  map=0.2  trunc=0%  pl=0.011  vl=0.242  ent=1.779  kl=0.1472  gn=1.754
step=311808  rew=+38.777  swp=28.7  map=0.4  trunc=0%  pl=0.010  vl=0.517  ent=1.733  kl=0.1865  gn=1.529
step=312064  rew=+35.662  swp=27.6  map=0.4  trunc=0%  pl=0.001  vl=0.397  ent=1.485  kl=0.0888  gn=1.427
step=312320  rew=+37.166  swp=28.6  map=0.1  trunc=0%  pl=-0.026  vl=0.200  ent=1.667  kl=0.1620  gn=1.467
step=312576  rew=+39.720  swp=30.2  map=0.1  trunc=0%  pl=-0.006  vl=0.261  ent=1.666  kl=0.1518  gn=1.574
step=312832  rew=+40.629  swp=29.9  map=0.0  trunc=0%  pl=-0.013  vl=0.360  ent=1.574  kl=0.1851  gn=1.922
step=313088  rew=+39.606  swp=30.9  map=0.0  trunc=0%  pl=-0.022  vl=0.293  ent=1.689  kl=0.2102  gn=1.846
step=313344  rew=+36.584  swp=29.4  map=0.1  trunc=0%  pl=-0.008  vl=0.277  ent=1.726  kl=0.1869  gn=1.375
step=313600  rew=+35.708  swp=30.4  map=0.2  trunc=0%  pl=-0.013  vl=0.593  ent=1.708  kl=0.1643  gn=2.006
step=313856  rew=+37.789  swp=30.2  map=0.3  trunc=0%  pl=0.022  vl=0.429  ent=1.354  kl=0.1171  gn=2.407
step=314112  rew=+37.185  swp=28.6  map=0.2  trunc=0%  pl=-0.009  vl=0.478  ent=1.506  kl=0.1405  gn=1.865
step=314368  rew=+34.314  swp=28.4  map=0.0  trunc=0%  pl=-0.024  vl=0.447  ent=1.676  kl=0.2696  gn=1.683
step=314624  rew=+36.166  swp=30.1  map=0.1  trunc=0%  pl=-0.027  vl=0.537  ent=1.830  kl=0.1911  gn=1.666
step=314880  rew=+39.130  swp=30.4  map=0.5  trunc=0%  pl=-0.009  vl=0.328  ent=1.473  kl=0.0832  gn=1.726
step=315136  rew=+38.052  swp=29.7  map=0.5  trunc=0%  pl=-0.017  vl=0.261  ent=1.363  kl=0.0908  gn=1.853
step=315392  rew=+37.577  swp=27.9  map=0.1  trunc=0%  pl=-0.032  vl=0.163  ent=1.853  kl=0.1982  gn=1.420
step=315648  rew=+36.016  swp=25.4  map=0.2  trunc=0%  pl=-0.015  vl=0.332  ent=1.506  kl=0.1008  gn=1.434
step=315904  rew=+36.744  swp=27.4  map=0.3  trunc=0%  pl=0.020  vl=0.442  ent=1.564  kl=0.1043  gn=1.902
step=316160  rew=+35.615  swp=26.3  map=0.4  trunc=0%  pl=-0.002  vl=0.227  ent=1.416  kl=0.0961  gn=1.620
step=316416  rew=+35.277  swp=28.1  map=0.4  trunc=0%  pl=0.016  vl=0.433  ent=1.917  kl=0.3427  gn=2.118
step=316672  rew=+37.092  swp=31.4  map=0.3  trunc=0%  pl=-0.032  vl=0.227  ent=1.550  kl=0.1005  gn=1.462
step=316928  rew=+33.945  swp=27.0  map=0.5  trunc=0%  pl=-0.020  vl=0.530  ent=1.215  kl=0.0838  gn=2.877
step=317184  rew=+33.562  swp=24.2  map=0.5  trunc=0%  pl=-0.009  vl=0.486  ent=1.742  kl=0.1256  gn=2.052
step=317440  rew=+36.359  swp=25.8  map=0.3  trunc=0%  pl=0.017  vl=0.336  ent=1.412  kl=0.1090  gn=1.737
step=317696  rew=+35.176  swp=26.7  map=0.1  trunc=0%  pl=-0.025  vl=0.397  ent=1.626  kl=0.1530  gn=1.644
step=317952  rew=+35.653  swp=28.2  map=0.1  trunc=0%  pl=-0.006  vl=0.359  ent=1.573  kl=0.1882  gn=1.771
step=318208  rew=+34.419  swp=27.3  map=0.1  trunc=0%  pl=0.001  vl=0.473  ent=1.528  kl=0.1810  gn=1.660
step=318464  rew=+35.885  swp=30.8  map=0.1  trunc=0%  pl=-0.032  vl=0.276  ent=1.850  kl=0.2426  gn=1.878
step=318720  rew=+34.867  swp=28.8  map=0.2  trunc=0%  pl=0.016  vl=0.558  ent=1.161  kl=0.0864  gn=3.029
step=318976  rew=+34.843  swp=26.5  map=0.3  trunc=0%  pl=0.002  vl=0.491  ent=1.774  kl=0.1793  gn=2.094
step=319232  rew=+35.008  swp=25.3  map=0.1  trunc=0%  pl=0.005  vl=0.332  ent=1.456  kl=0.1229  gn=2.097
step=319488  rew=+36.675  swp=26.4  map=0.1  trunc=0%  pl=0.018  vl=0.280  ent=1.563  kl=0.1815  gn=1.622
step=319744  rew=+37.667  swp=28.1  map=0.0  trunc=0%  pl=0.008  vl=0.602  ent=1.555  kl=0.1649  gn=2.350
step=320000  rew=+39.652  swp=31.2  map=0.1  trunc=0%  pl=-0.010  vl=0.332  ent=1.550  kl=0.2144  gn=1.476
step=320256  rew=+39.800  swp=29.5  map=0.1  trunc=0%  pl=-0.026  vl=0.131  ent=1.574  kl=0.2298  gn=1.234
step=320512  rew=+38.733  swp=29.9  map=0.1  trunc=0%  pl=-0.010  vl=0.353  ent=1.585  kl=0.1542  gn=1.422
step=320768  rew=+38.002  swp=28.4  map=0.1  trunc=0%  pl=-0.002  vl=0.286  ent=1.696  kl=0.2237  gn=1.568
step=321024  rew=+38.576  swp=29.5  map=0.1  trunc=0%  pl=0.007  vl=0.470  ent=1.776  kl=0.3287  gn=1.711
step=321280  rew=+37.310  swp=28.4  map=0.1  trunc=0%  pl=-0.008  vl=0.309  ent=1.367  kl=0.1643  gn=1.432
step=321536  rew=+37.048  swp=27.1  map=0.1  trunc=0%  pl=-0.000  vl=0.359  ent=1.788  kl=0.3246  gn=1.571
step=321792  rew=+34.620  swp=26.6  map=0.2  trunc=0%  pl=0.010  vl=0.289  ent=1.440  kl=0.1657  gn=1.707
step=322048  rew=+32.798  swp=26.1  map=0.1  trunc=0%  pl=-0.002  vl=0.483  ent=1.593  kl=0.2657  gn=1.660
step=322304  rew=+35.839  swp=30.0  map=0.0  trunc=0%  pl=-0.006  vl=0.196  ent=1.870  kl=0.4542  gn=1.589
step=322560  rew=+37.716  swp=30.1  map=0.1  trunc=0%  pl=0.001  vl=0.248  ent=1.184  kl=0.2232  gn=1.106
step=322816  rew=+36.268  swp=25.9  map=0.1  trunc=0%  pl=-0.036  vl=0.330  ent=1.477  kl=0.2105  gn=0.939
step=323072  rew=+38.621  swp=30.6  map=0.0  trunc=0%  pl=0.011  vl=0.271  ent=1.870  kl=0.2713  gn=1.201
step=323328  rew=+37.563  swp=31.6  map=0.0  trunc=0%  pl=-0.011  vl=0.311  ent=1.402  kl=0.1359  gn=1.510
step=323584  rew=+37.208  swp=29.7  map=0.1  trunc=0%  pl=-0.013  vl=0.305  ent=1.786  kl=0.2588  gn=1.657
step=323840  rew=+39.247  swp=31.9  map=0.1  trunc=0%  pl=-0.034  vl=0.339  ent=2.085  kl=0.3680  gn=2.055
step=324096  rew=+41.350  swp=35.1  map=0.1  trunc=0%  pl=-0.013  vl=0.518  ent=1.875  kl=0.2202  gn=1.899
step=324352  rew=+38.721  swp=30.7  map=0.1  trunc=0%  pl=-0.041  vl=0.416  ent=1.702  kl=0.2019  gn=1.518
step=324608  rew=+38.284  swp=30.3  map=0.1  trunc=0%  pl=-0.006  vl=0.476  ent=1.926  kl=0.2208  gn=1.906
step=324864  rew=+37.274  swp=28.8  map=0.1  trunc=0%  pl=-0.009  vl=0.441  ent=1.624  kl=0.1143  gn=1.403
step=325120  rew=+36.944  swp=29.3  map=0.0  trunc=0%  pl=-0.004  vl=0.438  ent=1.545  kl=0.0916  gn=1.819
step=325376  rew=+37.279  swp=29.8  map=0.1  trunc=0%  pl=-0.028  vl=0.353  ent=1.880  kl=0.1395  gn=1.632
step=325632  rew=+38.240  swp=28.9  map=0.1  trunc=0%  pl=-0.001  vl=0.278  ent=1.477  kl=0.1223  gn=1.484
step=325888  rew=+36.554  swp=26.9  map=0.0  trunc=0%  pl=-0.002  vl=0.746  ent=1.172  kl=0.0691  gn=1.783
step=326144  rew=+35.492  swp=25.9  map=0.1  trunc=0%  pl=-0.043  vl=0.160  ent=1.694  kl=0.3138  gn=1.243
step=326400  rew=+35.929  swp=26.1  map=0.1  trunc=0%  pl=0.022  vl=0.382  ent=1.569  kl=0.1360  gn=1.545
step=326656  rew=+35.297  swp=25.9  map=0.0  trunc=0%  pl=-0.038  vl=0.419  ent=1.769  kl=0.2828  gn=1.468
step=326912  rew=+34.884  swp=27.7  map=0.0  trunc=0%  pl=-0.018  vl=0.421  ent=1.649  kl=0.1834  gn=1.803
step=327168  rew=+35.329  swp=28.1  map=0.0  trunc=0%  pl=0.014  vl=0.365  ent=1.553  kl=0.1898  gn=2.366
step=327424  rew=+35.608  swp=31.4  map=0.1  trunc=0%  pl=-0.011  vl=0.260  ent=1.694  kl=0.1618  gn=1.869
step=327680  rew=+36.472  swp=31.1  map=0.1  trunc=0%  pl=0.010  vl=0.395  ent=1.436  kl=0.1216  gn=1.932
step=327936  rew=+35.202  swp=30.2  map=0.0  trunc=0%  pl=0.011  vl=0.425  ent=1.436  kl=0.1514  gn=1.629
step=328192  rew=+36.824  swp=27.1  map=0.0  trunc=0%  pl=-0.010  vl=0.290  ent=1.574  kl=0.1356  gn=2.089
step=328448  rew=+39.431  swp=28.7  map=0.0  trunc=0%  pl=-0.005  vl=0.168  ent=1.991  kl=0.3508  gn=1.811
step=328704  rew=+41.019  swp=32.5  map=0.0  trunc=0%  pl=-0.021  vl=0.196  ent=1.715  kl=0.2511  gn=1.480
step=328960  rew=+38.337  swp=29.0  map=0.0  trunc=0%  pl=-0.009  vl=0.263  ent=1.488  kl=0.1419  gn=1.210
step=329216  rew=+36.280  swp=26.6  map=0.0  trunc=0%  pl=-0.001  vl=0.204  ent=1.487  kl=0.2370  gn=1.365
step=329472  rew=+35.870  swp=27.0  map=0.0  trunc=0%  pl=-0.019  vl=0.223  ent=1.837  kl=0.2311  gn=1.385
step=329728  rew=+38.014  swp=28.4  map=0.0  trunc=0%  pl=-0.010  vl=0.284  ent=1.594  kl=0.1545  gn=1.423
step=329984  rew=+39.033  swp=27.9  map=0.0  trunc=0%  pl=0.025  vl=0.430  ent=1.125  kl=0.0588  gn=2.321
step=330240  rew=+35.209  swp=26.6  map=0.0  trunc=0%  pl=0.008  vl=0.494  ent=1.375  kl=0.0899  gn=2.482
step=330496  rew=+36.631  swp=27.9  map=0.1  trunc=0%  pl=-0.013  vl=0.508  ent=1.589  kl=0.1558  gn=2.596
step=330752  rew=+37.877  swp=30.1  map=0.1  trunc=0%  pl=0.018  vl=0.560  ent=1.993  kl=0.1901  gn=2.443
step=331008  rew=+39.926  swp=31.9  map=0.0  trunc=0%  pl=0.023  vl=0.358  ent=1.855  kl=0.1403  gn=1.883
step=331264  rew=+40.774  swp=34.4  map=0.0  trunc=0%  pl=-0.000  vl=0.435  ent=1.800  kl=0.1877  gn=1.505
step=331520  rew=+40.749  swp=31.4  map=0.0  trunc=0%  pl=0.006  vl=0.492  ent=1.663  kl=0.1311  gn=1.920
step=331776  rew=+34.623  swp=26.2  map=0.0  trunc=0%  pl=-0.012  vl=0.332  ent=1.471  kl=0.1207  gn=1.710
step=332032  rew=+31.464  swp=24.3  map=0.0  trunc=0%  pl=-0.000  vl=0.647  ent=1.387  kl=0.1344  gn=2.593
step=332288  rew=+35.005  swp=27.4  map=0.0  trunc=0%  pl=-0.009  vl=0.629  ent=1.445  kl=0.1552  gn=2.164
step=332544  rew=+35.350  swp=28.1  map=0.1  trunc=0%  pl=-0.003  vl=0.419  ent=1.290  kl=0.1232  gn=1.365
step=332800  rew=+36.589  swp=28.4  map=0.1  trunc=0%  pl=-0.008  vl=0.345  ent=1.358  kl=0.1067  gn=1.810
step=333056  rew=+38.344  swp=30.6  map=0.1  trunc=0%  pl=0.003  vl=0.332  ent=1.465  kl=0.1820  gn=1.524
step=333312  rew=+36.401  swp=27.9  map=0.0  trunc=0%  pl=0.011  vl=0.303  ent=1.687  kl=0.3323  gn=1.748
step=333568  rew=+36.598  swp=29.1  map=0.0  trunc=0%  pl=-0.006  vl=0.395  ent=1.593  kl=0.2096  gn=1.400
step=333824  rew=+37.878  swp=28.4  map=0.1  trunc=0%  pl=0.016  vl=0.308  ent=1.418  kl=0.1701  gn=2.032
step=334080  rew=+38.349  swp=30.9  map=0.2  trunc=0%  pl=-0.008  vl=0.787  ent=1.475  kl=0.1837  gn=2.501
step=334336  rew=+36.814  swp=29.2  map=0.2  trunc=0%  pl=0.018  vl=0.223  ent=1.552  kl=0.2612  gn=1.814
step=334592  rew=+36.200  swp=30.1  map=0.1  trunc=0%  pl=-0.001  vl=0.344  ent=1.532  kl=0.1521  gn=1.455
step=334848  rew=+38.313  swp=32.3  map=0.0  trunc=0%  pl=-0.032  vl=0.320  ent=1.631  kl=0.1844  gn=1.343
step=335104  rew=+38.713  swp=29.5  map=0.0  trunc=0%  pl=-0.015  vl=0.593  ent=1.439  kl=0.1387  gn=2.057
step=335360  rew=+40.747  swp=31.5  map=0.0  trunc=0%  pl=0.008  vl=0.306  ent=2.065  kl=0.1798  gn=2.737
step=335616  rew=+40.013  swp=32.8  map=0.1  trunc=0%  pl=0.032  vl=0.504  ent=1.532  kl=0.1463  gn=1.996
step=335872  rew=+37.382  swp=32.6  map=0.1  trunc=0%  pl=-0.013  vl=0.498  ent=1.425  kl=0.1123  gn=1.928
step=336128  rew=+36.755  swp=32.4  map=0.1  trunc=0%  pl=-0.017  vl=0.291  ent=2.048  kl=0.3768  gn=1.700
step=336384  rew=+37.524  swp=32.5  map=0.1  trunc=0%  pl=-0.010  vl=0.301  ent=1.379  kl=0.1141  gn=2.202
step=336640  rew=+38.800  swp=33.8  map=0.1  trunc=0%  pl=-0.014  vl=0.376  ent=1.907  kl=0.2138  gn=1.707
step=336896  rew=+39.415  swp=32.6  map=0.1  trunc=0%  pl=-0.005  vl=0.391  ent=1.927  kl=0.1479  gn=1.787
step=337152  rew=+39.132  swp=33.5  map=0.0  trunc=0%  pl=0.022  vl=0.649  ent=1.581  kl=0.1306  gn=2.137
step=337408  rew=+39.356  swp=32.3  map=0.0  trunc=0%  pl=-0.019  vl=0.454  ent=1.840  kl=0.2058  gn=1.832
step=337664  rew=+37.387  swp=32.5  map=0.0  trunc=0%  pl=0.011  vl=0.271  ent=1.775  kl=0.1667  gn=1.147
step=337920  rew=+38.518  swp=30.6  map=0.0  trunc=0%  pl=-0.016  vl=0.321  ent=1.660  kl=0.2190  gn=1.731
step=338176  rew=+41.830  swp=33.5  map=0.0  trunc=0%  pl=-0.004  vl=0.278  ent=1.773  kl=0.1595  gn=1.981
step=338432  rew=+38.320  swp=28.8  map=0.0  trunc=0%  pl=-0.011  vl=0.336  ent=1.529  kl=0.1113  gn=1.889
step=338688  rew=+37.379  swp=28.6  map=0.0  trunc=0%  pl=0.005  vl=0.307  ent=1.749  kl=0.3604  gn=2.445
step=338944  rew=+38.766  swp=32.5  map=0.0  trunc=0%  pl=0.017  vl=0.203  ent=1.609  kl=0.1253  gn=1.627
step=339200  rew=+39.685  swp=33.6  map=0.0  trunc=0%  pl=0.004  vl=0.291  ent=1.380  kl=0.0748  gn=1.911
step=339456  rew=+36.542  swp=27.1  map=0.1  trunc=0%  pl=-0.016  vl=0.280  ent=1.352  kl=0.1657  gn=1.962
step=339712  rew=+35.457  swp=27.3  map=0.1  trunc=0%  pl=0.009  vl=0.451  ent=1.728  kl=0.2094  gn=2.169
step=339968  rew=+35.712  swp=27.4  map=0.1  trunc=0%  pl=-0.002  vl=0.536  ent=1.737  kl=0.2264  gn=2.525
step=340224  rew=+36.348  swp=30.2  map=0.1  trunc=0%  pl=-0.012  vl=0.404  ent=2.076  kl=0.2556  gn=2.255
step=340480  rew=+35.997  swp=27.9  map=0.0  trunc=0%  pl=-0.015  vl=0.328  ent=1.455  kl=0.1102  gn=1.646
step=340736  rew=+35.957  swp=31.2  map=0.0  trunc=0%  pl=-0.001  vl=0.533  ent=2.109  kl=0.3668  gn=2.123
step=340992  rew=+37.163  swp=31.9  map=0.0  trunc=0%  pl=-0.001  vl=0.405  ent=1.402  kl=0.1260  gn=1.746
step=341248  rew=+36.926  swp=27.7  map=0.0  trunc=0%  pl=0.002  vl=0.556  ent=1.318  kl=0.1165  gn=2.762
step=341504  rew=+37.896  swp=26.7  map=0.1  trunc=0%  pl=-0.022  vl=0.370  ent=1.620  kl=0.3091  gn=2.299
step=341760  rew=+37.860  swp=28.3  map=0.1  trunc=0%  pl=-0.023  vl=0.328  ent=1.857  kl=0.2285  gn=1.404
step=342016  rew=+38.560  swp=28.0  map=0.0  trunc=0%  pl=0.012  vl=0.221  ent=1.558  kl=0.3732  gn=1.568
step=342272  rew=+37.884  swp=30.9  map=0.0  trunc=0%  pl=0.012  vl=0.430  ent=1.995  kl=0.4573  gn=1.969
step=342528  rew=+36.381  swp=30.8  map=0.0  trunc=0%  pl=-0.010  vl=0.215  ent=1.899  kl=0.4083  gn=1.105
step=342784  rew=+36.053  swp=34.7  map=0.0  trunc=0%  pl=-0.040  vl=0.217  ent=1.932  kl=0.4015  gn=1.402
step=343040  rew=+37.047  swp=32.6  map=0.0  trunc=0%  pl=-0.004  vl=0.462  ent=1.643  kl=0.1585  gn=2.011
step=343296  rew=+35.715  swp=29.2  map=0.1  trunc=0%  pl=0.014  vl=0.400  ent=1.517  kl=0.1764  gn=1.451
step=343552  rew=+36.539  swp=31.0  map=0.1  trunc=0%  pl=-0.022  vl=0.292  ent=2.063  kl=0.3246  gn=2.360
step=343808  rew=+35.962  swp=31.7  map=0.1  trunc=0%  pl=-0.011  vl=0.652  ent=1.665  kl=0.0989  gn=2.371
step=344064  rew=+38.373  swp=34.1  map=0.0  trunc=0%  pl=-0.019  vl=0.351  ent=1.512  kl=0.0959  gn=1.696
step=344320  rew=+38.314  swp=32.1  map=0.1  trunc=0%  pl=-0.001  vl=0.384  ent=1.555  kl=0.0908  gn=2.097
step=344576  rew=+38.155  swp=33.9  map=0.1  trunc=0%  pl=-0.019  vl=0.635  ent=1.990  kl=0.3887  gn=3.053
step=344832  rew=+39.047  swp=35.0  map=0.1  trunc=0%  pl=-0.034  vl=0.216  ent=1.863  kl=0.2262  gn=1.611
step=345088  rew=+40.366  swp=37.1  map=0.0  trunc=0%  pl=-0.017  vl=0.372  ent=1.611  kl=0.1334  gn=1.762
step=345344  rew=+39.496  swp=35.6  map=0.0  trunc=0%  pl=-0.044  vl=0.251  ent=1.770  kl=0.2301  gn=1.112
step=345600  rew=+37.482  swp=31.4  map=0.0  trunc=0%  pl=0.003  vl=0.348  ent=1.394  kl=0.0976  gn=1.609
step=345856  rew=+37.493  swp=30.9  map=0.0  trunc=0%  pl=-0.024  vl=0.388  ent=1.496  kl=0.1075  gn=1.900
step=346112  rew=+37.222  swp=33.1  map=0.0  trunc=0%  pl=-0.014  vl=0.287  ent=1.697  kl=0.1973  gn=1.771
step=346368  rew=+36.790  swp=30.4  map=0.1  trunc=0%  pl=-0.014  vl=0.363  ent=1.679  kl=0.1208  gn=1.667
step=346624  rew=+36.106  swp=28.9  map=0.1  trunc=0%  pl=0.021  vl=0.331  ent=1.405  kl=0.1362  gn=1.702
step=346880  rew=+34.084  swp=24.9  map=0.1  trunc=0%  pl=-0.003  vl=0.236  ent=1.617  kl=0.1637  gn=1.727
step=347136  rew=+34.989  swp=24.1  map=0.0  trunc=0%  pl=-0.030  vl=0.258  ent=1.765  kl=0.2803  gn=1.647
step=347392  rew=+37.358  swp=25.6  map=0.1  trunc=0%  pl=-0.006  vl=0.291  ent=1.829  kl=0.2154  gn=1.622
step=347648  rew=+40.197  swp=29.4  map=0.1  trunc=0%  pl=-0.033  vl=0.621  ent=1.972  kl=0.2677  gn=1.421
step=347904  rew=+40.448  swp=33.0  map=0.1  trunc=0%  pl=0.009  vl=0.690  ent=1.719  kl=0.1249  gn=1.543
step=348160  rew=+40.283  swp=33.5  map=0.0  trunc=0%  pl=-0.021  vl=0.331  ent=1.544  kl=0.1056  gn=1.582
step=348416  rew=+38.524  swp=32.6  map=0.0  trunc=0%  pl=0.004  vl=0.537  ent=1.562  kl=0.0758  gn=2.242
step=348672  rew=+43.782  swp=35.8  map=0.0  trunc=0%  pl=-0.023  vl=0.323  ent=1.796  kl=0.1668  gn=1.403
step=348928  rew=+43.122  swp=35.1  map=0.0  trunc=0%  pl=0.018  vl=0.444  ent=2.045  kl=0.1709  gn=2.210
step=349184  rew=+46.326  swp=41.3  map=0.0  trunc=0%  pl=-0.003  vl=0.508  ent=1.781  kl=0.2143  gn=2.312
step=349440  rew=+44.162  swp=38.9  map=0.0  trunc=0%  pl=0.060  vl=0.612  ent=1.505  kl=0.0937  gn=1.804
step=349696  rew=+45.713  swp=42.3  map=0.0  trunc=0%  pl=-0.023  vl=0.493  ent=1.648  kl=0.0922  gn=1.613
step=349952  rew=+41.999  swp=34.2  map=0.0  trunc=0%  pl=-0.021  vl=0.172  ent=1.760  kl=0.1431  gn=1.418
step=350208  rew=+35.102  swp=25.6  map=0.0  trunc=0%  pl=-0.013  vl=0.422  ent=1.529  kl=0.1054  gn=1.652
step=350464  rew=+38.482  swp=31.2  map=0.0  trunc=0%  pl=0.001  vl=0.352  ent=1.944  kl=0.2045  gn=1.588
step=350720  rew=+43.319  swp=34.9  map=0.0  trunc=0%  pl=-0.000  vl=0.678  ent=1.832  kl=0.0947  gn=2.322
step=350976  rew=+44.483  swp=38.8  map=0.0  trunc=0%  pl=0.004  vl=0.641  ent=1.482  kl=0.0764  gn=2.039
step=351232  rew=+45.255  swp=36.9  map=0.0  trunc=0%  pl=0.023  vl=0.625  ent=1.773  kl=0.1246  gn=2.853
step=351488  rew=+45.293  swp=34.2  map=0.0  trunc=0%  pl=-0.005  vl=0.555  ent=1.580  kl=0.0806  gn=2.081
step=351744  rew=+47.504  swp=35.0  map=0.0  trunc=0%  pl=0.004  vl=0.392  ent=2.013  kl=0.2642  gn=1.817
step=352000  rew=+46.928  swp=35.0  map=0.0  trunc=0%  pl=0.007  vl=0.458  ent=1.718  kl=0.1138  gn=2.637
step=352256  rew=+45.470  swp=35.4  map=0.0  trunc=0%  pl=0.019  vl=0.517  ent=1.671  kl=0.0823  gn=2.087
step=352512  rew=+47.355  swp=39.2  map=0.0  trunc=0%  pl=-0.035  vl=0.258  ent=1.751  kl=0.2882  gn=1.521
step=352768  rew=+54.842  swp=43.5  map=0.0  trunc=0%  pl=-0.026  vl=0.389  ent=1.730  kl=0.2161  gn=1.585
step=353024  rew=+50.402  swp=40.5  map=0.1  trunc=0%  pl=-0.031  vl=0.187  ent=1.849  kl=0.1883  gn=1.184
step=353280  rew=+41.982  swp=31.6  map=0.1  trunc=0%  pl=-0.044  vl=0.200  ent=1.533  kl=0.1256  gn=1.219
step=353536  rew=+41.545  swp=32.0  map=0.1  trunc=0%  pl=-0.018  vl=0.256  ent=1.852  kl=0.1343  gn=1.702
step=353792  rew=+43.572  swp=33.0  map=0.0  trunc=0%  pl=-0.047  vl=0.221  ent=1.703  kl=0.2200  gn=1.048
step=354048  rew=+44.968  swp=34.8  map=0.0  trunc=0%  pl=-0.009  vl=0.347  ent=1.501  kl=0.1515  gn=1.731
step=354304  rew=+45.619  swp=36.8  map=0.0  trunc=0%  pl=0.015  vl=0.794  ent=1.264  kl=0.0703  gn=2.710
step=354560  rew=+44.744  swp=36.9  map=0.0  trunc=0%  pl=-0.033  vl=0.142  ent=1.833  kl=0.1766  gn=1.569
step=354816  rew=+46.035  swp=40.6  map=0.0  trunc=0%  pl=-0.008  vl=0.411  ent=1.569  kl=0.1232  gn=1.865
step=355072  rew=+51.350  swp=44.1  map=0.0  trunc=0%  pl=0.012  vl=0.545  ent=1.721  kl=0.2362  gn=1.923
step=355328  rew=+51.302  swp=41.5  map=0.0  trunc=0%  pl=0.013  vl=0.535  ent=1.609  kl=0.1476  gn=2.832
step=355584  rew=+54.392  swp=43.7  map=0.0  trunc=0%  pl=-0.024  vl=0.295  ent=2.198  kl=0.4655  gn=1.538
step=355840  rew=+48.540  swp=40.2  map=0.0  trunc=0%  pl=0.024  vl=0.353  ent=2.106  kl=0.2973  gn=1.789
step=356096  rew=+48.140  swp=39.8  map=0.1  trunc=0%  pl=0.002  vl=0.366  ent=1.836  kl=0.1237  gn=1.661
step=356352  rew=+50.795  swp=40.8  map=0.1  trunc=0%  pl=-0.025  vl=0.435  ent=1.686  kl=0.1243  gn=2.123
step=356608  rew=+49.468  swp=38.9  map=0.1  trunc=0%  pl=0.025  vl=0.328  ent=1.655  kl=0.0894  gn=2.097
step=356864  rew=+46.751  swp=34.4  map=0.1  trunc=0%  pl=0.026  vl=0.576  ent=1.348  kl=0.0644  gn=2.028
step=357120  rew=+46.458  swp=31.9  map=0.0  trunc=0%  pl=0.011  vl=0.319  ent=1.469  kl=0.0885  gn=2.006
step=357376  rew=+53.024  swp=39.3  map=0.1  trunc=0%  pl=0.008  vl=0.750  ent=2.123  kl=0.1519  gn=1.948
step=357632  rew=+60.406  swp=45.5  map=0.1  trunc=0%  pl=0.005  vl=0.371  ent=2.068  kl=0.1038  gn=2.021
step=357888  rew=+66.057  swp=49.9  map=0.1  trunc=0%  pl=0.001  vl=0.750  ent=1.382  kl=0.0455  gn=2.780
step=358144  rew=+63.195  swp=49.6  map=0.2  trunc=0%  pl=-0.009  vl=0.227  ent=1.770  kl=0.1116  gn=2.189
step=358400  rew=+48.894  swp=35.6  map=0.1  trunc=0%  pl=-0.031  vl=0.270  ent=1.897  kl=0.1072  gn=1.479
step=358656  rew=+53.111  swp=41.6  map=0.1  trunc=0%  pl=-0.010  vl=0.481  ent=2.272  kl=0.1156  gn=1.555
step=358912  rew=+53.229  swp=42.2  map=0.0  trunc=0%  pl=0.007  vl=0.592  ent=1.735  kl=0.0794  gn=1.729
step=359168  rew=+54.449  swp=41.9  map=0.0  trunc=0%  pl=-0.032  vl=0.213  ent=1.823  kl=0.0875  gn=1.591
step=359424  rew=+56.950  swp=41.0  map=0.0  trunc=0%  pl=-0.018  vl=0.250  ent=1.997  kl=0.1098  gn=1.796
step=359680  rew=+53.927  swp=39.2  map=0.0  trunc=0%  pl=-0.024  vl=0.420  ent=2.119  kl=0.2288  gn=1.989
step=359936  rew=+56.298  swp=43.0  map=0.0  trunc=0%  pl=-0.004  vl=0.275  ent=1.838  kl=0.0833  gn=1.696
step=360192  rew=+60.169  swp=47.5  map=0.1  trunc=0%  pl=0.021  vl=0.716  ent=1.914  kl=0.0731  gn=2.923
step=360448  rew=+65.159  swp=52.7  map=0.1  trunc=0%  pl=-0.026  vl=0.368  ent=1.921  kl=0.0830  gn=2.223
step=360704  rew=+66.455  swp=52.3  map=0.1  trunc=0%  pl=-0.032  vl=0.553  ent=2.145  kl=0.1482  gn=2.624
step=360960  rew=+72.035  swp=60.4  map=0.1  trunc=0%  pl=-0.016  vl=0.381  ent=2.653  kl=0.2543  gn=2.230
step=361216  rew=+79.943  swp=67.3  map=0.1  trunc=0%  pl=-0.030  vl=0.691  ent=1.786  kl=0.0694  gn=2.433
step=361472  rew=+79.173  swp=67.1  map=0.1  trunc=0%  pl=-0.015  vl=0.362  ent=2.150  kl=0.1142  gn=1.736
step=361728  rew=+68.320  swp=58.0  map=0.1  trunc=0%  pl=-0.005  vl=0.471  ent=1.508  kl=0.0419  gn=1.836
step=361984  rew=+60.621  swp=49.5  map=0.1  trunc=0%  pl=0.006  vl=0.333  ent=1.717  kl=0.0571  gn=1.605
step=362240  rew=+55.995  swp=46.5  map=0.1  trunc=0%  pl=-0.014  vl=0.446  ent=1.864  kl=0.1103  gn=1.730
step=362496  rew=+49.261  swp=37.7  map=0.1  trunc=0%  pl=0.010  vl=0.346  ent=1.295  kl=0.0429  gn=2.126
step=362752  rew=+52.727  swp=41.0  map=0.1  trunc=0%  pl=-0.010  vl=0.506  ent=1.975  kl=0.1409  gn=2.479
step=363008  rew=+53.907  swp=41.5  map=0.1  trunc=0%  pl=-0.013  vl=0.332  ent=1.803  kl=0.1006  gn=1.814
step=363264  rew=+62.471  swp=48.7  map=0.1  trunc=0%  pl=-0.019  vl=0.538  ent=1.716  kl=0.0744  gn=1.565
step=363520  rew=+65.990  swp=54.0  map=0.1  trunc=0%  pl=0.008  vl=0.553  ent=1.827  kl=0.0632  gn=2.997
step=363776  rew=+72.998  swp=60.0  map=0.1  trunc=0%  pl=-0.008  vl=0.463  ent=1.848  kl=0.0983  gn=2.530
step=364032  rew=+73.872  swp=63.2  map=0.1  trunc=0%  pl=-0.012  vl=0.370  ent=2.048  kl=0.0956  gn=2.221
step=364288  rew=+72.742  swp=59.8  map=0.1  trunc=0%  pl=0.002  vl=0.565  ent=1.848  kl=0.0763  gn=2.161
step=364544  rew=+72.584  swp=57.6  map=0.1  trunc=0%  pl=0.003  vl=0.655  ent=1.694  kl=0.0639  gn=1.800
step=364800  rew=+70.735  swp=55.5  map=0.1  trunc=0%  pl=0.014  vl=0.624  ent=1.576  kl=0.0363  gn=2.258
step=365056  rew=+65.352  swp=48.2  map=0.1  trunc=0%  pl=-0.012  vl=0.527  ent=1.817  kl=0.0559  gn=1.689
step=365312  rew=+59.782  swp=46.1  map=0.0  trunc=0%  pl=-0.010  vl=0.450  ent=2.160  kl=0.1179  gn=2.228
step=365568  rew=+60.552  swp=48.2  map=0.0  trunc=0%  pl=0.012  vl=0.696  ent=1.778  kl=0.0474  gn=2.412
step=365824  rew=+62.829  swp=51.9  map=0.0  trunc=0%  pl=-0.004  vl=0.661  ent=2.065  kl=0.1329  gn=2.306
step=366080  rew=+62.879  swp=54.8  map=0.0  trunc=0%  pl=-0.012  vl=0.658  ent=1.767  kl=0.0567  gn=2.230
step=366336  rew=+59.146  swp=50.5  map=0.0  trunc=0%  pl=-0.004  vl=0.381  ent=1.781  kl=0.0694  gn=1.829
step=366592  rew=+61.758  swp=50.5  map=0.0  trunc=0%  pl=0.016  vl=0.607  ent=1.894  kl=0.0607  gn=2.305
step=366848  rew=+64.101  swp=52.5  map=0.0  trunc=0%  pl=-0.019  vl=0.618  ent=1.736  kl=0.0666  gn=1.809
step=367104  rew=+65.072  swp=52.0  map=0.1  trunc=0%  pl=-0.040  vl=0.459  ent=1.843  kl=0.0824  gn=1.399
step=367360  rew=+71.676  swp=58.5  map=0.1  trunc=0%  pl=-0.003  vl=0.411  ent=1.652  kl=0.0621  gn=1.962
step=367616  rew=+67.553  swp=55.2  map=0.1  trunc=0%  pl=-0.023  vl=0.331  ent=1.894  kl=0.0631  gn=1.721
step=367872  rew=+69.737  swp=57.5  map=0.1  trunc=0%  pl=-0.007  vl=0.363  ent=1.680  kl=0.1033  gn=1.678
step=368128  rew=+72.534  swp=60.4  map=0.2  trunc=0%  pl=0.000  vl=0.267  ent=1.660  kl=0.0679  gn=2.327
step=368384  rew=+70.585  swp=60.0  map=0.2  trunc=0%  pl=-0.045  vl=0.304  ent=1.879  kl=0.1302  gn=1.708
step=368640  rew=+69.528  swp=58.4  map=0.1  trunc=0%  pl=0.012  vl=0.482  ent=1.966  kl=0.0885  gn=2.028
step=368896  rew=+72.363  swp=62.2  map=0.1  trunc=0%  pl=0.027  vl=0.608  ent=1.399  kl=0.0531  gn=1.939
step=369152  rew=+62.855  swp=50.6  map=0.1  trunc=0%  pl=0.008  vl=0.540  ent=1.356  kl=0.0389  gn=2.470
step=369408  rew=+66.505  swp=53.9  map=0.1  trunc=0%  pl=-0.016  vl=0.390  ent=1.366  kl=0.0805  gn=2.184
step=369664  rew=+67.719  swp=52.4  map=0.2  trunc=0%  pl=-0.009  vl=0.512  ent=1.761  kl=0.0873  gn=2.255
step=369920  rew=+72.729  swp=54.9  map=0.5  trunc=0%  pl=-0.016  vl=0.397  ent=1.967  kl=0.1271  gn=1.581
step=370176  rew=+75.902  swp=57.5  map=0.5  trunc=0%  pl=-0.000  vl=0.489  ent=2.000  kl=0.1505  gn=1.722
step=370432  rew=+80.456  swp=62.5  map=0.5  trunc=0%  pl=0.033  vl=0.886  ent=1.852  kl=0.0825  gn=2.000
step=370688  rew=+84.038  swp=66.7  map=0.6  trunc=0%  pl=-0.001  vl=0.567  ent=1.897  kl=0.0736  gn=1.662
step=370944  rew=+84.475  swp=70.2  map=0.5  trunc=0%  pl=0.008  vl=0.697  ent=2.273  kl=0.1706  gn=2.074
step=371200  rew=+80.960  swp=68.4  map=0.6  trunc=0%  pl=-0.016  vl=0.727  ent=1.767  kl=0.1277  gn=2.180
step=371456  rew=+82.107  swp=70.0  map=0.3  trunc=0%  pl=-0.012  vl=0.444  ent=2.155  kl=0.0979  gn=1.621
step=371712  rew=+77.657  swp=64.4  map=0.3  trunc=0%  pl=0.009  vl=0.406  ent=1.593  kl=0.0852  gn=1.682
step=371968  rew=+73.710  swp=58.8  map=0.2  trunc=0%  pl=-0.008  vl=0.664  ent=1.719  kl=0.0635  gn=1.800
step=372224  rew=+74.162  swp=56.9  map=0.2  trunc=0%  pl=-0.009  vl=0.538  ent=2.083  kl=0.1097  gn=1.797
step=372480  rew=+75.662  swp=59.9  map=0.1  trunc=0%  pl=0.020  vl=0.465  ent=2.056  kl=0.1090  gn=1.639
step=372736  rew=+73.496  swp=59.9  map=0.1  trunc=0%  pl=0.002  vl=0.494  ent=1.800  kl=0.0354  gn=2.709
step=372992  rew=+77.371  swp=66.0  map=0.1  trunc=0%  pl=0.015  vl=0.513  ent=1.809  kl=0.0696  gn=2.087
step=373248  rew=+79.153  swp=71.2  map=0.1  trunc=0%  pl=-0.021  vl=0.496  ent=1.694  kl=0.0722  gn=2.104
step=373504  rew=+80.973  swp=71.1  map=0.1  trunc=0%  pl=-0.023  vl=0.501  ent=1.944  kl=0.0874  gn=1.822
step=373760  rew=+78.241  swp=67.3  map=0.1  trunc=0%  pl=-0.011  vl=0.205  ent=1.664  kl=0.0638  gn=1.620
step=374016  rew=+83.020  swp=69.2  map=0.1  trunc=0%  pl=-0.007  vl=0.592  ent=1.639  kl=0.0578  gn=2.778
step=374272  rew=+78.264  swp=59.5  map=0.2  trunc=0%  pl=0.002  vl=0.499  ent=1.792  kl=0.0782  gn=2.019
step=374528  rew=+74.793  swp=54.0  map=0.4  trunc=0%  pl=-0.008  vl=0.196  ent=1.371  kl=0.0537  gn=1.833
step=374784  rew=+79.700  swp=58.1  map=0.4  trunc=0%  pl=0.016  vl=0.523  ent=1.672  kl=0.1049  gn=2.742
step=375040  rew=+82.143  swp=61.0  map=0.3  trunc=0%  pl=0.009  vl=0.600  ent=1.839  kl=0.0853  gn=2.070
step=375296  rew=+78.538  swp=58.1  map=0.3  trunc=0%  pl=0.002  vl=0.570  ent=1.486  kl=0.0875  gn=2.234
step=375552  rew=+79.989  swp=61.5  map=0.3  trunc=0%  pl=0.011  vl=0.518  ent=1.606  kl=0.1191  gn=2.147
step=375808  rew=+83.159  swp=65.4  map=0.2  trunc=0%  pl=0.008  vl=0.814  ent=1.768  kl=0.0776  gn=2.035
step=376064  rew=+83.885  swp=66.1  map=0.2  trunc=0%  pl=0.020  vl=0.764  ent=1.502  kl=0.0524  gn=2.345
step=376320  rew=+83.720  swp=66.0  map=0.2  trunc=0%  pl=-0.007  vl=0.797  ent=1.785  kl=0.0469  gn=1.877
step=376576  rew=+85.737  swp=66.8  map=0.2  trunc=0%  pl=0.022  vl=0.901  ent=1.509  kl=0.0671  gn=2.503
step=376832  rew=+83.320  swp=64.0  map=0.1  trunc=0%  pl=0.002  vl=0.477  ent=1.964  kl=0.1052  gn=2.426
step=377088  rew=+82.046  swp=63.5  map=0.1  trunc=0%  pl=0.014  vl=0.847  ent=1.494  kl=0.0402  gn=2.088
step=377344  rew=+79.414  swp=63.2  map=0.1  trunc=0%  pl=0.001  vl=0.535  ent=1.681  kl=0.0530  gn=1.653
step=377600  rew=+78.916  swp=61.2  map=0.2  trunc=0%  pl=-0.012  vl=0.619  ent=1.595  kl=0.0505  gn=1.854
step=377856  rew=+78.722  swp=62.4  map=0.2  trunc=0%  pl=-0.027  vl=0.567  ent=2.022  kl=0.0688  gn=1.614
step=378112  rew=+76.429  swp=61.8  map=0.2  trunc=0%  pl=-0.034  vl=0.410  ent=1.742  kl=0.0603  gn=1.377
step=378368  rew=+75.554  swp=58.5  map=0.2  trunc=0%  pl=-0.008  vl=0.574  ent=1.636  kl=0.0448  gn=1.818
step=378624  rew=+78.447  swp=57.5  map=0.1  trunc=0%  pl=-0.013  vl=0.519  ent=1.873  kl=0.0795  gn=1.958
step=378880  rew=+80.638  swp=61.7  map=0.1  trunc=0%  pl=-0.034  vl=0.360  ent=2.084  kl=0.1304  gn=1.371
step=379136  rew=+79.088  swp=61.0  map=0.1  trunc=0%  pl=0.035  vl=0.434  ent=1.980  kl=0.1306  gn=3.176
step=379392  rew=+83.914  swp=66.2  map=0.1  trunc=0%  pl=-0.028  vl=0.426  ent=2.247  kl=0.1253  gn=3.058
step=379648  rew=+89.813  swp=72.5  map=0.1  trunc=0%  pl=-0.001  vl=0.460  ent=1.751  kl=0.0645  gn=1.929
step=379904  rew=+90.541  swp=73.7  map=0.2  trunc=0%  pl=-0.015  vl=0.511  ent=1.719  kl=0.0620  gn=1.887
step=380160  rew=+91.510  swp=76.8  map=0.2  trunc=0%  pl=-0.027  vl=0.334  ent=1.887  kl=0.0669  gn=1.425
step=380416  rew=+89.567  swp=74.2  map=0.2  trunc=0%  pl=0.011  vl=0.553  ent=1.578  kl=0.0578  gn=2.544
step=380672  rew=+90.739  swp=73.7  map=0.2  trunc=0%  pl=-0.021  vl=0.636  ent=2.077  kl=0.0888  gn=2.104
step=380928  rew=+87.086  swp=67.0  map=0.1  trunc=0%  pl=-0.030  vl=0.784  ent=1.670  kl=0.0446  gn=1.998
step=381184  rew=+83.641  swp=66.0  map=0.0  trunc=0%  pl=0.007  vl=0.675  ent=1.736  kl=0.0691  gn=1.721
step=381440  rew=+80.513  swp=64.6  map=0.0  trunc=0%  pl=0.005  vl=0.578  ent=1.594  kl=0.0356  gn=2.278
step=381696  rew=+80.032  swp=64.2  map=0.0  trunc=0%  pl=-0.005  vl=0.727  ent=1.654  kl=0.0327  gn=1.762
step=381952  rew=+78.413  swp=62.3  map=0.1  trunc=0%  pl=0.016  vl=1.201  ent=1.779  kl=0.0797  gn=2.297
step=382208  rew=+80.074  swp=65.2  map=0.1  trunc=0%  pl=-0.006  vl=0.548  ent=1.642  kl=0.0455  gn=2.156
step=382464  rew=+81.707  swp=66.7  map=0.1  trunc=0%  pl=0.015  vl=0.900  ent=1.504  kl=0.0721  gn=2.490
step=382720  rew=+83.574  swp=66.4  map=0.1  trunc=0%  pl=0.001  vl=0.604  ent=1.468  kl=0.0524  gn=2.021
step=382976  rew=+90.076  swp=72.5  map=0.1  trunc=0%  pl=-0.001  vl=0.541  ent=1.855  kl=0.0802  gn=1.531
step=383232  rew=+88.357  swp=71.2  map=0.3  trunc=0%  pl=0.000  vl=0.398  ent=1.526  kl=0.0804  gn=2.122
step=383488  rew=+87.220  swp=71.0  map=0.6  trunc=0%  pl=0.031  vl=0.436  ent=1.549  kl=0.1084  gn=2.112
step=383744  rew=+87.901  swp=72.2  map=0.6  trunc=0%  pl=-0.035  vl=0.359  ent=1.995  kl=0.2295  gn=1.708
step=384000  rew=+81.907  swp=66.4  map=0.7  trunc=0%  pl=-0.008  vl=0.644  ent=1.464  kl=0.0752  gn=2.053
step=384256  rew=+73.003  swp=57.7  map=0.6  trunc=0%  pl=-0.006  vl=0.847  ent=1.695  kl=0.0697  gn=1.943
step=384512  rew=+77.137  swp=62.0  map=0.3  trunc=0%  pl=0.030  vl=0.636  ent=1.532  kl=0.0710  gn=1.818
step=384768  rew=+76.510  swp=57.5  map=0.2  trunc=0%  pl=0.024  vl=0.654  ent=1.176  kl=0.0451  gn=2.293
step=385024  rew=+78.705  swp=58.8  map=0.4  trunc=0%  pl=0.020  vl=0.559  ent=1.722  kl=0.0845  gn=1.916
step=385280  rew=+81.900  swp=62.6  map=0.5  trunc=0%  pl=-0.013  vl=0.481  ent=2.078  kl=0.1429  gn=1.715
step=385536  rew=+87.824  swp=69.2  map=0.3  trunc=0%  pl=-0.012  vl=0.394  ent=1.904  kl=0.1225  gn=1.771
step=385792  rew=+88.966  swp=69.6  map=0.4  trunc=0%  pl=-0.020  vl=0.466  ent=1.835  kl=0.1012  gn=1.712
step=386048  rew=+91.225  swp=72.4  map=0.4  trunc=0%  pl=0.037  vl=0.769  ent=1.314  kl=0.0765  gn=2.139
step=386304  rew=+90.071  swp=74.5  map=0.2  trunc=0%  pl=-0.017  vl=0.672  ent=1.561  kl=0.0580  gn=1.441
step=386560  rew=+87.128  swp=73.6  map=0.1  trunc=0%  pl=-0.004  vl=0.613  ent=2.024  kl=0.1325  gn=1.264
step=386816  rew=+87.739  swp=72.5  map=0.1  trunc=0%  pl=-0.032  vl=0.516  ent=1.856  kl=0.0988  gn=2.945
step=387072  rew=+86.078  swp=71.2  map=0.1  trunc=0%  pl=0.003  vl=0.940  ent=1.768  kl=0.1239  gn=2.046
step=387328  rew=+89.456  swp=70.5  map=0.1  trunc=0%  pl=0.018  vl=0.439  ent=1.679  kl=0.0790  gn=2.148
step=387584  rew=+83.738  swp=65.8  map=0.1  trunc=0%  pl=0.019  vl=0.699  ent=1.635  kl=0.1012  gn=1.654
step=387840  rew=+83.858  swp=64.3  map=0.1  trunc=0%  pl=-0.014  vl=0.656  ent=1.919  kl=0.0962  gn=1.896
step=388096  rew=+81.875  swp=63.4  map=0.1  trunc=0%  pl=0.006  vl=0.576  ent=1.759  kl=0.0700  gn=1.936
step=388352  rew=+85.298  swp=65.5  map=0.2  trunc=0%  pl=0.001  vl=0.428  ent=1.299  kl=0.0544  gn=1.870
step=388608  rew=+84.156  swp=67.3  map=0.1  trunc=0%  pl=-0.014  vl=0.576  ent=2.012  kl=0.1196  gn=1.287
step=388864  rew=+83.360  swp=67.3  map=0.1  trunc=0%  pl=0.008  vl=0.236  ent=1.865  kl=0.1547  gn=1.497
step=389120  rew=+84.447  swp=67.2  map=0.1  trunc=0%  pl=0.008  vl=0.718  ent=1.965  kl=0.1013  gn=2.704
step=389376  rew=+84.888  swp=65.7  map=0.1  trunc=0%  pl=-0.014  vl=0.474  ent=1.731  kl=0.0628  gn=1.711
step=389632  rew=+83.377  swp=67.5  map=0.1  trunc=0%  pl=-0.003  vl=0.534  ent=1.835  kl=0.1368  gn=2.958
step=389888  rew=+83.015  swp=68.1  map=0.0  trunc=0%  pl=-0.015  vl=0.388  ent=2.303  kl=0.1030  gn=1.722
step=390144  rew=+83.375  swp=68.2  map=0.1  trunc=0%  pl=0.021  vl=0.542  ent=1.623  kl=0.0830  gn=3.012
step=390400  rew=+86.350  swp=70.0  map=0.1  trunc=0%  pl=-0.025  vl=0.295  ent=2.134  kl=0.1084  gn=1.724
step=390656  rew=+85.079  swp=70.7  map=0.1  trunc=0%  pl=-0.023  vl=0.149  ent=2.253  kl=0.1330  gn=1.581
step=390912  rew=+86.206  swp=72.0  map=0.1  trunc=0%  pl=0.015  vl=0.413  ent=1.626  kl=0.0723  gn=1.690
step=391168  rew=+86.234  swp=71.2  map=0.1  trunc=0%  pl=0.001  vl=0.573  ent=1.702  kl=0.0414  gn=1.740
step=391424  rew=+82.804  swp=67.3  map=0.2  trunc=0%  pl=-0.027  vl=0.440  ent=1.900  kl=0.0981  gn=1.422
step=391680  rew=+81.680  swp=68.7  map=0.2  trunc=0%  pl=-0.002  vl=0.303  ent=1.882  kl=0.0535  gn=1.692
step=391936  rew=+79.795  swp=62.0  map=0.3  trunc=0%  pl=-0.029  vl=0.611  ent=1.672  kl=0.0800  gn=2.034
step=392192  rew=+79.723  swp=62.5  map=0.2  trunc=0%  pl=-0.004  vl=0.531  ent=1.927  kl=0.0723  gn=1.903
step=392448  rew=+76.922  swp=58.2  map=0.2  trunc=0%  pl=0.017  vl=0.403  ent=2.080  kl=0.1034  gn=1.718
step=392704  rew=+80.431  swp=60.0  map=0.1  trunc=0%  pl=-0.010  vl=0.455  ent=1.890  kl=0.0696  gn=1.976
step=392960  rew=+76.224  swp=55.4  map=0.1  trunc=0%  pl=-0.015  vl=0.354  ent=1.992  kl=0.0749  gn=1.653
step=393216  rew=+83.242  swp=62.4  map=0.1  trunc=0%  pl=-0.025  vl=0.495  ent=2.085  kl=0.0762  gn=1.451
step=393472  rew=+85.438  swp=62.6  map=0.1  trunc=0%  pl=0.002  vl=0.455  ent=1.940  kl=0.0530  gn=2.026
step=393728  rew=+86.146  swp=64.8  map=0.0  trunc=0%  pl=0.001  vl=0.710  ent=1.739  kl=0.0580  gn=1.871
step=393984  rew=+84.946  swp=64.8  map=0.0  trunc=0%  pl=-0.007  vl=0.531  ent=1.891  kl=0.0325  gn=1.633
step=394240  rew=+83.204  swp=65.3  map=0.0  trunc=0%  pl=-0.013  vl=0.363  ent=1.888  kl=0.0493  gn=1.530
step=394496  rew=+77.222  swp=62.9  map=0.0  trunc=0%  pl=0.025  vl=0.413  ent=1.806  kl=0.0620  gn=1.644
step=394752  rew=+80.272  swp=68.0  map=0.0  trunc=0%  pl=0.015  vl=0.459  ent=1.837  kl=0.0357  gn=1.865
step=395008  rew=+79.088  swp=67.0  map=0.0  trunc=0%  pl=0.026  vl=0.518  ent=1.814  kl=0.0401  gn=1.983
step=395264  rew=+81.393  swp=69.2  map=0.0  trunc=0%  pl=-0.008  vl=0.528  ent=2.252  kl=0.0678  gn=2.140
step=395520  rew=+82.020  swp=67.5  map=0.0  trunc=0%  pl=-0.000  vl=0.505  ent=1.730  kl=0.0366  gn=1.414
step=395776  rew=+85.922  swp=70.0  map=0.0  trunc=0%  pl=0.016  vl=0.609  ent=1.467  kl=0.0307  gn=1.545
step=396032  rew=+81.541  swp=63.8  map=0.0  trunc=0%  pl=0.004  vl=0.460  ent=1.766  kl=0.0366  gn=1.743
step=396288  rew=+78.544  swp=60.5  map=0.0  trunc=0%  pl=-0.005  vl=0.292  ent=1.753  kl=0.0485  gn=1.619
step=396544  rew=+73.056  swp=55.0  map=0.0  trunc=0%  pl=0.006  vl=0.422  ent=1.608  kl=0.0415  gn=1.657
step=396800  rew=+75.874  swp=56.3  map=0.0  trunc=0%  pl=-0.031  vl=0.343  ent=2.008  kl=0.0561  gn=1.313
step=397056  rew=+75.195  swp=56.0  map=0.0  trunc=0%  pl=-0.021  vl=0.532  ent=1.623  kl=0.0503  gn=1.221
step=397312  rew=+75.682  swp=57.0  map=0.0  trunc=0%  pl=-0.021  vl=0.291  ent=1.831  kl=0.0599  gn=1.375
step=397568  rew=+78.840  swp=60.4  map=0.0  trunc=0%  pl=0.008  vl=0.244  ent=1.697  kl=0.0621  gn=1.513
step=397824  rew=+80.654  swp=63.8  map=0.0  trunc=0%  pl=-0.005  vl=0.546  ent=2.010  kl=0.0912  gn=1.829
step=398080  rew=+84.292  swp=70.8  map=0.0  trunc=0%  pl=-0.002  vl=0.472  ent=2.107  kl=0.0778  gn=2.002
step=398336  rew=+79.969  swp=67.3  map=0.0  trunc=0%  pl=-0.018  vl=0.349  ent=2.046  kl=0.0772  gn=1.932
step=398592  rew=+80.548  swp=69.8  map=0.0  trunc=0%  pl=-0.011  vl=0.313  ent=1.863  kl=0.0844  gn=1.525
step=398848  rew=+78.650  swp=65.7  map=0.0  trunc=0%  pl=-0.008  vl=0.508  ent=1.523  kl=0.0601  gn=3.038
step=399104  rew=+79.237  swp=65.3  map=0.0  trunc=0%  pl=-0.021  vl=0.384  ent=1.900  kl=0.0989  gn=1.710
step=399360  rew=+78.613  swp=64.0  map=0.0  trunc=0%  pl=-0.008  vl=0.492  ent=1.901  kl=0.1123  gn=2.026
step=399616  rew=+81.963  swp=66.9  map=0.1  trunc=0%  pl=0.025  vl=0.527  ent=1.743  kl=0.0717  gn=1.857
step=399872  rew=+86.022  swp=69.8  map=0.1  trunc=0%  pl=-0.009  vl=0.353  ent=1.316  kl=0.0434  gn=1.901
step=400128  rew=+89.178  swp=72.1  map=0.1  trunc=0%  pl=-0.031  vl=0.192  ent=2.041  kl=0.1578  gn=1.536
step=400384  rew=+84.138  swp=68.8  map=0.1  trunc=0%  pl=-0.017  vl=0.432  ent=2.003  kl=0.0973  gn=1.423
step=400640  rew=+80.259  swp=67.0  map=0.1  trunc=0%  pl=0.002  vl=0.263  ent=1.621  kl=0.0866  gn=1.648
step=400896  rew=+83.743  swp=67.2  map=0.1  trunc=0%  pl=0.015  vl=0.651  ent=1.769  kl=0.0750  gn=1.647
step=401152  rew=+82.746  swp=65.8  map=0.1  trunc=0%  pl=0.011  vl=0.701  ent=1.586  kl=0.0515  gn=1.852
step=401408  rew=+77.756  swp=62.0  map=0.1  trunc=0%  pl=0.003  vl=0.599  ent=1.574  kl=0.0713  gn=1.750
step=401664  rew=+80.464  swp=65.6  map=0.1  trunc=0%  pl=0.001  vl=0.450  ent=1.528  kl=0.0499  gn=1.297
step=401920  rew=+84.223  swp=69.2  map=0.1  trunc=0%  pl=-0.009  vl=0.326  ent=1.852  kl=0.1063  gn=1.368
step=402176  rew=+87.687  swp=73.9  map=0.1  trunc=0%  pl=0.026  vl=0.537  ent=2.133  kl=0.1871  gn=2.340
step=402432  rew=+81.562  swp=71.2  map=0.1  trunc=0%  pl=-0.038  vl=0.309  ent=1.679  kl=0.0661  gn=1.215
step=402688  rew=+80.811  swp=71.2  map=0.0  trunc=0%  pl=-0.024  vl=0.400  ent=1.819  kl=0.1251  gn=1.996
step=402944  rew=+82.531  swp=72.8  map=0.0  trunc=0%  pl=0.021  vl=0.707  ent=1.441  kl=0.0696  gn=2.060
step=403200  rew=+82.586  swp=72.0  map=0.0  trunc=0%  pl=0.016  vl=0.609  ent=1.721  kl=0.1478  gn=1.934
step=403456  rew=+81.404  swp=69.8  map=0.0  trunc=0%  pl=0.016  vl=0.907  ent=1.514  kl=0.0764  gn=1.921
step=403712  rew=+82.153  swp=67.1  map=0.0  trunc=0%  pl=0.005  vl=0.512  ent=1.614  kl=0.0641  gn=1.821
step=403968  rew=+82.080  swp=65.5  map=0.0  trunc=0%  pl=0.001  vl=0.652  ent=1.789  kl=0.0788  gn=2.358
step=404224  rew=+85.427  swp=72.6  map=0.0  trunc=0%  pl=-0.011  vl=0.335  ent=1.540  kl=0.0595  gn=1.629
step=404480  rew=+86.906  swp=72.8  map=0.0  trunc=0%  pl=0.002  vl=0.664  ent=1.692  kl=0.0790  gn=3.802
step=404736  rew=+84.643  swp=70.2  map=0.0  trunc=0%  pl=0.015  vl=0.482  ent=1.600  kl=0.1248  gn=2.070
step=404992  rew=+84.977  swp=71.5  map=0.0  trunc=0%  pl=-0.008  vl=0.421  ent=1.788  kl=0.1133  gn=2.179
step=405248  rew=+82.954  swp=71.2  map=0.1  trunc=0%  pl=-0.036  vl=0.244  ent=1.905  kl=0.2401  gn=1.929
step=405504  rew=+80.725  swp=67.7  map=0.1  trunc=0%  pl=-0.024  vl=0.299  ent=1.851  kl=0.1821  gn=1.720
step=405760  rew=+82.435  swp=68.4  map=0.1  trunc=0%  pl=-0.000  vl=0.382  ent=1.337  kl=0.0529  gn=1.976
step=406016  rew=+83.350  swp=70.2  map=0.1  trunc=0%  pl=0.009  vl=0.410  ent=1.591  kl=0.0932  gn=2.145
step=406272  rew=+82.187  swp=70.1  map=0.1  trunc=0%  pl=-0.007  vl=0.165  ent=1.787  kl=0.1869  gn=1.813
step=406528  rew=+84.570  swp=73.2  map=0.1  trunc=0%  pl=0.003  vl=0.691  ent=1.634  kl=0.1155  gn=2.026
step=406784  rew=+86.211  swp=73.6  map=0.1  trunc=0%  pl=-0.021  vl=0.465  ent=1.660  kl=0.1021  gn=2.033
step=407040  rew=+83.936  swp=71.5  map=0.1  trunc=0%  pl=0.009  vl=0.553  ent=1.432  kl=0.0713  gn=2.377
step=407296  rew=+85.461  swp=72.8  map=0.1  trunc=0%  pl=-0.025  vl=0.370  ent=1.595  kl=0.1515  gn=2.350
step=407552  rew=+85.009  swp=70.8  map=0.1  trunc=0%  pl=-0.018  vl=0.408  ent=1.907  kl=0.1489  gn=1.719
step=407808  rew=+87.969  swp=76.0  map=0.1  trunc=0%  pl=0.008  vl=0.538  ent=1.864  kl=0.1885  gn=2.046
step=408064  rew=+87.694  swp=77.0  map=0.0  trunc=0%  pl=0.019  vl=0.368  ent=1.699  kl=0.1396  gn=1.511
step=408320  rew=+86.744  swp=75.8  map=0.0  trunc=0%  pl=-0.009  vl=0.510  ent=1.620  kl=0.1154  gn=3.233
step=408576  rew=+87.089  swp=76.2  map=0.1  trunc=0%  pl=0.021  vl=1.019  ent=1.279  kl=0.0603  gn=3.096
step=408832  rew=+86.815  swp=74.9  map=0.1  trunc=0%  pl=-0.012  vl=0.264  ent=1.407  kl=0.0874  gn=1.855
step=409088  rew=+84.488  swp=73.8  map=0.1  trunc=0%  pl=0.010  vl=0.457  ent=1.620  kl=0.0784  gn=2.166
step=409344  rew=+80.829  swp=66.3  map=0.1  trunc=0%  pl=-0.022  vl=0.404  ent=1.506  kl=0.1112  gn=2.641
step=409600  rew=+85.550  swp=68.8  map=0.1  trunc=0%  pl=0.011  vl=0.498  ent=1.642  kl=0.1422  gn=2.774
step=409856  rew=+80.344  swp=64.2  map=0.0  trunc=0%  pl=-0.018  vl=0.323  ent=1.729  kl=0.1606  gn=1.530
step=410112  rew=+76.095  swp=60.8  map=0.1  trunc=0%  pl=0.024  vl=0.345  ent=1.366  kl=0.1061  gn=2.136
step=410368  rew=+81.550  swp=65.5  map=0.1  trunc=0%  pl=0.011  vl=0.589  ent=1.375  kl=0.0805  gn=2.045
step=410624  rew=+81.656  swp=65.5  map=0.2  trunc=0%  pl=0.002  vl=0.548  ent=1.837  kl=0.1656  gn=2.251
step=410880  rew=+85.533  swp=70.3  map=0.2  trunc=0%  pl=-0.022  vl=0.445  ent=1.952  kl=0.1777  gn=1.445
step=411136  rew=+86.133  swp=73.6  map=0.2  trunc=0%  pl=0.007  vl=0.315  ent=1.867  kl=0.1572  gn=1.345
step=411392  rew=+90.797  swp=78.0  map=0.2  trunc=0%  pl=0.026  vl=0.799  ent=1.763  kl=0.1252  gn=3.195
step=411648  rew=+89.489  swp=75.6  map=0.1  trunc=0%  pl=0.010  vl=0.480  ent=1.827  kl=0.1393  gn=1.985
step=411904  rew=+85.804  swp=72.6  map=0.1  trunc=0%  pl=0.019  vl=0.512  ent=1.250  kl=0.0440  gn=1.979
step=412160  rew=+80.740  swp=65.7  map=0.1  trunc=0%  pl=0.017  vl=0.626  ent=1.451  kl=0.0547  gn=2.155
step=412416  rew=+78.794  swp=60.2  map=0.2  trunc=0%  pl=-0.008  vl=0.284  ent=1.395  kl=0.0523  gn=1.853
step=412672  rew=+73.499  swp=55.6  map=0.2  trunc=0%  pl=-0.004  vl=0.379  ent=1.653  kl=0.1530  gn=1.720
step=412928  rew=+76.146  swp=56.7  map=0.1  trunc=0%  pl=-0.012  vl=0.255  ent=1.595  kl=0.0725  gn=1.909
step=413184  rew=+75.884  swp=56.5  map=0.1  trunc=0%  pl=-0.009  vl=0.424  ent=1.825  kl=0.1291  gn=1.556
step=413440  rew=+79.471  swp=59.8  map=0.1  trunc=0%  pl=0.009  vl=0.448  ent=1.691  kl=0.1253  gn=1.985
step=413696  rew=+79.027  swp=60.8  map=0.0  trunc=0%  pl=0.009  vl=0.741  ent=1.670  kl=0.0839  gn=2.069
step=413952  rew=+82.812  swp=63.5  map=0.1  trunc=0%  pl=-0.003  vl=0.510  ent=1.738  kl=0.1077  gn=1.700
step=414208  rew=+84.930  swp=65.1  map=0.1  trunc=0%  pl=0.003  vl=0.577  ent=1.590  kl=0.0677  gn=1.812
step=414464  rew=+82.561  swp=65.3  map=0.1  trunc=0%  pl=0.004  vl=0.463  ent=1.923  kl=0.1135  gn=1.525
step=414720  rew=+81.279  swp=66.6  map=0.1  trunc=0%  pl=0.021  vl=0.570  ent=1.525  kl=0.0581  gn=2.026
step=414976  rew=+82.080  swp=65.4  map=0.1  trunc=0%  pl=-0.008  vl=0.669  ent=1.746  kl=0.1022  gn=1.730
step=415232  rew=+78.297  swp=61.1  map=0.0  trunc=0%  pl=-0.004  vl=0.542  ent=1.659  kl=0.0826  gn=1.778
step=415488  rew=+79.676  swp=62.9  map=0.0  trunc=0%  pl=0.003  vl=1.027  ent=1.463  kl=0.0415  gn=1.621
step=415744  rew=+82.753  swp=64.2  map=0.0  trunc=0%  pl=0.022  vl=0.530  ent=1.555  kl=0.1103  gn=1.600
step=416000  rew=+83.795  swp=65.2  map=0.0  trunc=0%  pl=0.031  vl=0.321  ent=1.567  kl=0.0771  gn=1.934
step=416256  rew=+79.091  swp=60.7  map=0.1  trunc=0%  pl=0.005  vl=0.442  ent=1.488  kl=0.0484  gn=1.566
step=416512  rew=+75.995  swp=57.0  map=0.1  trunc=0%  pl=0.007  vl=0.385  ent=1.528  kl=0.0571  gn=2.333
step=416768  rew=+77.919  swp=61.2  map=0.1  trunc=0%  pl=-0.003  vl=0.495  ent=1.810  kl=0.0958  gn=1.739
step=417024  rew=+79.998  swp=63.0  map=0.1  trunc=0%  pl=-0.001  vl=0.272  ent=1.933  kl=0.1405  gn=1.521
step=417280  rew=+75.901  swp=58.0  map=0.1  trunc=0%  pl=-0.027  vl=0.446  ent=1.797  kl=0.1113  gn=1.299
step=417536  rew=+77.615  swp=58.5  map=0.0  trunc=0%  pl=0.021  vl=0.374  ent=1.603  kl=0.0878  gn=1.775
step=417792  rew=+81.628  swp=61.3  map=0.0  trunc=0%  pl=0.021  vl=0.527  ent=1.647  kl=0.0733  gn=2.261
step=418048  rew=+79.484  swp=56.9  map=0.0  trunc=0%  pl=-0.010  vl=0.413  ent=1.707  kl=0.1431  gn=1.824
step=418304  rew=+79.773  swp=61.9  map=0.0  trunc=0%  pl=-0.019  vl=0.562  ent=1.828  kl=0.1688  gn=1.905
step=418560  rew=+83.343  swp=64.7  map=0.0  trunc=0%  pl=0.011  vl=0.627  ent=1.582  kl=0.0634  gn=1.815
step=418816  rew=+83.830  swp=66.8  map=0.0  trunc=0%  pl=0.002  vl=0.428  ent=1.726  kl=0.1331  gn=1.438
step=419072  rew=+83.225  swp=66.1  map=0.1  trunc=0%  pl=-0.013  vl=0.568  ent=1.428  kl=0.0863  gn=2.343
step=419328  rew=+80.097  swp=63.2  map=0.1  trunc=0%  pl=-0.000  vl=0.425  ent=1.660  kl=0.0952  gn=1.885
step=419584  rew=+82.729  swp=67.1  map=0.1  trunc=0%  pl=0.002  vl=0.724  ent=1.837  kl=0.1470  gn=2.470
step=419840  rew=+81.100  swp=65.7  map=0.1  trunc=0%  pl=-0.005  vl=0.678  ent=1.731  kl=0.1337  gn=1.843
step=420096  rew=+80.490  swp=63.9  map=0.1  trunc=0%  pl=-0.001  vl=0.303  ent=1.650  kl=0.1000  gn=1.983
step=420352  rew=+82.228  swp=65.8  map=0.1  trunc=0%  pl=0.025  vl=0.628  ent=1.836  kl=0.1590  gn=2.104
step=420608  rew=+86.110  swp=72.0  map=0.1  trunc=0%  pl=0.024  vl=0.835  ent=1.809  kl=0.1417  gn=2.728
step=420864  rew=+87.120  swp=73.2  map=0.1  trunc=0%  pl=-0.029  vl=0.424  ent=2.078  kl=0.3200  gn=1.757
step=421120  rew=+83.872  swp=66.4  map=0.1  trunc=0%  pl=0.021  vl=0.432  ent=1.750  kl=0.1106  gn=1.916
step=421376  rew=+84.015  swp=67.9  map=0.1  trunc=0%  pl=0.003  vl=0.292  ent=1.193  kl=0.0586  gn=2.028
step=421632  rew=+85.071  swp=68.0  map=0.1  trunc=0%  pl=0.002  vl=0.560  ent=1.591  kl=0.0703  gn=1.917
step=421888  rew=+84.943  swp=65.8  map=0.0  trunc=0%  pl=0.022  vl=0.594  ent=1.803  kl=0.1268  gn=1.917
step=422144  rew=+89.750  swp=68.6  map=0.0  trunc=0%  pl=0.003  vl=0.450  ent=1.490  kl=0.0579  gn=2.049
step=422400  rew=+90.765  swp=71.2  map=0.0  trunc=0%  pl=-0.012  vl=0.426  ent=1.513  kl=0.0763  gn=1.838
step=422656  rew=+93.588  swp=72.7  map=0.0  trunc=0%  pl=-0.034  vl=0.486  ent=1.788  kl=0.1385  gn=1.471
step=422912  rew=+96.241  swp=75.2  map=0.0  trunc=0%  pl=0.045  vl=0.738  ent=1.509  kl=0.0802  gn=2.460
step=423168  rew=+96.353  swp=75.7  map=0.0  trunc=0%  pl=-0.022  vl=0.423  ent=1.850  kl=0.1076  gn=1.753
step=423424  rew=+91.664  swp=74.4  map=0.0  trunc=0%  pl=-0.000  vl=0.608  ent=1.612  kl=0.1176  gn=1.590
step=423680  rew=+88.767  swp=69.2  map=0.0  trunc=0%  pl=-0.009  vl=0.673  ent=1.898  kl=0.1135  gn=2.296
step=423936  rew=+87.067  swp=66.2  map=0.1  trunc=0%  pl=-0.017  vl=0.514  ent=1.705  kl=0.0779  gn=1.683
step=424192  rew=+83.367  swp=64.8  map=0.1  trunc=0%  pl=0.008  vl=0.658  ent=1.728  kl=0.0978  gn=2.049
step=424448  rew=+78.487  swp=59.5  map=0.1  trunc=0%  pl=0.000  vl=0.471  ent=1.783  kl=0.1034  gn=1.708
step=424704  rew=+82.066  swp=61.2  map=0.2  trunc=0%  pl=-0.006  vl=0.542  ent=1.791  kl=0.1238  gn=1.599
step=424960  rew=+76.620  swp=57.3  map=0.2  trunc=0%  pl=-0.017  vl=0.329  ent=1.626  kl=0.1054  gn=1.689
step=425216  rew=+79.361  swp=62.2  map=0.1  trunc=0%  pl=-0.003  vl=0.652  ent=1.709  kl=0.0566  gn=2.259
step=425472  rew=+78.159  swp=60.3  map=0.1  trunc=0%  pl=-0.013  vl=0.473  ent=1.491  kl=0.0613  gn=2.212
step=425728  rew=+80.058  swp=64.3  map=0.1  trunc=0%  pl=-0.000  vl=0.886  ent=1.566  kl=0.0727  gn=2.213
step=425984  rew=+79.855  swp=62.3  map=0.0  trunc=0%  pl=-0.008  vl=0.367  ent=1.519  kl=0.0755  gn=1.523
step=426240  rew=+81.596  swp=64.2  map=0.0  trunc=0%  pl=0.030  vl=0.469  ent=1.753  kl=0.1591  gn=2.444
step=426496  rew=+81.848  swp=66.2  map=0.0  trunc=0%  pl=0.032  vl=0.734  ent=1.783  kl=0.1219  gn=1.920
step=426752  rew=+86.261  swp=70.2  map=0.1  trunc=0%  pl=-0.009  vl=0.432  ent=1.543  kl=0.0723  gn=2.044
step=427008  rew=+85.793  swp=69.5  map=0.1  trunc=0%  pl=-0.022  vl=0.510  ent=1.598  kl=0.0674  gn=1.492
step=427264  rew=+90.352  swp=72.4  map=0.1  trunc=0%  pl=0.014  vl=0.748  ent=1.458  kl=0.0842  gn=1.826
step=427520  rew=+90.840  swp=73.5  map=0.1  trunc=0%  pl=0.009  vl=0.453  ent=1.573  kl=0.1042  gn=1.427
step=427776  rew=+90.410  swp=74.1  map=0.1  trunc=0%  pl=0.010  vl=0.608  ent=1.022  kl=0.0407  gn=2.323
step=428032  rew=+89.237  swp=73.1  map=0.1  trunc=0%  pl=0.008  vl=0.716  ent=1.487  kl=0.0481  gn=2.234
step=428288  rew=+90.818  swp=75.1  map=0.1  trunc=0%  pl=0.014  vl=0.421  ent=1.815  kl=0.1100  gn=2.066
step=428544  rew=+90.911  swp=75.3  map=0.0  trunc=0%  pl=-0.016  vl=0.724  ent=1.785  kl=0.0633  gn=1.590
step=428800  rew=+96.019  swp=80.2  map=0.1  trunc=0%  pl=0.037  vl=0.309  ent=1.408  kl=0.0793  gn=1.688
step=429056  rew=+95.409  swp=81.0  map=0.1  trunc=0%  pl=-0.002  vl=0.465  ent=1.608  kl=0.0395  gn=1.650
step=429312  rew=+95.023  swp=81.7  map=0.1  trunc=0%  pl=0.006  vl=0.471  ent=1.888  kl=0.1811  gn=1.409
step=429568  rew=+95.443  swp=79.0  map=0.1  trunc=0%  pl=-0.023  vl=0.606  ent=1.569  kl=0.0337  gn=1.533
step=429824  rew=+90.420  swp=73.7  map=0.1  trunc=0%  pl=-0.035  vl=0.339  ent=1.701  kl=0.0899  gn=1.407
step=430080  rew=+94.788  swp=77.3  map=0.1  trunc=0%  pl=-0.024  vl=0.328  ent=1.981  kl=0.1121  gn=1.990
step=430336  rew=+90.358  swp=73.9  map=0.1  trunc=0%  pl=0.008  vl=0.859  ent=1.474  kl=0.0389  gn=2.108
step=430592  rew=+93.029  swp=72.0  map=0.1  trunc=0%  pl=-0.015  vl=0.631  ent=1.361  kl=0.0326  gn=1.556
step=430848  rew=+88.054  swp=66.3  map=0.1  trunc=0%  pl=0.011  vl=0.630  ent=1.675  kl=0.0417  gn=1.992
step=431104  rew=+89.163  swp=66.3  map=0.1  trunc=0%  pl=-0.013  vl=0.277  ent=1.681  kl=0.0827  gn=1.620
step=431360  rew=+95.846  swp=73.6  map=0.1  trunc=0%  pl=0.027  vl=0.472  ent=1.501  kl=0.0568  gn=1.471
step=431616  rew=+87.239  swp=67.8  map=0.1  trunc=0%  pl=-0.020  vl=0.465  ent=1.596  kl=0.0713  gn=1.541
step=431872  rew=+90.515  swp=72.4  map=0.1  trunc=0%  pl=-0.016  vl=0.504  ent=1.661  kl=0.0967  gn=2.720
step=432128  rew=+91.478  swp=75.6  map=0.1  trunc=0%  pl=0.005  vl=0.578  ent=1.486  kl=0.0678  gn=1.887
step=432384  rew=+90.229  swp=79.2  map=0.1  trunc=0%  pl=-0.027  vl=0.334  ent=1.594  kl=0.0606  gn=1.421
step=432640  rew=+86.388  swp=74.0  map=0.0  trunc=0%  pl=-0.033  vl=0.266  ent=1.498  kl=0.0680  gn=1.248
step=432896  rew=+90.267  swp=75.4  map=0.0  trunc=0%  pl=-0.001  vl=0.358  ent=1.925  kl=0.1130  gn=1.887
step=433152  rew=+94.055  swp=77.9  map=0.0  trunc=0%  pl=0.018  vl=0.626  ent=1.733  kl=0.0748  gn=1.971
step=433408  rew=+89.923  swp=71.7  map=0.0  trunc=0%  pl=-0.003  vl=0.477  ent=1.581  kl=0.0556  gn=1.599
step=433664  rew=+88.724  swp=67.2  map=0.0  trunc=0%  pl=0.007  vl=0.615  ent=1.618  kl=0.0447  gn=1.783
step=433920  rew=+92.423  swp=70.5  map=0.0  trunc=0%  pl=0.003  vl=0.714  ent=1.992  kl=0.0791  gn=1.582
step=434176  rew=+88.279  swp=69.0  map=0.0  trunc=0%  pl=0.025  vl=0.557  ent=1.794  kl=0.0407  gn=1.684
step=434432  rew=+88.179  swp=68.8  map=0.0  trunc=0%  pl=-0.028  vl=0.584  ent=1.544  kl=0.0315  gn=1.528
step=434688  rew=+85.913  swp=67.0  map=0.0  trunc=0%  pl=0.019  vl=0.890  ent=1.349  kl=0.0316  gn=1.938
step=434944  rew=+91.053  swp=72.3  map=0.0  trunc=0%  pl=-0.009  vl=0.302  ent=1.919  kl=0.1122  gn=1.615
step=435200  rew=+94.691  swp=76.5  map=0.0  trunc=0%  pl=0.025  vl=0.527  ent=1.357  kl=0.0271  gn=2.683
step=435456  rew=+103.122  swp=84.3  map=0.0  trunc=0%  pl=0.003  vl=0.570  ent=1.453  kl=0.0468  gn=2.532
step=435712  rew=+100.482  swp=80.8  map=0.0  trunc=0%  pl=0.002  vl=0.557  ent=1.292  kl=0.0237  gn=2.027
step=435968  rew=+98.309  swp=78.6  map=0.0  trunc=0%  pl=0.022  vl=0.387  ent=1.342  kl=0.1143  gn=2.471
step=436224  rew=+101.017  swp=79.2  map=0.0  trunc=0%  pl=0.021  vl=0.479  ent=1.374  kl=0.0204  gn=2.089
step=436480  rew=+100.957  swp=79.3  map=0.0  trunc=0%  pl=0.012  vl=0.452  ent=1.188  kl=0.0409  gn=1.620
step=436736  rew=+100.002  swp=78.6  map=0.0  trunc=0%  pl=0.028  vl=0.586  ent=1.553  kl=0.0529  gn=1.528
step=436992  rew=+96.783  swp=74.3  map=0.0  trunc=0%  pl=-0.008  vl=0.527  ent=1.497  kl=0.0381  gn=1.843
step=437248  rew=+104.191  swp=77.5  map=0.0  trunc=0%  pl=0.014  vl=0.625  ent=1.459  kl=0.0279  gn=3.041
step=437504  rew=+102.906  swp=76.2  map=0.0  trunc=0%  pl=0.011  vl=0.728  ent=1.585  kl=0.0506  gn=2.843
step=437760  rew=+104.474  swp=79.1  map=0.0  trunc=0%  pl=-0.004  vl=0.315  ent=1.611  kl=0.0400  gn=1.437
step=438016  rew=+107.274  swp=78.7  map=0.0  trunc=0%  pl=-0.017  vl=0.669  ent=1.691  kl=0.0658  gn=1.623
step=438272  rew=+108.214  swp=79.1  map=0.0  trunc=0%  pl=0.004  vl=0.488  ent=1.812  kl=0.0427  gn=1.719
step=438528  rew=+110.179  swp=81.5  map=0.0  trunc=0%  pl=-0.019  vl=0.288  ent=1.812  kl=0.0380  gn=1.527
step=438784  rew=+106.439  swp=79.6  map=0.0  trunc=0%  pl=0.010  vl=0.592  ent=1.957  kl=0.0902  gn=1.561
step=439040  rew=+110.825  swp=83.3  map=0.0  trunc=0%  pl=0.003  vl=0.529  ent=1.636  kl=0.0535  gn=2.105
step=439296  rew=+119.321  swp=89.5  map=0.0  trunc=0%  pl=0.015  vl=0.693  ent=1.387  kl=0.0315  gn=2.007
step=439552  rew=+118.232  swp=89.2  map=0.0  trunc=0%  pl=0.010  vl=0.714  ent=1.515  kl=0.0424  gn=2.111
step=439808  rew=+122.033  swp=93.9  map=0.0  trunc=0%  pl=0.027  vl=0.341  ent=1.597  kl=0.0315  gn=2.287
step=440064  rew=+121.227  swp=95.0  map=0.0  trunc=0%  pl=-0.007  vl=0.529  ent=1.818  kl=0.0576  gn=2.271
step=440320  rew=+123.734  swp=98.4  map=0.0  trunc=0%  pl=-0.019  vl=0.753  ent=1.747  kl=0.0580  gn=2.162
step=440576  rew=+120.706  swp=95.9  map=0.0  trunc=0%  pl=0.002  vl=0.367  ent=1.710  kl=0.0669  gn=1.551
step=440832  rew=+120.264  swp=94.5  map=0.1  trunc=0%  pl=-0.001  vl=0.582  ent=1.602  kl=0.0331  gn=1.712
step=441088  rew=+111.947  swp=88.7  map=0.1  trunc=0%  pl=-0.010  vl=0.638  ent=1.986  kl=0.0715  gn=1.617
step=441344  rew=+112.570  swp=85.6  map=0.1  trunc=0%  pl=0.009  vl=0.637  ent=1.610  kl=0.0666  gn=1.697
step=441600  rew=+111.460  swp=82.2  map=0.1  trunc=0%  pl=0.012  vl=0.338  ent=1.545  kl=0.0321  gn=1.852
step=441856  rew=+108.266  swp=76.3  map=0.1  trunc=0%  pl=-0.036  vl=0.372  ent=1.955  kl=0.0730  gn=1.701
step=442112  rew=+109.214  swp=75.9  map=0.1  trunc=0%  pl=-0.010  vl=0.412  ent=1.918  kl=0.0522  gn=2.740
step=442368  rew=+117.666  swp=82.0  map=0.1  trunc=0%  pl=-0.007  vl=0.429  ent=1.826  kl=0.1591  gn=1.713
step=442624  rew=+117.293  swp=82.2  map=0.1  trunc=0%  pl=0.010  vl=0.540  ent=1.710  kl=0.0552  gn=2.039
step=442880  rew=+125.493  swp=91.2  map=0.1  trunc=0%  pl=0.024  vl=0.718  ent=1.704  kl=0.0731  gn=2.803
step=443136  rew=+122.791  swp=89.9  map=0.1  trunc=0%  pl=-0.003  vl=0.471  ent=1.672  kl=0.0327  gn=2.069
step=443392  rew=+119.505  swp=89.7  map=0.2  trunc=0%  pl=-0.010  vl=0.446  ent=1.525  kl=0.0349  gn=1.947
step=443648  rew=+121.242  swp=91.8  map=0.2  trunc=0%  pl=-0.012  vl=0.473  ent=1.612  kl=0.0322  gn=1.792
step=443904  rew=+128.102  swp=98.0  map=0.3  trunc=0%  pl=-0.016  vl=0.447  ent=1.935  kl=0.0891  gn=1.714
step=444160  rew=+123.931  swp=96.8  map=0.3  trunc=0%  pl=0.041  vl=0.507  ent=1.797  kl=0.0641  gn=1.797
step=444416  rew=+125.127  swp=100.2  map=0.3  trunc=0%  pl=0.009  vl=0.751  ent=1.501  kl=0.0253  gn=1.812
step=444672  rew=+124.175  swp=99.8  map=0.5  trunc=0%  pl=-0.019  vl=0.434  ent=1.730  kl=0.0248  gn=1.798
step=444928  rew=+126.566  swp=98.7  map=0.5  trunc=0%  pl=-0.022  vl=0.555  ent=1.738  kl=0.0554  gn=2.297
step=445184  rew=+124.971  swp=95.2  map=0.4  trunc=0%  pl=-0.018  vl=0.405  ent=1.947  kl=0.0773  gn=1.418
step=445440  rew=+118.944  swp=91.3  map=0.2  trunc=0%  pl=-0.025  vl=0.400  ent=2.157  kl=0.1191  gn=1.405
step=445696  rew=+125.411  swp=95.3  map=0.2  trunc=0%  pl=-0.015  vl=0.451  ent=1.880  kl=0.0284  gn=1.837
step=445952  rew=+128.855  swp=96.4  map=0.2  trunc=0%  pl=-0.028  vl=0.615  ent=2.040  kl=0.0621  gn=2.090
step=446208  rew=+128.769  swp=94.9  map=0.2  trunc=0%  pl=-0.008  vl=0.414  ent=2.056  kl=0.0491  gn=1.693
step=446464  rew=+124.734  swp=91.7  map=0.1  trunc=0%  pl=-0.005  vl=0.460  ent=2.064  kl=0.0534  gn=1.638
step=446720  rew=+126.573  swp=92.1  map=0.1  trunc=0%  pl=-0.015  vl=0.581  ent=1.472  kl=0.0329  gn=1.853
step=446976  rew=+129.710  swp=93.2  map=0.1  trunc=0%  pl=-0.005  vl=0.629  ent=1.906  kl=0.0341  gn=2.077
step=447232  rew=+135.136  swp=98.4  map=0.1  trunc=0%  pl=0.002  vl=0.675  ent=1.802  kl=0.0317  gn=2.002
step=447488  rew=+142.173  swp=103.8  map=0.1  trunc=0%  pl=0.009  vl=0.618  ent=1.715  kl=0.0310  gn=3.203
step=447744  rew=+141.214  swp=103.7  map=0.1  trunc=0%  pl=0.004  vl=0.764  ent=1.587  kl=0.0259  gn=2.924
step=448000  rew=+138.397  swp=101.3  map=0.1  trunc=0%  pl=0.008  vl=0.772  ent=1.959  kl=0.1027  gn=2.409
step=448256  rew=+134.882  swp=97.8  map=0.0  trunc=0%  pl=0.005  vl=0.385  ent=1.720  kl=0.0388  gn=2.466
step=448512  rew=+127.771  swp=94.8  map=0.0  trunc=0%  pl=0.017  vl=0.753  ent=1.604  kl=0.0468  gn=1.621
step=448768  rew=+126.084  swp=94.3  map=0.0  trunc=0%  pl=-0.002  vl=0.580  ent=2.109  kl=0.0493  gn=1.755
step=449024  rew=+121.376  swp=90.8  map=0.0  trunc=0%  pl=-0.028  vl=0.569  ent=2.054  kl=0.0565  gn=1.658
step=449280  rew=+113.567  swp=86.8  map=0.1  trunc=0%  pl=0.021  vl=0.857  ent=1.645  kl=0.0443  gn=2.039
step=449536  rew=+115.136  swp=87.0  map=0.1  trunc=0%  pl=-0.002  vl=0.335  ent=1.641  kl=0.0280  gn=1.837
step=449792  rew=+120.297  swp=91.1  map=0.1  trunc=0%  pl=-0.025  vl=0.958  ent=1.838  kl=0.0434  gn=2.188
step=450048  rew=+113.029  swp=87.2  map=0.1  trunc=0%  pl=-0.013  vl=0.369  ent=1.722  kl=0.0310  gn=2.388
step=450304  rew=+118.797  swp=89.2  map=0.1  trunc=0%  pl=0.028  vl=0.492  ent=2.052  kl=0.0552  gn=2.489
step=450560  rew=+122.364  swp=91.4  map=0.1  trunc=0%  pl=-0.034  vl=0.826  ent=2.094  kl=0.0405  gn=1.667
step=450816  rew=+126.989  swp=95.3  map=0.1  trunc=0%  pl=-0.018  vl=0.546  ent=1.849  kl=0.0328  gn=1.682
step=451072  rew=+128.371  swp=95.3  map=0.2  trunc=0%  pl=-0.017  vl=0.468  ent=1.910  kl=0.0370  gn=1.603
step=451328  rew=+134.795  swp=101.8  map=0.1  trunc=0%  pl=-0.015  vl=0.505  ent=1.957  kl=0.0361  gn=1.940
step=451584  rew=+134.149  swp=102.9  map=0.1  trunc=0%  pl=-0.022  vl=0.591  ent=2.553  kl=0.0962  gn=1.989
step=451840  rew=+128.720  swp=102.0  map=0.1  trunc=0%  pl=-0.028  vl=0.645  ent=2.186  kl=0.0494  gn=2.083
step=452096  rew=+133.836  swp=105.6  map=0.1  trunc=0%  pl=-0.013  vl=0.515  ent=1.844  kl=0.0441  gn=2.696
step=452352  rew=+136.160  swp=106.8  map=0.1  trunc=0%  pl=-0.002  vl=0.420  ent=2.006  kl=0.0657  gn=1.372
step=452608  rew=+136.321  swp=110.1  map=0.1  trunc=0%  pl=0.005  vl=0.980  ent=1.775  kl=0.0876  gn=2.640
step=452864  rew=+142.511  swp=111.8  map=0.1  trunc=0%  pl=-0.027  vl=0.324  ent=1.813  kl=0.0243  gn=1.735
step=453120  rew=+141.876  swp=113.2  map=0.1  trunc=0%  pl=0.005  vl=0.671  ent=2.058  kl=0.0421  gn=1.879
step=453376  rew=+145.178  swp=118.5  map=0.0  trunc=0%  pl=0.005  vl=0.338  ent=2.088  kl=0.0343  gn=1.582
step=453632  rew=+145.772  swp=119.3  map=0.1  trunc=0%  pl=-0.014  vl=0.876  ent=1.975  kl=0.0292  gn=2.365
step=453888  rew=+139.551  swp=112.7  map=0.1  trunc=0%  pl=-0.020  vl=0.589  ent=1.922  kl=0.0488  gn=1.454
step=454144  rew=+143.709  swp=116.5  map=0.1  trunc=0%  pl=-0.003  vl=0.594  ent=2.066  kl=0.0475  gn=1.715
step=454400  rew=+140.953  swp=112.8  map=0.1  trunc=0%  pl=-0.025  vl=0.377  ent=2.114  kl=0.0600  gn=1.634
step=454656  rew=+142.281  swp=117.2  map=0.1  trunc=0%  pl=0.016  vl=0.514  ent=2.043  kl=0.0338  gn=2.011
step=454912  rew=+147.707  swp=120.5  map=0.1  trunc=0%  pl=-0.030  vl=0.452  ent=2.281  kl=0.0419  gn=1.200
step=455168  rew=+141.236  swp=116.3  map=0.1  trunc=0%  pl=-0.021  vl=0.394  ent=2.150  kl=0.0346  gn=2.202
step=455424  rew=+139.552  swp=112.4  map=0.1  trunc=0%  pl=-0.016  vl=0.627  ent=1.879  kl=0.0320  gn=2.026
step=455680  rew=+138.219  swp=107.0  map=0.0  trunc=0%  pl=-0.025  vl=0.792  ent=2.052  kl=0.0419  gn=2.210
step=455936  rew=+140.096  swp=108.4  map=0.0  trunc=0%  pl=0.005  vl=0.407  ent=1.780  kl=0.0273  gn=1.793
step=456192  rew=+147.312  swp=110.5  map=0.0  trunc=0%  pl=0.033  vl=1.584  ent=2.021  kl=0.0330  gn=5.715
step=456448  rew=+147.770  swp=112.8  map=0.0  trunc=0%  pl=-0.019  vl=0.772  ent=1.969  kl=0.0284  gn=2.705
step=456704  rew=+147.567  swp=114.5  map=0.0  trunc=0%  pl=0.008  vl=0.641  ent=1.886  kl=0.0205  gn=1.803
step=456960  rew=+145.561  swp=110.4  map=0.0  trunc=0%  pl=0.018  vl=0.496  ent=1.547  kl=0.0343  gn=1.481
step=457216  rew=+142.964  swp=108.5  map=0.1  trunc=0%  pl=0.002  vl=0.637  ent=1.388  kl=0.0267  gn=1.627
step=457472  rew=+143.272  swp=110.0  map=0.1  trunc=0%  pl=0.005  vl=0.362  ent=1.507  kl=0.0519  gn=2.052
step=457728  rew=+146.320  swp=112.8  map=0.1  trunc=0%  pl=-0.007  vl=0.819  ent=1.822  kl=0.0319  gn=2.025
step=457984  rew=+143.617  swp=109.5  map=0.1  trunc=0%  pl=-0.004  vl=0.397  ent=1.947  kl=0.0475  gn=2.069
step=458240  rew=+136.532  swp=106.0  map=0.1  trunc=0%  pl=-0.015  vl=0.852  ent=1.602  kl=0.0244  gn=1.878
step=458496  rew=+135.053  swp=101.8  map=0.1  trunc=0%  pl=-0.008  vl=0.423  ent=1.865  kl=0.0460  gn=1.506
step=458752  rew=+137.188  swp=106.9  map=0.1  trunc=0%  pl=-0.024  vl=0.687  ent=2.047  kl=0.0488  gn=1.430
step=459008  rew=+133.675  swp=104.7  map=0.1  trunc=0%  pl=-0.004  vl=0.722  ent=2.004  kl=0.0344  gn=1.521
step=459264  rew=+137.320  swp=108.5  map=0.1  trunc=0%  pl=-0.001  vl=0.569  ent=2.138  kl=0.0410  gn=1.809
step=459520  rew=+141.551  swp=111.3  map=0.1  trunc=0%  pl=-0.029  vl=0.455  ent=2.246  kl=0.0612  gn=1.283
step=459776  rew=+142.683  swp=113.3  map=0.1  trunc=0%  pl=-0.000  vl=0.473  ent=1.759  kl=0.0360  gn=2.263
step=460032  rew=+140.604  swp=112.3  map=0.2  trunc=0%  pl=-0.004  vl=0.389  ent=2.098  kl=0.0788  gn=1.680
step=460288  rew=+142.241  swp=113.0  map=0.2  trunc=0%  pl=-0.012  vl=0.614  ent=1.829  kl=0.0359  gn=2.117
step=460544  rew=+146.813  swp=114.5  map=0.2  trunc=0%  pl=-0.023  vl=0.571  ent=1.866  kl=0.0390  gn=2.371
step=460800  rew=+146.042  swp=114.2  map=0.2  trunc=0%  pl=-0.001  vl=0.712  ent=1.997  kl=0.0468  gn=2.523
step=461056  rew=+149.263  swp=113.8  map=0.1  trunc=0%  pl=0.011  vl=0.251  ent=2.091  kl=0.0551  gn=1.752
step=461312  rew=+152.710  swp=115.0  map=0.1  trunc=0%  pl=-0.029  vl=0.299  ent=2.094  kl=0.0550  gn=1.528
step=461568  rew=+152.884  swp=114.9  map=0.1  trunc=0%  pl=-0.016  vl=0.286  ent=1.879  kl=0.0551  gn=1.571
step=461824  rew=+145.942  swp=108.2  map=0.2  trunc=0%  pl=-0.019  vl=0.385  ent=1.917  kl=0.0517  gn=1.937
step=462080  rew=+142.749  swp=102.5  map=0.1  trunc=0%  pl=0.025  vl=0.839  ent=1.362  kl=0.0350  gn=2.034
step=462336  rew=+144.953  swp=105.2  map=0.1  trunc=0%  pl=-0.018  vl=0.393  ent=1.768  kl=0.0285  gn=1.547
step=462592  rew=+142.971  swp=105.6  map=0.1  trunc=0%  pl=0.008  vl=0.915  ent=1.813  kl=0.0416  gn=2.190
step=462848  rew=+139.146  swp=102.4  map=0.1  trunc=0%  pl=-0.024  vl=0.268  ent=2.076  kl=0.0748  gn=1.678
step=463104  rew=+137.974  swp=100.4  map=0.2  trunc=0%  pl=0.007  vl=0.642  ent=1.910  kl=0.0935  gn=2.073
step=463360  rew=+133.736  swp=96.2  map=0.2  trunc=0%  pl=0.009  vl=0.521  ent=1.500  kl=0.0359  gn=1.675
step=463616  rew=+136.576  swp=98.4  map=0.3  trunc=0%  pl=-0.007  vl=0.359  ent=1.556  kl=0.0703  gn=1.595
step=463872  rew=+137.361  swp=97.8  map=0.3  trunc=0%  pl=0.028  vl=0.704  ent=1.916  kl=0.0890  gn=2.650
step=464128  rew=+142.400  swp=102.2  map=0.4  trunc=0%  pl=0.001  vl=0.459  ent=1.562  kl=0.0655  gn=2.254
step=464384  rew=+142.411  swp=103.4  map=0.4  trunc=0%  pl=-0.018  vl=0.492  ent=1.870  kl=0.0971  gn=1.820
step=464640  rew=+144.588  swp=103.7  map=0.3  trunc=0%  pl=0.038  vl=0.956  ent=1.807  kl=0.0564  gn=2.973
step=464896  rew=+147.475  swp=107.3  map=0.3  trunc=0%  pl=0.013  vl=0.458  ent=1.757  kl=0.0755  gn=2.162
step=465152  rew=+148.003  swp=108.0  map=0.4  trunc=0%  pl=-0.007  vl=0.446  ent=2.130  kl=0.1045  gn=1.831
step=465408  rew=+146.054  swp=108.0  map=0.2  trunc=0%  pl=-0.023  vl=0.483  ent=2.055  kl=0.1100  gn=1.711
step=465664  rew=+143.355  swp=108.4  map=0.2  trunc=0%  pl=0.029  vl=0.773  ent=2.226  kl=0.1437  gn=2.500
step=465920  rew=+145.847  swp=111.5  map=0.1  trunc=0%  pl=-0.033  vl=0.519  ent=1.710  kl=0.0737  gn=1.715
step=466176  rew=+148.184  swp=114.5  map=0.1  trunc=0%  pl=0.026  vl=0.692  ent=1.822  kl=0.0600  gn=3.555
step=466432  rew=+147.313  swp=115.7  map=0.2  trunc=0%  pl=-0.019  vl=0.263  ent=1.876  kl=0.0782  gn=2.367
step=466688  rew=+146.461  swp=116.5  map=0.1  trunc=0%  pl=0.003  vl=0.511  ent=1.741  kl=0.0572  gn=1.897
step=466944  rew=+143.910  swp=116.2  map=0.1  trunc=0%  pl=-0.013  vl=0.352  ent=1.790  kl=0.0816  gn=2.309
step=467200  rew=+143.683  swp=116.1  map=0.1  trunc=0%  pl=0.004  vl=0.661  ent=1.524  kl=0.0313  gn=2.218
step=467456  rew=+144.629  swp=116.8  map=0.1  trunc=0%  pl=0.025  vl=0.682  ent=1.858  kl=0.0617  gn=1.771
step=467712  rew=+140.160  swp=115.6  map=0.1  trunc=0%  pl=-0.042  vl=0.399  ent=2.074  kl=0.0936  gn=2.537
step=467968  rew=+144.794  swp=118.2  map=0.1  trunc=0%  pl=-0.010  vl=0.400  ent=1.909  kl=0.0769  gn=1.932
step=468224  rew=+145.490  swp=118.5  map=0.1  trunc=0%  pl=-0.016  vl=0.176  ent=2.023  kl=0.0884  gn=1.796
step=468480  rew=+145.593  swp=118.0  map=0.1  trunc=0%  pl=-0.006  vl=0.493  ent=1.912  kl=0.0595  gn=1.740
step=468736  rew=+146.378  swp=118.8  map=0.1  trunc=0%  pl=-0.029  vl=0.499  ent=1.918  kl=0.0635  gn=1.389
step=468992  rew=+148.267  swp=117.4  map=0.1  trunc=0%  pl=-0.030  vl=0.368  ent=1.921  kl=0.0625  gn=2.298
step=469248  rew=+151.670  swp=116.3  map=0.1  trunc=0%  pl=0.010  vl=0.507  ent=1.399  kl=0.0239  gn=1.749
step=469504  rew=+151.981  swp=116.2  map=0.1  trunc=0%  pl=-0.006  vl=0.612  ent=1.748  kl=0.0509  gn=1.485
step=469760  rew=+152.874  swp=118.4  map=0.0  trunc=0%  pl=-0.005  vl=0.881  ent=1.769  kl=0.0432  gn=1.764
step=470016  rew=+156.710  swp=120.5  map=0.0  trunc=0%  pl=-0.014  vl=0.392  ent=1.884  kl=0.0659  gn=2.016
step=470272  rew=+152.986  swp=117.5  map=0.0  trunc=0%  pl=0.004  vl=0.677  ent=1.585  kl=0.0402  gn=1.716
step=470528  rew=+153.959  swp=116.8  map=0.0  trunc=0%  pl=0.003  vl=0.699  ent=1.857  kl=0.0434  gn=1.776
step=470784  rew=+152.556  swp=114.3  map=0.0  trunc=0%  pl=0.008  vl=0.531  ent=1.471  kl=0.0248  gn=2.134
step=471040  rew=+152.039  swp=114.5  map=0.0  trunc=0%  pl=-0.013  vl=0.549  ent=2.094  kl=0.0678  gn=1.991
step=471296  rew=+146.655  swp=112.9  map=0.1  trunc=0%  pl=-0.010  vl=0.432  ent=1.824  kl=0.0616  gn=1.726
step=471552  rew=+149.482  swp=115.9  map=0.1  trunc=0%  pl=-0.002  vl=0.951  ent=1.901  kl=0.0724  gn=2.713
step=471808  rew=+151.102  swp=118.8  map=0.1  trunc=0%  pl=0.018  vl=0.764  ent=1.744  kl=0.0921  gn=2.246
step=472064  rew=+149.280  swp=117.2  map=0.1  trunc=0%  pl=0.009  vl=0.624  ent=1.840  kl=0.0446  gn=1.785
step=472320  rew=+148.257  swp=115.8  map=0.1  trunc=0%  pl=-0.007  vl=0.709  ent=2.250  kl=0.0638  gn=1.607
step=472576  rew=+153.727  swp=121.0  map=0.1  trunc=0%  pl=-0.008  vl=0.466  ent=1.796  kl=0.0365  gn=1.809
step=472832  rew=+152.861  swp=120.3  map=0.1  trunc=0%  pl=-0.006  vl=0.707  ent=1.938  kl=0.0460  gn=1.475
step=473088  rew=+150.465  swp=119.2  map=0.1  trunc=0%  pl=-0.016  vl=0.481  ent=1.874  kl=0.0529  gn=1.617
step=473344  rew=+146.024  swp=115.5  map=0.1  trunc=0%  pl=-0.026  vl=0.777  ent=1.938  kl=0.0468  gn=1.627
step=473600  rew=+141.468  swp=111.2  map=0.0  trunc=0%  pl=-0.021  vl=0.621  ent=1.755  kl=0.0554  gn=2.078
step=473856  rew=+143.225  swp=114.8  map=0.0  trunc=0%  pl=0.020  vl=0.567  ent=1.936  kl=0.1454  gn=1.530
step=474112  rew=+139.181  swp=114.1  map=0.1  trunc=0%  pl=-0.023  vl=0.518  ent=2.259  kl=0.0722  gn=1.553
step=474368  rew=+135.979  swp=107.5  map=0.1  trunc=0%  pl=0.019  vl=0.548  ent=1.642  kl=0.0410  gn=2.433
step=474624  rew=+133.179  swp=102.7  map=0.1  trunc=0%  pl=-0.014  vl=0.631  ent=1.733  kl=0.0353  gn=2.151
step=474880  rew=+134.245  swp=105.7  map=0.1  trunc=0%  pl=0.000  vl=0.586  ent=2.215  kl=0.1183  gn=2.613
step=475136  rew=+135.997  swp=109.3  map=0.1  trunc=0%  pl=-0.005  vl=0.486  ent=1.680  kl=0.0274  gn=2.421
step=475392  rew=+136.875  swp=110.5  map=0.1  trunc=0%  pl=-0.012  vl=0.708  ent=1.674  kl=0.0290  gn=1.764
step=475648  rew=+134.073  swp=106.5  map=0.1  trunc=0%  pl=0.003  vl=0.772  ent=1.712  kl=0.0272  gn=1.861
step=475904  rew=+133.976  swp=106.0  map=0.1  trunc=0%  pl=-0.018  vl=0.390  ent=2.425  kl=0.0469  gn=1.537
step=476160  rew=+131.649  swp=101.3  map=0.1  trunc=0%  pl=-0.019  vl=0.467  ent=2.295  kl=0.0614  gn=1.372
step=476416  rew=+135.734  swp=106.2  map=0.1  trunc=0%  pl=0.007  vl=0.809  ent=1.876  kl=0.0231  gn=1.998
step=476672  rew=+141.625  swp=110.4  map=0.1  trunc=0%  pl=-0.008  vl=0.429  ent=1.891  kl=0.0293  gn=1.644
step=476928  rew=+138.048  swp=108.4  map=0.1  trunc=0%  pl=0.005  vl=0.499  ent=2.028  kl=0.0434  gn=2.120
step=477184  rew=+137.431  swp=104.7  map=0.1  trunc=0%  pl=0.000  vl=0.615  ent=1.954  kl=0.0304  gn=1.850
step=477440  rew=+139.639  swp=106.5  map=0.1  trunc=0%  pl=-0.019  vl=0.532  ent=2.526  kl=0.0647  gn=1.829
step=477696  rew=+141.906  swp=109.2  map=0.1  trunc=0%  pl=-0.006  vl=0.556  ent=1.822  kl=0.0214  gn=1.709
step=477952  rew=+143.204  swp=111.5  map=0.1  trunc=0%  pl=-0.009  vl=0.426  ent=1.778  kl=0.0248  gn=1.664
step=478208  rew=+143.355  swp=109.4  map=0.1  trunc=0%  pl=-0.028  vl=0.521  ent=1.772  kl=0.0261  gn=1.548
step=478464  rew=+141.204  swp=107.7  map=0.1  trunc=0%  pl=-0.011  vl=0.598  ent=1.880  kl=0.0320  gn=2.496
step=478720  rew=+134.673  swp=101.0  map=0.1  trunc=0%  pl=0.006  vl=0.468  ent=1.999  kl=0.0427  gn=1.680
step=478976  rew=+140.406  swp=103.4  map=0.1  trunc=0%  pl=0.001  vl=0.517  ent=1.963  kl=0.0300  gn=2.099
step=479232  rew=+139.451  swp=103.5  map=0.1  trunc=0%  pl=-0.012  vl=0.774  ent=1.865  kl=0.0625  gn=1.675
step=479488  rew=+138.418  swp=102.5  map=0.1  trunc=0%  pl=-0.018  vl=0.407  ent=2.091  kl=0.0717  gn=1.430
step=479744  rew=+139.607  swp=102.8  map=0.0  trunc=0%  pl=-0.015  vl=0.308  ent=2.051  kl=0.0342  gn=1.328
step=480000  rew=+141.281  swp=104.3  map=0.0  trunc=0%  pl=-0.009  vl=0.485  ent=1.654  kl=0.0223  gn=2.114
step=480256  rew=+142.737  swp=103.0  map=0.0  trunc=0%  pl=-0.041  vl=0.701  ent=2.101  kl=0.0665  gn=1.907
step=480512  rew=+148.810  swp=107.7  map=0.0  trunc=0%  pl=-0.001  vl=0.380  ent=2.015  kl=0.0652  gn=1.863
step=480768  rew=+149.064  swp=110.6  map=0.0  trunc=0%  pl=0.013  vl=0.776  ent=1.749  kl=0.0273  gn=1.608
step=481024  rew=+150.325  swp=113.7  map=0.0  trunc=0%  pl=-0.004  vl=0.421  ent=1.586  kl=0.0299  gn=1.399
step=481280  rew=+146.483  swp=111.0  map=0.0  trunc=0%  pl=-0.020  vl=0.571  ent=1.781  kl=0.1001  gn=1.773
step=481536  rew=+149.743  swp=113.6  map=0.0  trunc=0%  pl=-0.014  vl=0.597  ent=1.894  kl=0.0492  gn=1.919
step=481792  rew=+152.317  swp=115.9  map=0.0  trunc=0%  pl=-0.029  vl=0.461  ent=2.244  kl=0.0597  gn=2.308
step=482048  rew=+147.713  swp=111.3  map=0.0  trunc=0%  pl=0.001  vl=0.787  ent=2.086  kl=0.0686  gn=1.727
step=482304  rew=+149.570  swp=115.5  map=0.0  trunc=0%  pl=-0.009  vl=0.465  ent=1.989  kl=0.0438  gn=1.367
step=482560  rew=+146.721  swp=116.7  map=0.0  trunc=0%  pl=0.010  vl=0.748  ent=1.876  kl=0.0849  gn=1.705
step=482816  rew=+141.204  swp=112.1  map=0.0  trunc=0%  pl=-0.019  vl=0.286  ent=1.780  kl=0.0399  gn=1.363
step=483072  rew=+143.165  swp=111.8  map=0.0  trunc=0%  pl=-0.024  vl=0.674  ent=1.910  kl=0.0206  gn=1.459
step=483328  rew=+142.487  swp=109.5  map=0.0  trunc=0%  pl=0.008  vl=0.945  ent=1.578  kl=0.0221  gn=1.471
step=483584  rew=+141.937  swp=111.5  map=0.0  trunc=0%  pl=-0.013  vl=0.643  ent=1.489  kl=0.0200  gn=1.953
step=483840  rew=+138.133  swp=108.5  map=0.0  trunc=0%  pl=-0.027  vl=0.439  ent=1.873  kl=0.0339  gn=1.593
step=484096  rew=+140.002  swp=107.8  map=0.0  trunc=0%  pl=0.003  vl=0.614  ent=1.740  kl=0.0602  gn=1.227
step=484352  rew=+136.668  swp=106.2  map=0.0  trunc=0%  pl=-0.011  vl=0.320  ent=1.877  kl=0.0504  gn=1.460
step=484608  rew=+140.090  swp=109.5  map=0.0  trunc=0%  pl=0.005  vl=0.468  ent=1.577  kl=0.0267  gn=1.613
step=484864  rew=+143.678  swp=112.3  map=0.0  trunc=0%  pl=0.003  vl=0.236  ent=1.718  kl=0.0312  gn=1.221
step=485120  rew=+145.721  swp=113.4  map=0.0  trunc=0%  pl=0.012  vl=1.106  ent=1.987  kl=0.0484  gn=1.988
step=485376  rew=+145.169  swp=110.5  map=0.0  trunc=0%  pl=0.007  vl=0.577  ent=1.933  kl=0.0461  gn=1.587
step=485632  rew=+147.179  swp=112.8  map=0.0  trunc=0%  pl=0.012  vl=0.658  ent=1.924  kl=0.0521  gn=2.245
step=485888  rew=+147.430  swp=112.3  map=0.0  trunc=0%  pl=-0.012  vl=0.620  ent=1.877  kl=0.0431  gn=1.819
step=486144  rew=+147.441  swp=113.8  map=0.0  trunc=0%  pl=-0.004  vl=0.437  ent=1.661  kl=0.0412  gn=1.754
step=486400  rew=+145.773  swp=112.5  map=0.0  trunc=0%  pl=-0.009  vl=0.491  ent=1.832  kl=0.0421  gn=1.652
step=486656  rew=+144.290  swp=110.4  map=0.0  trunc=0%  pl=-0.019  vl=0.646  ent=1.610  kl=0.0346  gn=2.274
step=486912  rew=+144.095  swp=110.2  map=0.0  trunc=0%  pl=0.024  vl=0.504  ent=1.731  kl=0.0285  gn=1.789
step=487168  rew=+140.858  swp=109.5  map=0.0  trunc=0%  pl=0.010  vl=0.330  ent=1.606  kl=0.0300  gn=1.619
step=487424  rew=+138.145  swp=107.8  map=0.0  trunc=0%  pl=0.003  vl=0.437  ent=1.843  kl=0.0365  gn=1.613
step=487680  rew=+138.161  swp=109.7  map=0.0  trunc=0%  pl=0.005  vl=0.629  ent=1.786  kl=0.0314  gn=2.055
step=487936  rew=+136.822  swp=107.2  map=0.0  trunc=0%  pl=-0.014  vl=0.489  ent=1.584  kl=0.0186  gn=1.601
step=488192  rew=+141.005  swp=109.7  map=0.0  trunc=0%  pl=0.007  vl=0.469  ent=1.754  kl=0.0187  gn=2.203
step=488448  rew=+141.549  swp=109.3  map=0.0  trunc=0%  pl=-0.009  vl=0.718  ent=1.801  kl=0.0324  gn=1.596
step=488704  rew=+143.716  swp=109.2  map=0.0  trunc=0%  pl=-0.015  vl=0.404  ent=1.887  kl=0.0333  gn=2.258
step=488960  rew=+143.326  swp=110.5  map=0.0  trunc=0%  pl=-0.007  vl=0.409  ent=1.982  kl=0.0335  gn=1.554
step=489216  rew=+144.815  swp=109.9  map=0.0  trunc=0%  pl=-0.014  vl=0.318  ent=2.174  kl=0.0464  gn=1.843
step=489472  rew=+143.563  swp=109.2  map=0.0  trunc=0%  pl=-0.019  vl=0.452  ent=2.021  kl=0.0384  gn=1.712
step=489728  rew=+147.807  swp=110.6  map=0.0  trunc=0%  pl=-0.018  vl=0.628  ent=1.886  kl=0.0394  gn=2.030
step=489984  rew=+145.654  swp=108.8  map=0.0  trunc=0%  pl=-0.032  vl=0.411  ent=1.996  kl=0.0355  gn=1.330
step=490240  rew=+146.621  swp=109.0  map=0.0  trunc=0%  pl=-0.003  vl=0.710  ent=1.939  kl=0.0255  gn=2.306
step=490496  rew=+147.703  swp=109.5  map=0.0  trunc=0%  pl=0.015  vl=0.657  ent=2.000  kl=0.0273  gn=1.715
step=490752  rew=+149.468  swp=112.4  map=0.0  trunc=0%  pl=-0.007  vl=0.584  ent=1.905  kl=0.0414  gn=1.862
step=491008  rew=+145.017  swp=108.8  map=0.0  trunc=0%  pl=-0.011  vl=0.498  ent=1.662  kl=0.0135  gn=1.983
step=491264  rew=+145.928  swp=108.4  map=0.0  trunc=0%  pl=0.026  vl=0.278  ent=1.853  kl=0.0655  gn=2.660
step=491520  rew=+148.117  swp=109.1  map=0.0  trunc=0%  pl=-0.027  vl=0.446  ent=2.024  kl=0.0268  gn=1.574
step=491776  rew=+146.090  swp=107.3  map=0.0  trunc=0%  pl=-0.006  vl=0.461  ent=2.048  kl=0.0445  gn=1.481
step=492032  rew=+148.598  swp=109.4  map=0.0  trunc=0%  pl=-0.031  vl=0.676  ent=1.930  kl=0.0289  gn=2.386
step=492288  rew=+148.755  swp=111.5  map=0.0  trunc=0%  pl=-0.008  vl=0.744  ent=1.715  kl=0.0265  gn=1.836
step=492544  rew=+145.657  swp=105.9  map=0.0  trunc=0%  pl=0.010  vl=0.532  ent=1.617  kl=0.1056  gn=1.850
step=492800  rew=+145.100  swp=106.7  map=0.0  trunc=0%  pl=-0.009  vl=0.738  ent=2.222  kl=0.0917  gn=2.005
step=493056  rew=+147.644  swp=107.3  map=0.0  trunc=0%  pl=0.015  vl=0.953  ent=1.683  kl=0.0324  gn=1.775
step=493312  rew=+151.132  swp=110.0  map=0.0  trunc=0%  pl=-0.023  vl=0.624  ent=1.766  kl=0.0389  gn=1.695
step=493568  rew=+147.943  swp=108.5  map=0.0  trunc=0%  pl=-0.014  vl=0.640  ent=1.714  kl=0.0279  gn=1.651
step=493824  rew=+148.818  swp=109.9  map=0.1  trunc=0%  pl=-0.042  vl=0.627  ent=2.351  kl=0.0851  gn=2.093
step=494080  rew=+149.203  swp=111.0  map=0.1  trunc=0%  pl=0.003  vl=0.486  ent=1.882  kl=0.0849  gn=1.460
step=494336  rew=+142.134  swp=108.0  map=0.1  trunc=0%  pl=-0.002  vl=0.538  ent=1.394  kl=0.0261  gn=2.752
step=494592  rew=+138.959  swp=106.1  map=0.1  trunc=0%  pl=-0.014  vl=0.756  ent=2.127  kl=0.0691  gn=2.440
step=494848  rew=+141.293  swp=110.4  map=0.1  trunc=0%  pl=0.007  vl=0.355  ent=1.365  kl=0.0367  gn=1.816
step=495104  rew=+140.171  swp=108.0  map=0.1  trunc=0%  pl=-0.011  vl=0.469  ent=1.930  kl=0.0485  gn=1.833
step=495360  rew=+142.079  swp=109.0  map=0.1  trunc=0%  pl=0.021  vl=0.600  ent=1.707  kl=0.0491  gn=1.766
step=495616  rew=+141.638  swp=108.7  map=0.1  trunc=0%  pl=0.005  vl=0.442  ent=1.509  kl=0.0273  gn=1.642
step=495872  rew=+143.332  swp=110.5  map=0.1  trunc=0%  pl=0.006  vl=0.785  ent=1.464  kl=0.0266  gn=2.371
step=496128  rew=+144.737  swp=112.5  map=0.0  trunc=0%  pl=0.005  vl=0.639  ent=1.432  kl=0.0347  gn=1.829
step=496384  rew=+143.897  swp=109.8  map=0.0  trunc=0%  pl=0.019  vl=0.545  ent=1.477  kl=0.0326  gn=2.019
step=496640  rew=+144.154  swp=110.1  map=0.0  trunc=0%  pl=0.011  vl=0.505  ent=1.431  kl=0.0319  gn=1.913
step=496896  rew=+144.849  swp=107.7  map=0.0  trunc=0%  pl=-0.021  vl=0.283  ent=1.645  kl=0.0768  gn=1.497
step=497152  rew=+144.113  swp=106.7  map=0.0  trunc=0%  pl=-0.028  vl=0.748  ent=1.623  kl=0.0556  gn=1.758
step=497408  rew=+138.321  swp=105.7  map=0.0  trunc=0%  pl=-0.026  vl=0.256  ent=1.836  kl=0.0907  gn=1.644
step=497664  rew=+137.906  swp=105.2  map=0.0  trunc=0%  pl=0.005  vl=0.613  ent=1.537  kl=0.0931  gn=1.748
step=497920  rew=+138.674  swp=105.0  map=0.0  trunc=0%  pl=0.001  vl=0.676  ent=1.639  kl=0.0959  gn=1.969
step=498176  rew=+136.968  swp=102.3  map=0.0  trunc=0%  pl=-0.011  vl=0.727  ent=1.718  kl=0.0730  gn=1.936
step=498432  rew=+143.718  swp=106.8  map=0.0  trunc=0%  pl=0.005  vl=0.351  ent=1.957  kl=0.2106  gn=2.251
step=498688  rew=+145.448  swp=109.3  map=0.0  trunc=0%  pl=0.004  vl=0.538  ent=1.742  kl=0.0892  gn=1.821
step=498944  rew=+146.498  swp=114.0  map=0.0  trunc=0%  pl=-0.026  vl=0.436  ent=2.041  kl=0.1530  gn=1.725
step=499200  rew=+146.570  swp=116.0  map=0.0  trunc=0%  pl=-0.022  vl=0.317  ent=1.668  kl=0.1104  gn=1.790
step=499456  rew=+146.422  swp=118.8  map=0.0  trunc=0%  pl=0.020  vl=0.713  ent=1.242  kl=0.0476  gn=1.961
step=499712  rew=+146.198  swp=118.9  map=0.0  trunc=0%  pl=0.018  vl=0.461  ent=1.266  kl=0.0392  gn=1.949
step=499968  rew=+143.652  swp=119.0  map=0.0  trunc=0%  pl=0.009  vl=0.707  ent=1.262  kl=0.0387  gn=2.671
step=500224  rew=+145.183  swp=119.8  map=0.0  trunc=0%  pl=-0.006  vl=0.381  ent=1.442  kl=0.0922  gn=1.564
step=500480  rew=+146.115  swp=121.3  map=0.0  trunc=0%  pl=-0.028  vl=0.478  ent=1.667  kl=0.0804  gn=1.951
step=500736  rew=+147.496  swp=123.0  map=0.0  trunc=0%  pl=-0.013  vl=0.306  ent=1.585  kl=0.0680  gn=1.897
step=500992  rew=+144.613  swp=120.8  map=0.0  trunc=0%  pl=-0.019  vl=0.467  ent=1.772  kl=0.0623  gn=1.792
step=501248  rew=+145.693  swp=122.4  map=0.0  trunc=0%  pl=-0.021  vl=0.472  ent=1.839  kl=0.1123  gn=1.385
step=501504  rew=+145.173  swp=120.5  map=0.0  trunc=0%  pl=0.023  vl=0.715  ent=1.273  kl=0.0591  gn=1.876
step=501760  rew=+142.403  swp=114.2  map=0.0  trunc=0%  pl=-0.001  vl=0.566  ent=1.411  kl=0.0288  gn=2.626
step=502016  rew=+147.473  swp=113.5  map=0.0  trunc=0%  pl=-0.029  vl=0.636  ent=1.670  kl=0.0239  gn=2.048
step=502272  rew=+146.138  swp=113.1  map=0.0  trunc=0%  pl=-0.012  vl=0.593  ent=1.885  kl=0.0554  gn=1.581
step=502528  rew=+143.037  swp=110.0  map=0.0  trunc=0%  pl=0.006  vl=0.414  ent=1.679  kl=0.0581  gn=1.742
step=502784  rew=+136.816  swp=103.8  map=0.0  trunc=0%  pl=-0.021  vl=0.424  ent=1.676  kl=0.0437  gn=2.094
step=503040  rew=+140.820  swp=106.8  map=0.0  trunc=0%  pl=0.009  vl=0.629  ent=1.770  kl=0.0695  gn=1.826
step=503296  rew=+138.492  swp=103.2  map=0.0  trunc=0%  pl=0.040  vl=0.784  ent=1.650  kl=0.0262  gn=2.015
step=503552  rew=+137.498  swp=105.0  map=0.0  trunc=0%  pl=-0.005  vl=0.550  ent=1.382  kl=0.0260  gn=1.636
step=503808  rew=+138.799  swp=109.0  map=0.0  trunc=0%  pl=-0.002  vl=0.847  ent=1.548  kl=0.0331  gn=2.434
step=504064  rew=+138.318  swp=109.5  map=0.0  trunc=0%  pl=-0.022  vl=0.476  ent=1.873  kl=0.0567  gn=2.091
step=504320  rew=+137.418  swp=111.4  map=0.0  trunc=0%  pl=-0.016  vl=0.662  ent=1.899  kl=0.0799  gn=1.668
step=504576  rew=+139.006  swp=112.8  map=0.0  trunc=0%  pl=0.030  vl=0.303  ent=1.732  kl=0.0540  gn=2.098
step=504832  rew=+142.802  swp=117.2  map=0.0  trunc=0%  pl=0.001  vl=0.277  ent=1.585  kl=0.0337  gn=1.714
step=505088  rew=+143.155  swp=115.5  map=0.0  trunc=0%  pl=0.005  vl=0.452  ent=1.476  kl=0.0341  gn=2.567
step=505344  rew=+140.822  swp=115.2  map=0.0  trunc=0%  pl=-0.002  vl=0.586  ent=1.650  kl=0.0547  gn=2.063
step=505600  rew=+142.446  swp=116.2  map=0.0  trunc=0%  pl=-0.027  vl=0.469  ent=1.783  kl=0.0438  gn=1.655
step=505856  rew=+142.346  swp=113.8  map=0.0  trunc=0%  pl=0.012  vl=0.438  ent=1.755  kl=0.0424  gn=2.049
step=506112  rew=+139.645  swp=109.5  map=0.0  trunc=0%  pl=-0.011  vl=0.778  ent=1.769  kl=0.0356  gn=1.751
step=506368  rew=+144.342  swp=114.0  map=0.0  trunc=0%  pl=0.006  vl=0.450  ent=1.537  kl=0.0219  gn=1.650
step=506624  rew=+140.896  swp=110.1  map=0.0  trunc=0%  pl=-0.008  vl=0.354  ent=1.754  kl=0.0320  gn=1.705
step=506880  rew=+139.963  swp=108.6  map=0.0  trunc=0%  pl=-0.002  vl=0.679  ent=1.726  kl=0.0372  gn=3.591
step=507136  rew=+138.091  swp=107.0  map=0.0  trunc=0%  pl=0.002  vl=0.593  ent=1.910  kl=0.0497  gn=2.704
step=507392  rew=+139.615  swp=110.0  map=0.0  trunc=0%  pl=-0.016  vl=0.355  ent=1.890  kl=0.0841  gn=1.681
step=507648  rew=+137.793  swp=109.3  map=0.0  trunc=0%  pl=-0.003  vl=0.560  ent=2.062  kl=0.0720  gn=3.391
step=507904  rew=+137.568  swp=108.3  map=0.0  trunc=0%  pl=-0.008  vl=0.338  ent=1.633  kl=0.0277  gn=1.766
step=508160  rew=+139.057  swp=108.5  map=0.0  trunc=0%  pl=-0.015  vl=0.275  ent=1.591  kl=0.0251  gn=1.658
step=508416  rew=+143.781  swp=115.4  map=0.0  trunc=0%  pl=-0.008  vl=0.769  ent=1.856  kl=0.0462  gn=2.475
step=508672  rew=+141.219  swp=112.8  map=0.0  trunc=0%  pl=-0.012  vl=0.729  ent=1.677  kl=0.0331  gn=1.994
step=508928  rew=+141.127  swp=111.8  map=0.1  trunc=0%  pl=-0.014  vl=0.662  ent=1.538  kl=0.0634  gn=2.286
step=509184  rew=+135.055  swp=109.5  map=0.1  trunc=0%  pl=-0.029  vl=0.401  ent=2.000  kl=0.0693  gn=1.526
step=509440  rew=+139.399  swp=112.9  map=0.1  trunc=0%  pl=0.021  vl=0.610  ent=1.901  kl=0.0514  gn=2.895
step=509696  rew=+136.112  swp=110.6  map=0.1  trunc=0%  pl=0.007  vl=0.366  ent=1.669  kl=0.0448  gn=2.136
step=509952  rew=+136.727  swp=109.3  map=0.1  trunc=0%  pl=-0.023  vl=0.439  ent=1.666  kl=0.0477  gn=2.212
step=510208  rew=+130.206  swp=107.1  map=0.1  trunc=0%  pl=0.011  vl=0.337  ent=1.653  kl=0.0455  gn=1.648
step=510464  rew=+130.369  swp=108.2  map=0.1  trunc=0%  pl=-0.030  vl=0.280  ent=2.097  kl=0.0733  gn=1.603
step=510720  rew=+127.550  swp=102.5  map=0.1  trunc=0%  pl=-0.014  vl=0.525  ent=1.649  kl=0.0632  gn=2.998
step=510976  rew=+129.658  swp=102.8  map=0.0  trunc=0%  pl=-0.001  vl=0.472  ent=1.742  kl=0.0436  gn=2.345
step=511232  rew=+134.467  swp=107.0  map=0.0  trunc=0%  pl=-0.028  vl=0.461  ent=1.868  kl=0.0774  gn=1.679
step=511488  rew=+134.979  swp=105.8  map=0.0  trunc=0%  pl=-0.002  vl=0.557  ent=2.025  kl=0.1103  gn=3.011
step=511744  rew=+137.388  swp=107.6  map=0.0  trunc=0%  pl=0.013  vl=0.572  ent=2.171  kl=0.1662  gn=3.479
step=512000  rew=+140.948  swp=111.8  map=0.0  trunc=0%  pl=-0.051  vl=0.496  ent=1.940  kl=0.1496  gn=1.895
step=512256  rew=+138.771  swp=113.5  map=0.0  trunc=0%  pl=-0.004  vl=0.606  ent=1.627  kl=0.0456  gn=2.122
step=512512  rew=+139.529  swp=115.4  map=0.0  trunc=0%  pl=-0.003  vl=0.616  ent=1.488  kl=0.0441  gn=2.136
step=512768  rew=+142.490  swp=116.3  map=0.0  trunc=0%  pl=-0.013  vl=0.282  ent=2.127  kl=0.1031  gn=1.467
step=513024  rew=+141.477  swp=116.0  map=0.0  trunc=0%  pl=-0.022  vl=0.315  ent=1.868  kl=0.0525  gn=1.961
step=513280  rew=+139.745  swp=115.2  map=0.0  trunc=0%  pl=-0.009  vl=0.876  ent=2.057  kl=0.1529  gn=2.191
step=513536  rew=+140.777  swp=117.6  map=0.0  trunc=0%  pl=0.024  vl=0.737  ent=1.948  kl=0.0898  gn=1.793
step=513792  rew=+138.947  swp=117.0  map=0.0  trunc=0%  pl=-0.005  vl=0.423  ent=1.710  kl=0.0760  gn=1.598
step=514048  rew=+137.929  swp=115.0  map=0.0  trunc=0%  pl=-0.029  vl=0.488  ent=1.941  kl=0.0711  gn=1.611
step=514304  rew=+135.888  swp=113.2  map=0.0  trunc=0%  pl=0.011  vl=0.606  ent=1.950  kl=0.0782  gn=2.120
step=514560  rew=+140.302  swp=114.5  map=0.0  trunc=0%  pl=0.005  vl=0.710  ent=1.687  kl=0.0455  gn=2.329
step=514816  rew=+141.499  swp=114.2  map=0.0  trunc=0%  pl=-0.020  vl=0.457  ent=1.869  kl=0.0723  gn=1.867
step=515072  rew=+134.913  swp=110.2  map=0.0  trunc=0%  pl=-0.006  vl=0.543  ent=1.639  kl=0.0606  gn=1.992
step=515328  rew=+139.005  swp=113.8  map=0.0  trunc=0%  pl=-0.017  vl=0.242  ent=1.674  kl=0.1135  gn=1.527
step=515584  rew=+136.758  swp=113.0  map=0.0  trunc=0%  pl=-0.006  vl=0.751  ent=1.463  kl=0.1068  gn=1.728
step=515840  rew=+135.727  swp=112.2  map=0.0  trunc=0%  pl=0.013  vl=0.477  ent=1.367  kl=0.0510  gn=2.738
step=516096  rew=+141.003  swp=115.3  map=0.0  trunc=0%  pl=-0.002  vl=0.442  ent=1.022  kl=0.0400  gn=2.098
step=516352  rew=+139.860  swp=115.0  map=0.0  trunc=0%  pl=0.027  vl=0.736  ent=1.102  kl=0.0544  gn=2.792
step=516608  rew=+143.830  swp=118.5  map=0.1  trunc=0%  pl=0.012  vl=0.748  ent=1.397  kl=0.0773  gn=2.082
step=516864  rew=+143.376  swp=116.6  map=0.1  trunc=0%  pl=0.016  vl=0.625  ent=1.412  kl=0.0664  gn=2.064
step=517120  rew=+145.081  swp=117.8  map=0.1  trunc=0%  pl=-0.014  vl=0.575  ent=1.639  kl=0.1101  gn=1.940
step=517376  rew=+146.715  swp=117.2  map=0.1  trunc=0%  pl=0.034  vl=0.448  ent=1.374  kl=0.0913  gn=1.659
step=517632  rew=+143.984  swp=114.2  map=0.1  trunc=0%  pl=-0.012  vl=0.356  ent=1.313  kl=0.0324  gn=1.899
step=517888  rew=+146.381  swp=115.0  map=0.1  trunc=0%  pl=-0.010  vl=0.475  ent=1.714  kl=0.1008  gn=1.774
step=518144  rew=+141.145  swp=110.5  map=0.1  trunc=0%  pl=-0.006  vl=0.236  ent=1.435  kl=0.0616  gn=2.021
step=518400  rew=+134.362  swp=103.2  map=0.1  trunc=0%  pl=0.003  vl=0.466  ent=1.598  kl=0.1101  gn=1.912
step=518656  rew=+131.961  swp=98.8  map=0.1  trunc=0%  pl=-0.001  vl=0.966  ent=1.815  kl=0.1130  gn=3.338
step=518912  rew=+130.893  swp=98.0  map=0.0  trunc=0%  pl=-0.011  vl=0.533  ent=1.581  kl=0.0765  gn=2.219
step=519168  rew=+132.243  swp=100.3  map=0.0  trunc=0%  pl=-0.005  vl=0.428  ent=1.767  kl=0.1366  gn=1.687
step=519424  rew=+132.807  swp=102.2  map=0.0  trunc=0%  pl=-0.002  vl=0.390  ent=1.837  kl=0.2442  gn=1.340
step=519680  rew=+136.346  swp=106.8  map=0.0  trunc=0%  pl=0.015  vl=0.850  ent=1.209  kl=0.0274  gn=2.276
step=519936  rew=+139.451  swp=110.2  map=0.0  trunc=0%  pl=0.001  vl=0.634  ent=1.375  kl=0.0421  gn=1.884
step=520192  rew=+139.514  swp=108.8  map=0.0  trunc=0%  pl=0.021  vl=0.938  ent=1.399  kl=0.0529  gn=2.195
step=520448  rew=+142.401  swp=113.6  map=0.0  trunc=0%  pl=0.011  vl=0.381  ent=1.556  kl=0.0835  gn=1.802
step=520704  rew=+146.493  swp=115.7  map=0.0  trunc=0%  pl=-0.009  vl=0.755  ent=1.273  kl=0.0343  gn=1.972
step=520960  rew=+148.730  swp=119.7  map=0.0  trunc=0%  pl=0.003  vl=0.643  ent=1.182  kl=0.0282  gn=2.225
step=521216  rew=+148.694  swp=118.4  map=0.0  trunc=0%  pl=-0.011  vl=0.487  ent=1.445  kl=0.0517  gn=2.876
step=521472  rew=+149.067  swp=118.7  map=0.0  trunc=0%  pl=-0.020  vl=0.342  ent=1.751  kl=0.0479  gn=2.403
step=521728  rew=+152.935  swp=119.3  map=0.0  trunc=0%  pl=-0.006  vl=0.580  ent=1.850  kl=0.0660  gn=1.952
step=521984  rew=+153.014  swp=119.9  map=0.0  trunc=0%  pl=0.002  vl=0.446  ent=1.820  kl=0.0648  gn=1.884
step=522240  rew=+147.939  swp=115.8  map=0.0  trunc=0%  pl=-0.033  vl=0.378  ent=1.561  kl=0.0535  gn=1.358
step=522496  rew=+147.749  swp=115.6  map=0.0  trunc=0%  pl=0.023  vl=0.707  ent=1.268  kl=0.0838  gn=2.492
step=522752  rew=+146.520  swp=110.4  map=0.0  trunc=0%  pl=-0.015  vl=0.570  ent=1.266  kl=0.0338  gn=2.026
step=523008  rew=+147.012  swp=112.1  map=0.0  trunc=0%  pl=0.006  vl=0.618  ent=1.647  kl=0.0647  gn=2.102
step=523264  rew=+145.262  swp=111.0  map=0.1  trunc=0%  pl=-0.021  vl=0.429  ent=1.757  kl=0.0738  gn=2.695
step=523520  rew=+145.704  swp=112.7  map=0.1  trunc=0%  pl=-0.004  vl=0.703  ent=1.765  kl=0.1353  gn=2.191
step=523776  rew=+146.002  swp=115.1  map=0.1  trunc=0%  pl=-0.019  vl=0.577  ent=1.697  kl=0.1110  gn=2.169
step=524032  rew=+147.628  swp=114.5  map=0.1  trunc=0%  pl=-0.000  vl=0.365  ent=1.414  kl=0.0317  gn=2.455
step=524288  rew=+148.101  swp=115.2  map=0.1  trunc=0%  pl=-0.025  vl=0.461  ent=1.888  kl=0.1030  gn=1.816
step=524544  rew=+152.202  swp=118.5  map=0.1  trunc=0%  pl=-0.030  vl=0.518  ent=1.723  kl=0.0573  gn=1.978
step=524800  rew=+152.435  swp=119.1  map=0.1  trunc=0%  pl=0.015  vl=0.563  ent=1.712  kl=0.0508  gn=2.077
step=525056  rew=+151.314  swp=121.5  map=0.1  trunc=0%  pl=-0.035  vl=0.267  ent=2.031  kl=0.1126  gn=1.359
step=525312  rew=+146.828  swp=120.5  map=0.1  trunc=0%  pl=0.005  vl=0.294  ent=2.020  kl=0.0971  gn=2.848
step=525568  rew=+143.633  swp=117.8  map=0.0  trunc=0%  pl=0.011  vl=0.806  ent=1.342  kl=0.0461  gn=2.275
step=525824  rew=+140.822  swp=116.8  map=0.0  trunc=0%  pl=0.003  vl=0.736  ent=1.340  kl=0.0624  gn=3.490
step=526080  rew=+142.075  swp=115.5  map=0.0  trunc=0%  pl=0.002  vl=0.510  ent=2.008  kl=0.0555  gn=2.972
step=526336  rew=+140.628  swp=116.2  map=0.0  trunc=0%  pl=-0.009  vl=0.808  ent=1.849  kl=0.0841  gn=2.204
step=526592  rew=+142.661  swp=114.7  map=0.0  trunc=0%  pl=-0.057  vl=0.283  ent=1.771  kl=0.1145  gn=1.583
step=526848  rew=+140.590  swp=115.8  map=0.0  trunc=0%  pl=0.036  vl=0.531  ent=1.540  kl=0.0553  gn=2.878
step=527104  rew=+139.012  swp=115.8  map=0.0  trunc=0%  pl=0.026  vl=0.410  ent=1.545  kl=0.0729  gn=2.177
step=527360  rew=+146.000  swp=122.3  map=0.0  trunc=0%  pl=-0.018  vl=0.415  ent=1.907  kl=0.0855  gn=3.223
step=527616  rew=+147.285  swp=120.3  map=0.0  trunc=0%  pl=-0.001  vl=0.690  ent=1.517  kl=0.0582  gn=2.088
step=527872  rew=+148.264  swp=121.6  map=0.0  trunc=0%  pl=-0.008  vl=0.459  ent=1.397  kl=0.0532  gn=2.099
step=528128  rew=+153.590  swp=126.2  map=0.0  trunc=0%  pl=-0.010  vl=0.480  ent=1.173  kl=0.0549  gn=2.160
step=528384  rew=+157.007  swp=126.4  map=0.0  trunc=0%  pl=-0.018  vl=0.540  ent=1.963  kl=0.1410  gn=1.870
step=528640  rew=+152.586  swp=125.8  map=0.0  trunc=0%  pl=-0.022  vl=0.262  ent=2.114  kl=0.1914  gn=2.073
step=528896  rew=+153.125  swp=128.1  map=0.0  trunc=0%  pl=-0.014  vl=0.444  ent=1.757  kl=0.1358  gn=1.764
step=529152  rew=+151.473  swp=126.8  map=0.0  trunc=0%  pl=-0.017  vl=0.655  ent=1.477  kl=0.0486  gn=2.313
step=529408  rew=+148.072  swp=120.1  map=0.0  trunc=0%  pl=-0.001  vl=0.510  ent=1.384  kl=0.0434  gn=2.300
step=529664  rew=+145.601  swp=115.8  map=0.0  trunc=0%  pl=0.006  vl=0.395  ent=1.648  kl=0.0848  gn=2.183
step=529920  rew=+144.531  swp=114.7  map=0.0  trunc=0%  pl=0.028  vl=0.629  ent=1.646  kl=0.0967  gn=4.459
step=530176  rew=+146.784  swp=117.2  map=0.0  trunc=0%  pl=0.016  vl=0.526  ent=1.396  kl=0.1031  gn=2.740
step=530432  rew=+148.964  swp=118.0  map=0.0  trunc=0%  pl=0.012  vl=0.651  ent=1.222  kl=0.0372  gn=2.984
step=530688  rew=+146.509  swp=117.2  map=0.0  trunc=0%  pl=0.042  vl=0.462  ent=1.159  kl=0.0525  gn=2.043
step=530944  rew=+146.149  swp=115.3  map=0.0  trunc=0%  pl=-0.020  vl=0.312  ent=1.402  kl=0.0579  gn=2.154
step=531200  rew=+146.460  swp=115.7  map=0.0  trunc=0%  pl=-0.018  vl=0.775  ent=1.822  kl=0.0796  gn=2.390
step=531456  rew=+145.123  swp=115.3  map=0.0  trunc=0%  pl=0.006  vl=0.511  ent=1.279  kl=0.0678  gn=2.491
step=531712  rew=+146.610  swp=119.0  map=0.0  trunc=0%  pl=0.022  vl=0.877  ent=1.542  kl=0.0759  gn=3.884
step=531968  rew=+149.316  swp=121.7  map=0.0  trunc=0%  pl=-0.015  vl=0.448  ent=1.692  kl=0.0800  gn=2.342
step=532224  rew=+149.677  swp=122.0  map=0.1  trunc=0%  pl=0.033  vl=0.691  ent=1.453  kl=0.0872  gn=3.732
step=532480  rew=+150.546  swp=124.5  map=0.1  trunc=0%  pl=0.018  vl=0.682  ent=1.414  kl=0.1293  gn=2.606
step=532736  rew=+152.237  swp=123.7  map=0.1  trunc=0%  pl=0.030  vl=0.618  ent=1.394  kl=0.0551  gn=2.169
step=532992  rew=+149.263  swp=123.8  map=0.1  trunc=0%  pl=-0.004  vl=0.647  ent=1.610  kl=0.1021  gn=2.332
step=533248  rew=+151.588  swp=125.5  map=0.1  trunc=0%  pl=-0.001  vl=0.460  ent=1.365  kl=0.0470  gn=2.937
step=533504  rew=+151.452  swp=125.1  map=0.1  trunc=0%  pl=0.091  vl=1.965  ent=2.187  kl=0.1958  gn=5.989
step=533760  rew=+151.452  swp=125.1  map=0.1  trunc=0%  pl=0.089  vl=1.180  ent=3.652  kl=0.1888  gn=1.346
step=534016  rew=+151.452  swp=125.1  map=0.1  trunc=0%  pl=0.054  vl=1.001  ent=3.896  kl=0.0839  gn=1.016
step=534272  rew=+142.115  swp=117.2  map=0.1  trunc=0%  pl=0.045  vl=1.000  ent=3.971  kl=0.0663  gn=1.218
step=534528  rew=+142.115  swp=117.2  map=0.1  trunc=0%  pl=0.038  vl=1.012  ent=3.974  kl=0.0585  gn=0.862
step=534784  rew=+142.115  swp=117.2  map=0.1  trunc=0%  pl=0.014  vl=0.982  ent=4.320  kl=0.0230  gn=0.552
step=535040  rew=+124.105  swp=101.3  map=0.1  trunc=0%  pl=0.008  vl=0.980  ent=4.221  kl=0.0281  gn=0.784
step=535296  rew=+124.105  swp=101.3  map=0.1  trunc=0%  pl=0.031  vl=0.973  ent=3.697  kl=0.0960  gn=0.817
step=535552  rew=+124.105  swp=101.3  map=0.1  trunc=0%  pl=0.026  vl=0.989  ent=3.820  kl=0.0547  gn=0.965
step=535808  rew=+124.105  swp=101.3  map=0.1  trunc=0%  pl=0.017  vl=0.991  ent=3.999  kl=0.0471  gn=0.956
step=536064  rew=+117.577  swp=97.4  map=0.1  trunc=0%  pl=0.024  vl=0.987  ent=3.757  kl=0.0937  gn=0.976
step=536320  rew=+117.577  swp=97.4  map=0.1  trunc=0%  pl=0.010  vl=0.966  ent=4.212  kl=0.0464  gn=0.640
step=536576  rew=+117.577  swp=97.4  map=0.1  trunc=0%  pl=0.003  vl=0.985  ent=4.299  kl=0.0233  gn=0.691
step=536832  rew=+111.593  swp=92.0  map=0.1  trunc=0%  pl=0.020  vl=0.963  ent=4.025  kl=0.0404  gn=0.659
step=537088  rew=+111.593  swp=92.0  map=0.1  trunc=0%  pl=0.010  vl=1.009  ent=4.274  kl=0.0308  gn=0.627
step=537344  rew=+111.593  swp=92.0  map=0.1  trunc=0%  pl=0.023  vl=0.995  ent=4.277  kl=0.0324  gn=0.510
step=537600  rew=+96.546  swp=81.3  map=0.1  trunc=0%  pl=-0.012  vl=0.935  ent=3.434  kl=0.1036  gn=1.084
step=537856  rew=+88.197  swp=80.2  map=0.1  trunc=0%  pl=0.032  vl=0.956  ent=3.590  kl=0.0723  gn=0.951
step=538112  rew=+88.197  swp=80.2  map=0.1  trunc=0%  pl=0.011  vl=0.997  ent=4.022  kl=0.0440  gn=0.753
step=538368  rew=+88.197  swp=80.2  map=0.1  trunc=0%  pl=-0.010  vl=0.999  ent=4.266  kl=0.0196  gn=0.663
step=538624  rew=+76.569  swp=78.6  map=0.0  trunc=0%  pl=0.026  vl=0.923  ent=3.563  kl=0.0879  gn=0.825
step=538880  rew=+76.569  swp=78.6  map=0.0  trunc=0%  pl=0.071  vl=1.047  ent=3.578  kl=0.1595  gn=1.328
step=539136  rew=+76.569  swp=78.6  map=0.0  trunc=0%  pl=0.019  vl=0.974  ent=3.830  kl=0.0823  gn=0.827
step=539392  rew=+67.883  swp=71.3  map=0.0  trunc=0%  pl=0.014  vl=1.011  ent=4.008  kl=0.0327  gn=1.088
step=539648  rew=+67.883  swp=71.3  map=0.0  trunc=0%  pl=0.013  vl=0.969  ent=3.797  kl=0.1044  gn=1.052
step=539904  rew=+67.883  swp=71.3  map=0.0  trunc=0%  pl=0.017  vl=0.989  ent=3.915  kl=0.1173  gn=0.817
step=540160  rew=+67.883  swp=71.3  map=0.0  trunc=0%  pl=0.002  vl=0.967  ent=4.016  kl=0.0702  gn=0.846
step=540416  rew=+60.390  swp=64.8  map=0.0  trunc=0%  pl=0.036  vl=1.045  ent=3.391  kl=0.1959  gn=2.072
step=540672  rew=+60.390  swp=64.8  map=0.0  trunc=0%  pl=0.034  vl=1.001  ent=3.605  kl=0.0937  gn=0.898
step=540928  rew=+60.390  swp=64.8  map=0.0  trunc=0%  pl=-0.006  vl=1.003  ent=3.768  kl=0.0652  gn=0.893
step=541184  rew=+50.473  swp=58.4  map=0.0  trunc=0%  pl=-0.010  vl=0.896  ent=3.346  kl=0.1011  gn=1.068
step=541440  rew=+42.853  swp=62.6  map=0.0  trunc=0%  pl=0.012  vl=0.924  ent=3.519  kl=0.0761  gn=1.123
step=541696  rew=+42.853  swp=62.6  map=0.0  trunc=0%  pl=-0.005  vl=0.978  ent=3.975  kl=0.0311  gn=0.683
step=541952  rew=+42.853  swp=62.6  map=0.0  trunc=0%  pl=0.007  vl=0.988  ent=4.002  kl=0.0241  gn=0.672
step=542208  rew=+34.279  swp=55.1  map=0.0  trunc=0%  pl=0.030  vl=0.939  ent=3.399  kl=0.1473  gn=1.390
step=542464  rew=+34.279  swp=55.1  map=0.0  trunc=0%  pl=0.010  vl=0.996  ent=3.615  kl=0.1091  gn=0.917
step=542720  rew=+34.279  swp=55.1  map=0.0  trunc=0%  pl=0.014  vl=0.975  ent=3.689  kl=0.0799  gn=0.725
step=542976  rew=+29.113  swp=49.6  map=0.0  trunc=0%  pl=0.074  vl=0.863  ent=3.355  kl=0.1969  gn=0.725
step=543232  rew=+29.113  swp=49.6  map=0.0  trunc=0%  pl=0.052  vl=1.165  ent=3.669  kl=0.1141  gn=1.016
step=543488  rew=+29.113  swp=49.6  map=0.0  trunc=0%  pl=0.028  vl=1.076  ent=3.887  kl=0.0428  gn=0.720
step=543744  rew=+9.996  swp=36.5  map=0.1  trunc=0%  pl=0.052  vl=0.725  ent=3.003  kl=0.1427  gn=1.454
step=544000  rew=+9.996  swp=36.5  map=0.1  trunc=0%  pl=0.077  vl=1.123  ent=2.742  kl=0.2698  gn=1.000
step=544256  rew=+9.996  swp=36.5  map=0.1  trunc=0%  pl=0.109  vl=1.011  ent=2.813  kl=0.2215  gn=1.117
step=544512  rew=+2.516  swp=31.0  map=0.1  trunc=0%  pl=0.056  vl=0.949  ent=2.920  kl=0.1562  gn=0.883
step=544768  rew=+2.516  swp=31.0  map=0.1  trunc=0%  pl=0.024  vl=0.999  ent=3.378  kl=0.0828  gn=0.652
step=545024  rew=+2.516  swp=31.0  map=0.1  trunc=0%  pl=0.039  vl=0.971  ent=3.379  kl=0.0807  gn=0.637
step=545280  rew=+2.299  swp=31.0  map=0.1  trunc=0%  pl=0.081  vl=1.012  ent=3.298  kl=0.1165  gn=1.328
step=545536  rew=+2.299  swp=31.0  map=0.1  trunc=0%  pl=0.040  vl=1.041  ent=3.126  kl=0.1168  gn=0.765
step=545792  rew=+2.299  swp=31.0  map=0.1  trunc=0%  pl=0.052  vl=1.019  ent=3.276  kl=0.0894  gn=0.579
step=546048  rew=+1.964  swp=31.0  map=0.1  trunc=0%  pl=0.034  vl=1.024  ent=3.266  kl=0.0977  gn=0.926
step=546304  rew=+1.964  swp=31.0  map=0.1  trunc=0%  pl=0.044  vl=1.038  ent=3.136  kl=0.1018  gn=1.326
step=546560  rew=+2.202  swp=45.9  map=0.1  trunc=0%  pl=0.007  vl=0.666  ent=2.727  kl=0.1390  gn=0.935
step=546816  rew=+2.202  swp=45.9  map=0.1  trunc=0%  pl=0.091  vl=0.973  ent=3.112  kl=0.1385  gn=0.921
step=547072  rew=+2.202  swp=45.9  map=0.1  trunc=0%  pl=0.063  vl=0.988  ent=3.260  kl=0.1514  gn=0.779
step=547328  rew=+1.614  swp=45.9  map=0.1  trunc=0%  pl=0.058  vl=0.966  ent=3.349  kl=0.0988  gn=0.925
step=547584  rew=+1.614  swp=45.9  map=0.1  trunc=0%  pl=0.036  vl=1.017  ent=3.415  kl=0.1085  gn=1.436
step=547840  rew=+1.614  swp=45.9  map=0.1  trunc=0%  pl=0.037  vl=1.034  ent=3.614  kl=0.0633  gn=0.843
step=548096  rew=+1.037  swp=45.9  map=0.1  trunc=0%  pl=0.046  vl=0.950  ent=3.172  kl=0.0831  gn=0.890
step=548352  rew=+1.037  swp=45.9  map=0.1  trunc=0%  pl=0.073  vl=1.011  ent=2.819  kl=0.1175  gn=0.583
step=548608  rew=+1.037  swp=45.9  map=0.1  trunc=0%  pl=0.066  vl=0.992  ent=2.890  kl=0.1134  gn=1.332
step=548864  rew=-0.110  swp=45.9  map=0.1  trunc=0%  pl=0.094  vl=0.964  ent=2.909  kl=0.1605  gn=1.345
step=549120  rew=-0.110  swp=45.9  map=0.1  trunc=0%  pl=0.085  vl=1.008  ent=3.018  kl=0.1929  gn=0.929
step=549376  rew=-0.110  swp=45.9  map=0.1  trunc=0%  pl=0.039  vl=0.997  ent=3.088  kl=0.0692  gn=0.454
step=549632  rew=-1.393  swp=41.9  map=0.1  trunc=0%  pl=0.118  vl=0.958  ent=2.904  kl=0.2118  gn=1.804
step=549888  rew=-1.393  swp=41.9  map=0.1  trunc=0%  pl=0.063  vl=1.028  ent=2.984  kl=0.1902  gn=1.083
step=550144  rew=-1.393  swp=41.9  map=0.1  trunc=0%  pl=0.087  vl=0.988  ent=2.929  kl=0.1503  gn=0.744
step=550400  rew=-2.970  swp=36.3  map=0.1  trunc=0%  pl=0.069  vl=1.005  ent=3.063  kl=0.1093  gn=1.080
step=550656  rew=-2.970  swp=36.3  map=0.1  trunc=0%  pl=0.014  vl=1.007  ent=3.368  kl=0.0523  gn=1.148
step=550912  rew=-2.970  swp=36.3  map=0.1  trunc=0%  pl=0.024  vl=1.046  ent=3.567  kl=0.0352  gn=0.892
step=551168  rew=-3.265  swp=36.3  map=0.1  trunc=0%  pl=0.017  vl=1.028  ent=3.773  kl=0.0270  gn=0.933
step=551424  rew=-3.265  swp=36.3  map=0.1  trunc=0%  pl=0.016  vl=1.026  ent=3.354  kl=0.0960  gn=0.986
step=551680  rew=-3.265  swp=36.3  map=0.1  trunc=0%  pl=0.006  vl=0.993  ent=3.567  kl=0.0348  gn=0.954
step=551936  rew=-3.265  swp=36.3  map=0.1  trunc=0%  pl=0.019  vl=0.999  ent=3.634  kl=0.0604  gn=0.625
step=552192  rew=-4.169  swp=28.2  map=0.1  trunc=0%  pl=0.018  vl=0.992  ent=3.428  kl=0.0501  gn=1.196
step=552448  rew=-4.169  swp=28.2  map=0.1  trunc=0%  pl=0.028  vl=0.990  ent=3.621  kl=0.0470  gn=0.792
step=552704  rew=-4.169  swp=28.2  map=0.1  trunc=0%  pl=0.024  vl=1.002  ent=3.753  kl=0.0394  gn=0.706
step=552960  rew=-4.516  swp=29.2  map=0.1  trunc=0%  pl=-0.008  vl=0.990  ent=3.619  kl=0.0209  gn=0.740
step=553216  rew=-4.516  swp=29.2  map=0.1  trunc=0%  pl=0.014  vl=0.957  ent=3.903  kl=0.0396  gn=0.894
step=553472  rew=-4.516  swp=29.2  map=0.1  trunc=0%  pl=0.003  vl=0.970  ent=4.124  kl=0.0202  gn=0.897
step=553728  rew=-3.941  swp=29.2  map=0.1  trunc=0%  pl=0.028  vl=0.785  ent=3.824  kl=0.0587  gn=1.188
step=553984  rew=-3.941  swp=29.2  map=0.1  trunc=0%  pl=0.012  vl=0.990  ent=3.615  kl=0.0353  gn=1.264
step=554240  rew=-3.941  swp=29.2  map=0.1  trunc=0%  pl=0.006  vl=0.907  ent=3.754  kl=0.0344  gn=0.780
step=554496  rew=-4.564  swp=18.3  map=0.1  trunc=0%  pl=0.025  vl=0.885  ent=3.854  kl=0.0307  gn=0.837
step=554752  rew=-4.564  swp=18.3  map=0.1  trunc=0%  pl=-0.004  vl=1.001  ent=3.953  kl=0.0192  gn=0.878
step=555008  rew=-4.564  swp=18.3  map=0.1  trunc=0%  pl=0.007  vl=0.951  ent=4.013  kl=0.0286  gn=0.707
step=555264  rew=-4.740  swp=18.3  map=0.1  trunc=0%  pl=0.033  vl=0.803  ent=3.639  kl=0.0395  gn=1.253
step=555520  rew=-4.740  swp=18.3  map=0.1  trunc=0%  pl=0.037  vl=1.088  ent=3.181  kl=0.0652  gn=0.701
step=555776  rew=-4.740  swp=18.3  map=0.1  trunc=0%  pl=0.023  vl=1.003  ent=3.251  kl=0.0569  gn=0.844
step=556032  rew=-5.209  swp=20.4  map=0.1  trunc=0%  pl=-0.014  vl=0.707  ent=3.171  kl=0.0408  gn=0.998
step=556288  rew=-5.209  swp=20.4  map=0.1  trunc=0%  pl=0.027  vl=0.972  ent=3.288  kl=0.0741  gn=0.937
step=556544  rew=-5.209  swp=20.4  map=0.1  trunc=0%  pl=0.027  vl=1.039  ent=3.544  kl=0.0375  gn=0.842
step=556800  rew=-5.209  swp=20.4  map=0.1  trunc=0%  pl=0.025  vl=0.980  ent=3.734  kl=0.0305  gn=0.749
step=557056  rew=-5.361  swp=18.0  map=0.1  trunc=0%  pl=0.036  vl=1.106  ent=3.354  kl=0.0745  gn=1.251
step=557312  rew=-5.361  swp=18.0  map=0.1  trunc=0%  pl=0.044  vl=1.003  ent=3.380  kl=0.0518  gn=0.846
step=557568  rew=-5.361  swp=18.0  map=0.1  trunc=0%  pl=-0.011  vl=0.957  ent=3.579  kl=0.0342  gn=0.719
step=557824  rew=-5.663  swp=18.0  map=0.0  trunc=0%  pl=0.010  vl=1.079  ent=3.790  kl=0.0126  gn=0.852
step=558080  rew=-5.663  swp=18.0  map=0.0  trunc=0%  pl=-0.001  vl=0.983  ent=3.976  kl=0.0155  gn=0.565
step=558336  rew=-5.663  swp=18.0  map=0.0  trunc=0%  pl=-0.003  vl=0.972  ent=3.929  kl=0.0149  gn=0.810
step=558592  rew=-3.730  swp=19.1  map=0.0  trunc=0%  pl=-0.007  vl=0.828  ent=3.774  kl=0.0204  gn=0.776
step=558848  rew=-3.730  swp=19.1  map=0.0  trunc=0%  pl=0.004  vl=0.951  ent=4.177  kl=0.0119  gn=0.584
step=559104  rew=-3.730  swp=19.1  map=0.0  trunc=0%  pl=-0.004  vl=0.938  ent=4.189  kl=0.0199  gn=0.684
step=559360  rew=-3.609  swp=19.1  map=0.0  trunc=0%  pl=0.004  vl=0.748  ent=3.911  kl=0.0220  gn=0.809
step=559616  rew=-3.609  swp=19.1  map=0.0  trunc=0%  pl=-0.005  vl=0.991  ent=3.804  kl=0.0289  gn=0.760
step=559872  rew=-3.609  swp=19.1  map=0.0  trunc=0%  pl=0.000  vl=1.028  ent=4.006  kl=0.0166  gn=0.747
step=560128  rew=-3.832  swp=4.3  map=0.0  trunc=0%  pl=-0.001  vl=0.854  ent=4.097  kl=0.0180  gn=0.710
step=560384  rew=-3.832  swp=4.3  map=0.0  trunc=0%  pl=0.004  vl=1.059  ent=4.132  kl=0.0080  gn=0.611
step=560640  rew=-3.832  swp=4.3  map=0.0  trunc=0%  pl=-0.006  vl=0.965  ent=4.264  kl=0.0065  gn=0.513
step=560896  rew=-3.150  swp=4.3  map=0.0  trunc=0%  pl=0.006  vl=1.050  ent=4.232  kl=0.0145  gn=0.620
step=561152  rew=-3.150  swp=4.3  map=0.0  trunc=0%  pl=0.012  vl=0.974  ent=3.961  kl=0.0873  gn=1.280
step=561408  rew=-3.150  swp=4.3  map=0.0  trunc=0%  pl=0.014  vl=0.938  ent=4.044  kl=0.0323  gn=1.308
step=561664  rew=-2.249  swp=4.3  map=0.0  trunc=0%  pl=0.009  vl=0.590  ent=4.080  kl=0.0514  gn=1.515
step=561920  rew=-1.045  swp=8.0  map=0.0  trunc=0%  pl=0.038  vl=0.435  ent=3.981  kl=0.0598  gn=3.158
step=562176  rew=-1.045  swp=8.0  map=0.0  trunc=0%  pl=-0.003  vl=0.910  ent=4.369  kl=0.0048  gn=0.425
step=562432  rew=-1.045  swp=8.0  map=0.0  trunc=0%  pl=-0.003  vl=0.849  ent=4.365  kl=0.0057  gn=0.491
step=562688  rew=-0.260  swp=8.0  map=0.0  trunc=0%  pl=-0.010  vl=0.698  ent=4.102  kl=0.0238  gn=0.812
step=562944  rew=-0.260  swp=8.0  map=0.0  trunc=0%  pl=-0.008  vl=1.087  ent=4.058  kl=0.0912  gn=0.663
step=563200  rew=-0.260  swp=8.0  map=0.0  trunc=0%  pl=0.013  vl=0.956  ent=4.101  kl=0.0215  gn=0.573
step=563456  rew=+1.229  swp=8.0  map=0.0  trunc=0%  pl=0.000  vl=0.907  ent=4.120  kl=0.0275  gn=0.763
step=563712  rew=+1.229  swp=8.0  map=0.0  trunc=0%  pl=0.006  vl=1.062  ent=4.134  kl=0.0198  gn=0.645
step=563968  rew=+1.229  swp=8.0  map=0.0  trunc=0%  pl=0.010  vl=0.907  ent=4.184  kl=0.0229  gn=0.990
step=564224  rew=+1.410  swp=8.0  map=0.0  trunc=0%  pl=0.006  vl=0.937  ent=4.108  kl=0.0156  gn=0.815
step=564480  rew=+1.410  swp=8.0  map=0.0  trunc=0%  pl=-0.001  vl=1.035  ent=4.069  kl=0.0302  gn=0.589
step=564736  rew=+1.410  swp=8.0  map=0.0  trunc=0%  pl=0.015  vl=1.008  ent=4.148  kl=0.0224  gn=0.711
step=564992  rew=+2.500  swp=8.0  map=0.0  trunc=0%  pl=0.004  vl=0.996  ent=4.189  kl=0.0297  gn=0.719
step=565248  rew=+2.500  swp=8.0  map=0.0  trunc=0%  pl=-0.008  vl=1.123  ent=4.083  kl=0.0109  gn=0.686
step=565504  rew=+2.500  swp=8.0  map=0.0  trunc=0%  pl=-0.008  vl=0.867  ent=4.087  kl=0.0241  gn=0.578
step=565760  rew=+2.974  swp=8.0  map=0.0  trunc=1%  pl=0.012  vl=1.085  ent=4.029  kl=0.0144  gn=1.318
step=566016  rew=+3.168  swp=14.3  map=0.0  trunc=1%  pl=0.010  vl=0.455  ent=3.580  kl=0.0326  gn=0.671
step=566272  rew=+3.168  swp=14.3  map=0.0  trunc=1%  pl=-0.009  vl=1.135  ent=4.087  kl=0.0460  gn=0.472
step=566528  rew=+3.168  swp=14.3  map=0.0  trunc=1%  pl=-0.009  vl=1.062  ent=4.155  kl=0.0165  gn=0.439
step=566784  rew=+3.685  swp=18.7  map=0.0  trunc=1%  pl=-0.027  vl=0.873  ent=3.620  kl=0.0200  gn=0.673
step=567040  rew=+3.803  swp=21.1  map=0.0  trunc=1%  pl=-0.008  vl=0.828  ent=3.917  kl=0.0965  gn=0.575
step=567296  rew=+3.803  swp=21.1  map=0.0  trunc=1%  pl=-0.004  vl=0.992  ent=4.105  kl=0.0084  gn=0.418
step=567552  rew=+3.803  swp=21.1  map=0.0  trunc=1%  pl=-0.012  vl=0.980  ent=4.202  kl=0.0076  gn=0.433
step=567808  rew=+5.019  swp=25.9  map=0.0  trunc=1%  pl=0.004  vl=1.189  ent=3.310  kl=0.0088  gn=0.924
step=568064  rew=+6.195  swp=35.2  map=0.0  trunc=1%  pl=-0.017  vl=0.711  ent=3.411  kl=0.0191  gn=0.863
step=568320  rew=+6.195  swp=35.2  map=0.0  trunc=1%  pl=-0.000  vl=1.046  ent=4.093  kl=0.0325  gn=0.601
step=568576  rew=+6.195  swp=35.2  map=0.0  trunc=1%  pl=-0.016  vl=1.013  ent=4.199  kl=0.0176  gn=0.711
step=568832  rew=+6.122  swp=35.2  map=0.0  trunc=1%  pl=0.014  vl=0.964  ent=4.092  kl=0.0284  gn=0.752
step=569088  rew=+6.122  swp=35.2  map=0.0  trunc=1%  pl=-0.013  vl=1.022  ent=3.961  kl=0.0113  gn=0.635
step=569344  rew=+6.122  swp=35.2  map=0.0  trunc=1%  pl=0.006  vl=1.001  ent=4.212  kl=0.0164  gn=0.736
step=569600  rew=+6.072  swp=34.0  map=0.0  trunc=1%  pl=-0.009  vl=0.943  ent=4.095  kl=0.0122  gn=0.689
step=569856  rew=+6.072  swp=34.0  map=0.0  trunc=1%  pl=-0.006  vl=1.030  ent=3.873  kl=0.0117  gn=0.675
step=570112  rew=+6.072  swp=34.0  map=0.0  trunc=1%  pl=0.007  vl=1.050  ent=4.119  kl=0.0152  gn=0.629
step=570368  rew=+6.420  swp=34.0  map=0.0  trunc=1%  pl=0.003  vl=1.019  ent=4.041  kl=0.0215  gn=0.804
step=570624  rew=+6.420  swp=34.0  map=0.0  trunc=1%  pl=0.020  vl=1.041  ent=4.013  kl=0.0381  gn=0.808
step=570880  rew=+6.420  swp=34.0  map=0.0  trunc=1%  pl=0.003  vl=0.973  ent=4.290  kl=0.0120  gn=0.635
step=571136  rew=+7.040  swp=34.0  map=0.0  trunc=1%  pl=-0.013  vl=1.026  ent=4.226  kl=0.0143  gn=0.634
step=571392  rew=+7.040  swp=34.0  map=0.0  trunc=1%  pl=0.010  vl=0.996  ent=3.989  kl=0.0333  gn=0.755
step=571648  rew=+7.040  swp=34.0  map=0.0  trunc=1%  pl=0.007  vl=1.045  ent=4.098  kl=0.0239  gn=0.581
step=571904  rew=+7.040  swp=34.0  map=0.0  trunc=1%  pl=0.017  vl=0.997  ent=4.084  kl=0.0497  gn=0.688
step=572160  rew=+7.233  swp=34.0  map=0.0  trunc=1%  pl=0.004  vl=1.042  ent=4.075  kl=0.0318  gn=0.814
step=572416  rew=+7.233  swp=34.0  map=0.0  trunc=1%  pl=-0.005  vl=1.011  ent=4.153  kl=0.0132  gn=0.779
step=572672  rew=+7.233  swp=34.0  map=0.0  trunc=1%  pl=-0.009  vl=1.022  ent=4.271  kl=0.0192  gn=0.705
step=572928  rew=+7.194  swp=33.6  map=0.0  trunc=1%  pl=-0.009  vl=0.662  ent=3.754  kl=0.0137  gn=0.934
step=573184  rew=+7.194  swp=33.6  map=0.0  trunc=1%  pl=0.006  vl=1.021  ent=4.193  kl=0.0055  gn=0.516
step=573440  rew=+7.194  swp=33.6  map=0.0  trunc=1%  pl=0.003  vl=1.013  ent=4.358  kl=0.0078  gn=0.544
step=573696  rew=+7.472  swp=33.6  map=0.0  trunc=1%  pl=0.009  vl=0.992  ent=4.240  kl=0.0057  gn=0.542
step=573952  rew=+7.472  swp=33.6  map=0.0  trunc=1%  pl=0.002  vl=1.010  ent=4.181  kl=0.0088  gn=0.487
step=574208  rew=+7.472  swp=33.6  map=0.0  trunc=1%  pl=0.004  vl=0.972  ent=4.304  kl=0.0104  gn=0.574
step=574464  rew=+7.131  swp=34.4  map=0.0  trunc=1%  pl=-0.013  vl=0.905  ent=3.888  kl=0.0099  gn=0.812
step=574720  rew=+7.043  swp=40.2  map=0.0  trunc=1%  pl=-0.017  vl=0.407  ent=3.656  kl=0.0168  gn=0.971
step=574976  rew=+7.043  swp=40.2  map=0.0  trunc=1%  pl=0.009  vl=1.000  ent=4.130  kl=0.0142  gn=0.572
step=575232  rew=+7.043  swp=40.2  map=0.0  trunc=1%  pl=0.005  vl=0.945  ent=4.189  kl=0.0118  gn=0.488
step=575488  rew=+7.092  swp=40.2  map=0.0  trunc=1%  pl=0.005  vl=0.968  ent=4.109  kl=0.0122  gn=0.682
step=575744  rew=+7.092  swp=40.2  map=0.0  trunc=1%  pl=-0.001  vl=0.976  ent=4.098  kl=0.0146  gn=0.628
step=576000  rew=+7.092  swp=40.2  map=0.0  trunc=1%  pl=-0.015  vl=0.995  ent=4.278  kl=0.0120  gn=0.517
step=576256  rew=+7.181  swp=32.9  map=0.0  trunc=1%  pl=0.006  vl=0.933  ent=4.263  kl=0.0155  gn=0.630
step=576512  rew=+7.181  swp=32.9  map=0.0  trunc=1%  pl=-0.006  vl=1.003  ent=4.229  kl=0.0098  gn=0.562
step=576768  rew=+7.181  swp=32.9  map=0.0  trunc=1%  pl=-0.011  vl=0.974  ent=4.213  kl=0.0090  gn=0.503
step=577024  rew=+7.390  swp=32.9  map=0.0  trunc=1%  pl=0.006  vl=0.902  ent=4.196  kl=0.0081  gn=0.614
step=577280  rew=+7.390  swp=32.9  map=0.0  trunc=1%  pl=-0.004  vl=1.064  ent=4.212  kl=0.0099  gn=0.657
step=577536  rew=+7.390  swp=32.9  map=0.0  trunc=1%  pl=-0.007  vl=0.963  ent=4.221  kl=0.0077  gn=0.506
step=577792  rew=+7.258  swp=28.5  map=0.0  trunc=1%  pl=-0.000  vl=0.991  ent=4.275  kl=0.0074  gn=0.626
step=578048  rew=+7.258  swp=28.5  map=0.0  trunc=1%  pl=-0.013  vl=1.001  ent=4.193  kl=0.0054  gn=0.483
step=578304  rew=+7.258  swp=28.5  map=0.0  trunc=1%  pl=-0.003  vl=1.022  ent=4.358  kl=0.0063  gn=0.554
step=578560  rew=+7.252  swp=26.1  map=0.0  trunc=1%  pl=-0.022  vl=1.066  ent=4.326  kl=0.0047  gn=0.529
step=578816  rew=+7.252  swp=26.1  map=0.0  trunc=1%  pl=-0.003  vl=1.029  ent=4.210  kl=0.0091  gn=0.559
step=579072  rew=+7.252  swp=26.1  map=0.0  trunc=1%  pl=0.006  vl=1.019  ent=4.197  kl=0.0068  gn=0.536
step=579328  rew=+7.353  swp=26.1  map=0.0  trunc=1%  pl=-0.001  vl=1.007  ent=4.316  kl=0.0070  gn=0.572
step=579584  rew=+7.428  swp=24.8  map=0.0  trunc=1%  pl=-0.007  vl=1.000  ent=3.905  kl=0.0067  gn=0.595
step=579840  rew=+7.428  swp=24.8  map=0.0  trunc=1%  pl=-0.005  vl=0.930  ent=4.252  kl=0.0056  gn=0.392
step=580096  rew=+7.428  swp=24.8  map=0.0  trunc=1%  pl=-0.001  vl=1.000  ent=4.325  kl=0.0064  gn=0.380
step=580352  rew=+7.064  swp=19.6  map=0.0  trunc=1%  pl=0.005  vl=1.009  ent=4.139  kl=0.0056  gn=0.520
step=580608  rew=+7.064  swp=19.6  map=0.0  trunc=1%  pl=0.002  vl=0.974  ent=4.025  kl=0.0080  gn=0.551
step=580864  rew=+7.064  swp=19.6  map=0.0  trunc=1%  pl=-0.009  vl=1.018  ent=4.296  kl=0.0120  gn=0.500
step=581120  rew=+7.161  swp=15.6  map=0.0  trunc=1%  pl=-0.005  vl=0.744  ent=3.990  kl=0.0114  gn=0.625
step=581376  rew=+7.660  swp=23.4  map=0.0  trunc=1%  pl=-0.007  vl=0.406  ent=3.881  kl=0.0073  gn=0.730
step=581632  rew=+7.660  swp=23.4  map=0.0  trunc=1%  pl=-0.006  vl=1.017  ent=4.316  kl=0.0058  gn=0.631
step=581888  rew=+7.660  swp=23.4  map=0.0  trunc=1%  pl=-0.008  vl=0.976  ent=4.333  kl=0.0080  gn=0.566
step=582144  rew=+7.305  swp=26.6  map=0.0  trunc=1%  pl=-0.009  vl=0.975  ent=3.745  kl=0.0120  gn=0.763
step=582400  rew=+7.305  swp=26.6  map=0.0  trunc=1%  pl=0.009  vl=0.887  ent=3.842  kl=0.0175  gn=0.612
step=582656  rew=+7.305  swp=26.6  map=0.0  trunc=1%  pl=-0.001  vl=0.997  ent=4.078  kl=0.0150  gn=0.665
step=582912  rew=+6.997  swp=26.6  map=0.0  trunc=1%  pl=-0.036  vl=0.763  ent=3.917  kl=0.0153  gn=0.721
step=583168  rew=+7.193  swp=34.1  map=0.0  trunc=1%  pl=-0.011  vl=0.395  ent=3.451  kl=0.0115  gn=0.898
step=583424  rew=+7.193  swp=34.1  map=0.0  trunc=1%  pl=-0.002  vl=1.019  ent=4.036  kl=0.0120  gn=0.576
step=583680  rew=+7.193  swp=34.1  map=0.0  trunc=1%  pl=-0.008  vl=1.020  ent=3.973  kl=0.0141  gn=0.651
step=583936  rew=+6.773  swp=30.9  map=0.0  trunc=1%  pl=0.009  vl=0.970  ent=4.039  kl=0.0148  gn=0.643
step=584192  rew=+6.773  swp=30.9  map=0.0  trunc=1%  pl=-0.003  vl=1.026  ent=3.994  kl=0.0143  gn=0.571
step=584448  rew=+6.773  swp=30.9  map=0.0  trunc=1%  pl=-0.005  vl=1.001  ent=4.108  kl=0.0116  gn=0.564
step=584704  rew=+6.733  swp=30.9  map=0.0  trunc=1%  pl=-0.004  vl=1.031  ent=3.984  kl=0.0082  gn=0.655
step=584960  rew=+6.733  swp=30.9  map=0.0  trunc=1%  pl=0.019  vl=1.038  ent=3.772  kl=0.0124  gn=0.662
step=585216  rew=+6.733  swp=30.9  map=0.0  trunc=1%  pl=0.005  vl=0.957  ent=4.181  kl=0.0116  gn=0.668
step=585472  rew=+7.029  swp=30.9  map=0.0  trunc=1%  pl=-0.012  vl=0.964  ent=4.159  kl=0.0128  gn=0.622
step=585728  rew=+7.029  swp=30.9  map=0.0  trunc=1%  pl=-0.002  vl=0.980  ent=4.111  kl=0.0142  gn=0.628
step=585984  rew=+7.029  swp=30.9  map=0.0  trunc=1%  pl=0.005  vl=0.976  ent=4.175  kl=0.0117  gn=0.626
step=586240  rew=+7.051  swp=30.1  map=0.0  trunc=1%  pl=-0.010  vl=1.003  ent=4.193  kl=0.0175  gn=0.533
step=586496  rew=+7.051  swp=30.1  map=0.0  trunc=1%  pl=0.006  vl=0.999  ent=4.046  kl=0.0098  gn=0.667
step=586752  rew=+7.051  swp=30.1  map=0.0  trunc=1%  pl=0.015  vl=1.012  ent=3.998  kl=0.0067  gn=0.575
step=587008  rew=+6.610  swp=24.2  map=0.0  trunc=1%  pl=0.006  vl=0.962  ent=4.083  kl=0.0088  gn=0.417
step=587264  rew=+6.407  swp=26.4  map=0.0  trunc=1%  pl=0.001  vl=0.419  ent=3.313  kl=0.0105  gn=0.701
step=587520  rew=+6.407  swp=26.4  map=0.0  trunc=1%  pl=-0.002  vl=0.994  ent=4.060  kl=0.0177  gn=0.639
step=587776  rew=+6.407  swp=26.4  map=0.0  trunc=1%  pl=0.003  vl=1.046  ent=4.046  kl=0.0194  gn=0.528
step=588032  rew=+6.110  swp=29.7  map=0.0  trunc=1%  pl=-0.004  vl=0.930  ent=3.598  kl=0.0124  gn=0.808
step=588288  rew=+6.110  swp=29.7  map=0.0  trunc=1%  pl=0.005  vl=0.970  ent=3.970  kl=0.0125  gn=0.669
step=588544  rew=+6.110  swp=29.7  map=0.0  trunc=1%  pl=0.001  vl=1.034  ent=4.286  kl=0.0109  gn=0.591
step=588800  rew=+5.972  swp=29.7  map=0.0  trunc=1%  pl=-0.004  vl=0.991  ent=4.111  kl=0.0117  gn=0.770
step=589056  rew=+5.972  swp=29.7  map=0.0  trunc=1%  pl=0.000  vl=1.066  ent=4.235  kl=0.0124  gn=0.534
step=589312  rew=+5.972  swp=29.7  map=0.0  trunc=1%  pl=-0.003  vl=1.064  ent=4.265  kl=0.0097  gn=0.562
step=589568  rew=+5.737  swp=29.7  map=0.0  trunc=1%  pl=-0.032  vl=0.386  ent=3.963  kl=0.0109  gn=0.822
step=589824  rew=+5.950  swp=31.9  map=0.0  trunc=1%  pl=-0.014  vl=0.430  ent=3.242  kl=0.0138  gn=0.871
step=590080  rew=+5.950  swp=31.9  map=0.0  trunc=1%  pl=-0.007  vl=1.108  ent=4.081  kl=0.0101  gn=0.712
step=590336  rew=+5.950  swp=31.9  map=0.0  trunc=1%  pl=-0.006  vl=0.973  ent=4.175  kl=0.0130  gn=0.580
step=590592  rew=+6.072  swp=31.9  map=0.0  trunc=1%  pl=-0.004  vl=1.001  ent=3.832  kl=0.0112  gn=0.757
step=590848  rew=+6.072  swp=31.9  map=0.0  trunc=1%  pl=-0.021  vl=0.907  ent=3.858  kl=0.0141  gn=0.860
step=591104  rew=+6.072  swp=31.9  map=0.0  trunc=1%  pl=0.002  vl=0.945  ent=4.106  kl=0.0165  gn=0.726
step=591360  rew=+6.070  swp=31.9  map=0.0  trunc=1%  pl=0.002  vl=0.986  ent=4.124  kl=0.0141  gn=0.806
step=591616  rew=+6.070  swp=31.9  map=0.0  trunc=1%  pl=0.009  vl=1.012  ent=4.065  kl=0.0163  gn=0.657
step=591872  rew=+6.070  swp=31.9  map=0.0  trunc=1%  pl=-0.009  vl=0.998  ent=4.195  kl=0.0106  gn=0.583
step=592128  rew=+5.550  swp=24.1  map=0.0  trunc=1%  pl=-0.016  vl=0.935  ent=4.217  kl=0.0080  gn=0.644
step=592384  rew=+5.550  swp=24.1  map=0.0  trunc=1%  pl=0.002  vl=0.937  ent=4.090  kl=0.0136  gn=0.595
step=592640  rew=+5.550  swp=24.1  map=0.0  trunc=1%  pl=-0.001  vl=0.989  ent=4.098  kl=0.0168  gn=0.555
step=592896  rew=+5.909  swp=24.1  map=0.0  trunc=1%  pl=-0.004  vl=0.881  ent=4.140  kl=0.0137  gn=0.594
step=593152  rew=+5.909  swp=24.1  map=0.0  trunc=1%  pl=-0.006  vl=1.062  ent=3.747  kl=0.0188  gn=0.666
step=593408  rew=+5.909  swp=24.1  map=0.0  trunc=1%  pl=-0.009  vl=0.981  ent=4.114  kl=0.0143  gn=0.657
step=593664  rew=+5.909  swp=24.1  map=0.0  trunc=1%  pl=0.006  vl=1.020  ent=4.133  kl=0.0194  gn=0.641
step=593920  rew=+6.222  swp=20.8  map=0.0  trunc=1%  pl=0.010  vl=0.968  ent=3.919  kl=0.0145  gn=0.659
step=594176  rew=+6.222  swp=20.8  map=0.0  trunc=1%  pl=-0.010  vl=1.017  ent=4.233  kl=0.0133  gn=0.577
step=594432  rew=+6.222  swp=20.8  map=0.0  trunc=1%  pl=0.002  vl=0.997  ent=4.293  kl=0.0116  gn=0.608
step=594688  rew=+6.220  swp=20.9  map=0.0  trunc=1%  pl=-0.014  vl=0.732  ent=2.694  kl=0.0112  gn=0.793
step=594944  rew=+6.220  swp=20.9  map=0.0  trunc=1%  pl=0.008  vl=0.966  ent=3.776  kl=0.0143  gn=0.812
step=595200  rew=+6.220  swp=20.9  map=0.0  trunc=1%  pl=0.003  vl=0.984  ent=4.180  kl=0.0116  gn=0.710
step=595456  rew=+6.834  swp=20.9  map=0.0  trunc=1%  pl=-0.023  vl=0.843  ent=3.946  kl=0.0118  gn=0.872
step=595712  rew=+6.906  swp=23.1  map=0.0  trunc=1%  pl=-0.020  vl=0.465  ent=3.721  kl=0.0184  gn=0.807
step=595968  rew=+6.906  swp=23.1  map=0.0  trunc=1%  pl=0.002  vl=1.003  ent=3.956  kl=0.0133  gn=0.902
step=596224  rew=+6.906  swp=23.1  map=0.0  trunc=1%  pl=-0.009  vl=0.988  ent=4.261  kl=0.0126  gn=0.759
step=596480  rew=+6.760  swp=23.1  map=0.0  trunc=1%  pl=0.002  vl=0.976  ent=3.771  kl=0.0173  gn=0.820
step=596736  rew=+6.760  swp=23.1  map=0.0  trunc=1%  pl=-0.009  vl=1.009  ent=4.101  kl=0.0125  gn=0.786
step=596992  rew=+6.760  swp=23.1  map=0.0  trunc=1%  pl=0.004  vl=0.983  ent=4.155  kl=0.0198  gn=0.775
step=597248  rew=+6.950  swp=23.1  map=0.0  trunc=1%  pl=-0.013  vl=1.001  ent=3.496  kl=0.0143  gn=0.826
step=597504  rew=+6.950  swp=23.1  map=0.0  trunc=1%  pl=0.007  vl=1.056  ent=3.932  kl=0.0219  gn=0.826
step=597760  rew=+6.950  swp=23.1  map=0.0  trunc=1%  pl=-0.003  vl=0.987  ent=3.975  kl=0.0237  gn=0.769
step=598016  rew=+7.693  swp=24.9  map=0.0  trunc=1%  pl=-0.039  vl=0.346  ent=3.371  kl=0.0126  gn=0.803
step=598272  rew=+7.693  swp=24.9  map=0.0  trunc=1%  pl=-0.014  vl=0.973  ent=3.860  kl=0.0164  gn=0.642
step=598528  rew=+7.693  swp=24.9  map=0.0  trunc=1%  pl=-0.005  vl=0.975  ent=4.271  kl=0.0100  gn=0.680
step=598784  rew=+7.753  swp=24.9  map=0.0  trunc=1%  pl=-0.016  vl=0.964  ent=4.235  kl=0.0110  gn=0.610
step=599040  rew=+7.753  swp=24.9  map=0.0  trunc=1%  pl=-0.013  vl=1.022  ent=3.975  kl=0.0126  gn=0.693
step=599296  rew=+7.753  swp=24.9  map=0.0  trunc=1%  pl=-0.008  vl=1.021  ent=4.198  kl=0.0201  gn=0.672
step=599552  rew=+7.753  swp=24.9  map=0.0  trunc=1%  pl=0.003  vl=1.009  ent=4.261  kl=0.0235  gn=0.762
step=599808  rew=+7.539  swp=21.1  map=0.1  trunc=1%  pl=-0.032  vl=0.323  ent=3.080  kl=0.0104  gn=0.764
step=600064  rew=+7.539  swp=21.1  map=0.1  trunc=1%  pl=-0.001  vl=1.008  ent=4.052  kl=0.0158  gn=0.826
step=600320  rew=+7.539  swp=21.1  map=0.1  trunc=1%  pl=0.001  vl=0.882  ent=4.080  kl=0.0147  gn=0.719
step=600576  rew=+7.248  swp=17.6  map=0.1  trunc=1%  pl=-0.042  vl=1.106  ent=3.348  kl=0.0132  gn=0.811
step=600832  rew=+7.248  swp=17.6  map=0.1  trunc=1%  pl=-0.002  vl=1.009  ent=4.068  kl=0.0177  gn=0.909
step=601088  rew=+7.248  swp=17.6  map=0.1  trunc=1%  pl=-0.002  vl=1.029  ent=4.082  kl=0.0244  gn=0.819
step=601344  rew=+7.402  swp=17.6  map=0.1  trunc=1%  pl=-0.031  vl=0.820  ent=3.622  kl=0.0205  gn=1.005
step=601600  rew=+7.402  swp=17.6  map=0.1  trunc=1%  pl=-0.000  vl=0.996  ent=3.902  kl=0.0283  gn=0.942
step=601856  rew=+7.402  swp=17.6  map=0.1  trunc=1%  pl=0.007  vl=1.051  ent=4.054  kl=0.0270  gn=0.971
step=602112  rew=+7.310  swp=18.9  map=0.1  trunc=1%  pl=-0.034  vl=0.538  ent=3.611  kl=0.0206  gn=1.078
step=602368  rew=+7.310  swp=18.9  map=0.1  trunc=1%  pl=-0.028  vl=0.999  ent=3.284  kl=0.0179  gn=1.030
step=602624  rew=+7.310  swp=18.9  map=0.1  trunc=1%  pl=0.028  vl=1.019  ent=4.016  kl=0.0369  gn=1.058
step=602880  rew=+7.458  swp=18.9  map=0.1  trunc=1%  pl=-0.016  vl=0.993  ent=4.100  kl=0.0233  gn=0.970
step=603136  rew=+7.458  swp=18.9  map=0.1  trunc=1%  pl=-0.028  vl=0.974  ent=3.454  kl=0.0133  gn=1.026
step=603392  rew=+7.458  swp=18.9  map=0.1  trunc=1%  pl=0.008  vl=0.997  ent=4.082  kl=0.0165  gn=0.919
step=603648  rew=+7.458  swp=18.9  map=0.1  trunc=1%  pl=0.012  vl=1.005  ent=4.034  kl=0.0211  gn=1.125
step=603904  rew=+7.154  swp=18.9  map=0.1  trunc=1%  pl=-0.020  vl=1.051  ent=3.864  kl=0.0114  gn=0.947
step=604160  rew=+7.154  swp=18.9  map=0.1  trunc=1%  pl=-0.009  vl=1.021  ent=4.266  kl=0.0119  gn=1.036
step=604416  rew=+7.154  swp=18.9  map=0.1  trunc=1%  pl=-0.001  vl=1.058  ent=4.252  kl=0.0180  gn=0.889
step=604672  rew=+6.967  swp=18.9  map=0.1  trunc=1%  pl=-0.019  vl=0.933  ent=3.383  kl=0.0100  gn=0.895
step=604928  rew=+6.967  swp=18.9  map=0.1  trunc=1%  pl=-0.006  vl=0.991  ent=4.277  kl=0.0148  gn=0.800
step=605184  rew=+6.967  swp=18.9  map=0.1  trunc=1%  pl=-0.002  vl=0.966  ent=4.306  kl=0.0156  gn=0.851
step=605440  rew=+6.652  swp=19.2  map=0.1  trunc=1%  pl=-0.032  vl=0.876  ent=2.675  kl=0.0086  gn=1.103
step=605696  rew=+6.678  swp=22.7  map=0.2  trunc=1%  pl=-0.004  vl=0.627  ent=3.046  kl=0.0072  gn=0.931
step=605952  rew=+6.678  swp=22.7  map=0.2  trunc=1%  pl=-0.016  vl=1.077  ent=4.017  kl=0.0091  gn=0.818
step=606208  rew=+6.678  swp=22.7  map=0.2  trunc=1%  pl=0.002  vl=1.033  ent=4.362  kl=0.0060  gn=0.569
step=606464  rew=+6.330  swp=25.9  map=0.2  trunc=1%  pl=-0.041  vl=0.456  ent=3.415  kl=0.0069  gn=0.703
step=606720  rew=+6.330  swp=25.9  map=0.2  trunc=1%  pl=-0.033  vl=1.033  ent=3.882  kl=0.0114  gn=0.883
step=606976  rew=+6.330  swp=25.9  map=0.2  trunc=1%  pl=-0.001  vl=0.917  ent=4.144  kl=0.0193  gn=0.953
step=607232  rew=+6.051  swp=22.0  map=0.2  trunc=1%  pl=-0.016  vl=0.509  ent=3.910  kl=0.0170  gn=0.888
step=607488  rew=+6.139  swp=25.1  map=0.2  trunc=1%  pl=-0.020  vl=0.715  ent=3.205  kl=0.0171  gn=0.872
step=607744  rew=+6.139  swp=25.1  map=0.2  trunc=1%  pl=-0.006  vl=1.074  ent=4.341  kl=0.0131  gn=0.846
step=608000  rew=+6.139  swp=25.1  map=0.2  trunc=1%  pl=-0.006  vl=1.008  ent=4.343  kl=0.0118  gn=0.856
step=608256  rew=+6.670  swp=25.1  map=0.2  trunc=1%  pl=-0.019  vl=0.966  ent=3.521  kl=0.0108  gn=0.881
step=608512  rew=+6.670  swp=25.1  map=0.2  trunc=1%  pl=0.004  vl=1.028  ent=4.258  kl=0.0215  gn=0.831
step=608768  rew=+6.670  swp=25.1  map=0.2  trunc=1%  pl=0.009  vl=1.061  ent=4.301  kl=0.0221  gn=0.896
step=609024  rew=+6.585  swp=24.1  map=0.1  trunc=1%  pl=-0.012  vl=0.948  ent=3.818  kl=0.0179  gn=0.868
step=609280  rew=+6.585  swp=24.1  map=0.1  trunc=1%  pl=-0.004  vl=1.018  ent=4.347  kl=0.0125  gn=1.091
step=609536  rew=+6.585  swp=24.1  map=0.1  trunc=1%  pl=0.006  vl=0.957  ent=4.341  kl=0.0149  gn=0.939
step=609792  rew=+6.443  swp=22.9  map=0.1  trunc=1%  pl=-0.029  vl=0.661  ent=3.663  kl=0.0093  gn=0.909
step=610048  rew=+6.443  swp=22.9  map=0.1  trunc=1%  pl=-0.038  vl=0.997  ent=4.051  kl=0.0101  gn=0.769
step=610304  rew=+6.443  swp=22.9  map=0.1  trunc=1%  pl=-0.007  vl=1.012  ent=4.340  kl=0.0121  gn=0.878
step=610560  rew=+6.798  swp=22.9  map=0.1  trunc=1%  pl=-0.042  vl=0.799  ent=4.170  kl=0.0123  gn=0.704
step=610816  rew=+6.798  swp=22.9  map=0.1  trunc=1%  pl=-0.026  vl=0.897  ent=3.631  kl=0.0082  gn=0.808
step=611072  rew=+6.798  swp=22.9  map=0.1  trunc=1%  pl=-0.002  vl=0.974  ent=4.360  kl=0.0128  gn=0.624
step=611328  rew=+6.644  swp=22.9  map=0.1  trunc=1%  pl=-0.023  vl=0.546  ent=4.124  kl=0.0153  gn=0.675
step=611584  rew=+6.796  swp=25.9  map=0.1  trunc=1%  pl=-0.004  vl=0.429  ent=3.205  kl=0.0078  gn=0.671
step=611840  rew=+6.796  swp=25.9  map=0.1  trunc=1%  pl=-0.002  vl=1.094  ent=4.377  kl=0.0124  gn=0.601
step=612096  rew=+6.796  swp=25.9  map=0.1  trunc=1%  pl=0.004  vl=0.989  ent=4.380  kl=0.0110  gn=0.570
step=612352  rew=+6.941  swp=24.6  map=0.1  trunc=1%  pl=-0.023  vl=0.959  ent=3.733  kl=0.0079  gn=0.640
step=612608  rew=+6.941  swp=24.6  map=0.1  trunc=1%  pl=-0.006  vl=1.003  ent=4.382  kl=0.0093  gn=0.510
step=612864  rew=+6.941  swp=24.6  map=0.1  trunc=1%  pl=-0.006  vl=0.950  ent=4.376  kl=0.0096  gn=0.578
step=613120  rew=+6.937  swp=28.6  map=0.1  trunc=1%  pl=-0.029  vl=0.446  ent=3.230  kl=0.0095  gn=0.750
step=613376  rew=+6.937  swp=28.6  map=0.1  trunc=1%  pl=-0.028  vl=0.936  ent=3.711  kl=0.0097  gn=0.737
step=613632  rew=+6.937  swp=28.6  map=0.1  trunc=1%  pl=-0.003  vl=1.020  ent=4.335  kl=0.0160  gn=0.748
step=613888  rew=+7.452  swp=28.6  map=0.1  trunc=1%  pl=-0.024  vl=0.830  ent=4.160  kl=0.0113  gn=0.730
step=614144  rew=+7.452  swp=28.6  map=0.1  trunc=1%  pl=-0.032  vl=0.938  ent=3.852  kl=0.0102  gn=0.734
step=614400  rew=+7.452  swp=28.6  map=0.1  trunc=1%  pl=0.008  vl=0.977  ent=4.333  kl=0.0104  gn=0.637
step=614656  rew=+7.497  swp=28.6  map=0.1  trunc=1%  pl=-0.012  vl=0.762  ent=4.226  kl=0.0109  gn=0.865
step=614912  rew=+7.334  swp=27.1  map=0.1  trunc=1%  pl=-0.018  vl=0.497  ent=3.062  kl=0.0062  gn=0.728
step=615168  rew=+7.334  swp=27.1  map=0.1  trunc=1%  pl=0.003  vl=1.020  ent=4.345  kl=0.0089  gn=0.636
step=615424  rew=+7.334  swp=27.1  map=0.1  trunc=1%  pl=-0.008  vl=1.031  ent=4.361  kl=0.0088  gn=0.562
step=615680  rew=+7.108  swp=23.7  map=0.1  trunc=1%  pl=-0.031  vl=0.898  ent=3.496  kl=0.0083  gn=0.715
step=615936  rew=+7.108  swp=23.7  map=0.1  trunc=1%  pl=-0.004  vl=0.993  ent=4.259  kl=0.0167  gn=0.750
step=616192  rew=+7.108  swp=23.7  map=0.1  trunc=1%  pl=0.003  vl=0.952  ent=4.279  kl=0.0181  gn=0.812
step=616448  rew=+7.323  swp=21.8  map=0.2  trunc=1%  pl=-0.044  vl=0.327  ent=3.249  kl=0.0326  gn=0.736
step=616704  rew=+7.323  swp=21.8  map=0.2  trunc=1%  pl=-0.026  vl=1.012  ent=3.979  kl=0.0063  gn=0.677
step=616960  rew=+7.323  swp=21.8  map=0.2  trunc=1%  pl=-0.007  vl=1.028  ent=4.364  kl=0.0066  gn=0.680
step=617216  rew=+7.289  swp=21.8  map=0.2  trunc=1%  pl=-0.020  vl=0.614  ent=4.102  kl=0.0093  gn=0.900
step=617472  rew=+7.340  swp=24.9  map=1.1  trunc=1%  pl=0.010  vl=1.561  ent=1.891  kl=0.0617  gn=1.269
step=617728  rew=+7.340  swp=24.9  map=1.1  trunc=1%  pl=-0.039  vl=0.948  ent=3.928  kl=0.0123  gn=0.794
step=617984  rew=+7.340  swp=24.9  map=1.1  trunc=1%  pl=0.003  vl=0.993  ent=4.254  kl=0.0173  gn=0.794
step=618240  rew=+7.362  swp=24.9  map=1.1  trunc=1%  pl=-0.034  vl=0.811  ent=3.923  kl=0.0169  gn=0.943
step=618496  rew=+8.402  swp=37.6  map=1.1  trunc=1%  pl=-0.001  vl=1.058  ent=1.944  kl=0.0468  gn=0.954
step=618752  rew=+8.402  swp=37.6  map=1.1  trunc=1%  pl=-0.032  vl=0.857  ent=3.632  kl=0.0087  gn=0.892
step=619008  rew=+8.402  swp=37.6  map=1.1  trunc=1%  pl=0.007  vl=0.966  ent=4.294  kl=0.0114  gn=0.865
step=619264  rew=+8.847  swp=36.0  map=1.1  trunc=1%  pl=-0.004  vl=0.944  ent=4.231  kl=0.0127  gn=0.787
step=619520  rew=+8.847  swp=36.0  map=1.1  trunc=1%  pl=-0.039  vl=0.942  ent=3.505  kl=0.0129  gn=1.390
step=619776  rew=+8.847  swp=36.0  map=1.1  trunc=1%  pl=0.006  vl=1.012  ent=4.271  kl=0.0197  gn=1.175
step=620032  rew=+8.847  swp=36.0  map=1.1  trunc=1%  pl=0.007  vl=1.005  ent=4.218  kl=0.0164  gn=1.368
step=620288  rew=+8.749  swp=36.0  map=1.1  trunc=1%  pl=-0.025  vl=0.839  ent=3.479  kl=0.0133  gn=1.141
step=620544  rew=+8.749  swp=36.0  map=1.1  trunc=1%  pl=0.008  vl=1.023  ent=4.123  kl=0.0244  gn=1.549
step=620800  rew=+8.749  swp=36.0  map=1.1  trunc=1%  pl=0.002  vl=0.965  ent=4.079  kl=0.0296  gn=1.062
step=621056  rew=+8.484  swp=36.0  map=1.1  trunc=1%  pl=-0.033  vl=0.880  ent=3.359  kl=0.0115  gn=1.029
step=621312  rew=+8.484  swp=36.0  map=1.1  trunc=1%  pl=0.010  vl=0.946  ent=4.202  kl=0.0201  gn=1.330
step=621568  rew=+8.484  swp=36.0  map=1.1  trunc=1%  pl=0.006  vl=0.872  ent=4.134  kl=0.0223  gn=1.263
step=621824  rew=+8.463  swp=35.2  map=1.1  trunc=1%  pl=-0.050  vl=1.082  ent=3.352  kl=0.0113  gn=1.189
step=622080  rew=+8.463  swp=35.2  map=1.1  trunc=1%  pl=-0.019  vl=0.954  ent=4.138  kl=0.0090  gn=1.161
step=622336  rew=+8.463  swp=35.2  map=1.1  trunc=1%  pl=-0.005  vl=0.923  ent=4.294  kl=0.0121  gn=1.069
step=622592  rew=+8.491  swp=35.2  map=1.1  trunc=1%  pl=-0.015  vl=0.957  ent=3.902  kl=0.0108  gn=1.282
step=622848  rew=+8.491  swp=35.2  map=1.1  trunc=1%  pl=0.003  vl=1.062  ent=4.057  kl=0.0144  gn=1.327
step=623104  rew=+8.491  swp=35.2  map=1.1  trunc=1%  pl=0.001  vl=1.014  ent=4.264  kl=0.0143  gn=0.977
step=623360  rew=+8.160  swp=31.2  map=1.1  trunc=1%  pl=-0.031  vl=0.987  ent=4.070  kl=0.0122  gn=0.991
step=623616  rew=+8.160  swp=31.2  map=1.1  trunc=1%  pl=-0.002  vl=0.869  ent=3.443  kl=0.0088  gn=1.442
step=623872  rew=+8.160  swp=31.2  map=1.1  trunc=1%  pl=-0.001  vl=0.932  ent=4.294  kl=0.0095  gn=0.888
step=624128  rew=+7.610  swp=31.2  map=1.1  trunc=1%  pl=-0.003  vl=0.977  ent=4.161  kl=0.0150  gn=1.288
step=624384  rew=+7.610  swp=31.2  map=1.1  trunc=1%  pl=-0.030  vl=0.842  ent=3.521  kl=0.0096  gn=1.377
step=624640  rew=+7.610  swp=31.2  map=1.1  trunc=1%  pl=-0.002  vl=0.964  ent=4.190  kl=0.0219  gn=1.137
step=624896  rew=+7.610  swp=31.2  map=1.1  trunc=1%  pl=0.002  vl=0.979  ent=4.176  kl=0.0196  gn=1.211
step=625152  rew=+7.639  swp=30.2  map=1.2  trunc=1%  pl=0.001  vl=1.079  ent=3.125  kl=0.0141  gn=1.289
step=625408  rew=+7.639  swp=30.2  map=1.2  trunc=1%  pl=-0.024  vl=1.018  ent=3.847  kl=0.0110  gn=1.310
step=625664  rew=+7.639  swp=30.2  map=1.2  trunc=1%  pl=-0.007  vl=0.993  ent=4.313  kl=0.0129  gn=1.232
step=625920  rew=+7.255  swp=30.2  map=1.2  trunc=1%  pl=0.006  vl=0.949  ent=3.695  kl=0.0280  gn=1.066
step=626176  rew=+7.255  swp=30.2  map=1.2  trunc=1%  pl=0.010  vl=1.050  ent=4.142  kl=0.0359  gn=1.005
step=626432  rew=+7.255  swp=30.2  map=1.2  trunc=1%  pl=0.018  vl=1.038  ent=4.077  kl=0.0289  gn=1.086
step=626688  rew=+7.193  swp=30.2  map=1.3  trunc=1%  pl=-0.036  vl=0.806  ent=3.475  kl=0.0222  gn=0.928
step=626944  rew=+7.193  swp=30.2  map=1.3  trunc=1%  pl=0.006  vl=1.101  ent=4.121  kl=0.0243  gn=0.840
step=627200  rew=+7.193  swp=30.2  map=1.3  trunc=1%  pl=-0.005  vl=1.034  ent=4.068  kl=0.0267  gn=0.798
step=627456  rew=+6.942  swp=26.4  map=1.2  trunc=1%  pl=-0.053  vl=0.815  ent=3.758  kl=0.0160  gn=1.050
step=627712  rew=+6.942  swp=26.4  map=1.2  trunc=1%  pl=-0.012  vl=0.927  ent=3.700  kl=0.0071  gn=1.198
step=627968  rew=+6.942  swp=26.4  map=1.2  trunc=1%  pl=-0.006  vl=1.020  ent=4.275  kl=0.0122  gn=1.035
step=628224  rew=+7.003  swp=26.4  map=1.2  trunc=1%  pl=-0.024  vl=0.786  ent=3.471  kl=0.0096  gn=1.241
step=628480  rew=+6.986  swp=27.1  map=1.0  trunc=1%  pl=0.001  vl=0.848  ent=3.156  kl=0.0071  gn=0.954
step=628736  rew=+6.986  swp=27.1  map=1.0  trunc=1%  pl=-0.012  vl=0.985  ent=4.160  kl=0.0108  gn=1.149
step=628992  rew=+6.986  swp=27.1  map=1.0  trunc=1%  pl=-0.000  vl=0.949  ent=4.278  kl=0.0113  gn=1.387
step=629248  rew=+6.237  swp=21.1  map=1.1  trunc=1%  pl=-0.032  vl=0.699  ent=2.539  kl=0.0092  gn=1.315
step=629504  rew=+6.237  swp=21.1  map=1.1  trunc=1%  pl=-0.030  vl=0.987  ent=3.902  kl=0.0116  gn=1.333
step=629760  rew=+6.237  swp=21.1  map=1.1  trunc=1%  pl=-0.002  vl=0.965  ent=4.247  kl=0.0143  gn=1.327
step=630016  rew=+6.237  swp=21.1  map=1.1  trunc=1%  pl=-0.008  vl=0.927  ent=4.300  kl=0.0107  gn=1.608
step=630272  rew=+5.694  swp=17.4  map=1.1  trunc=1%  pl=-0.044  vl=0.871  ent=3.336  kl=0.0186  gn=1.058
step=630528  rew=+5.694  swp=17.4  map=1.1  trunc=1%  pl=0.012  vl=0.966  ent=4.098  kl=0.0200  gn=1.490
step=630784  rew=+5.694  swp=17.4  map=1.1  trunc=1%  pl=0.003  vl=0.975  ent=4.078  kl=0.0197  gn=1.255
step=631040  rew=+5.231  swp=17.4  map=1.2  trunc=1%  pl=-0.038  vl=0.890  ent=3.633  kl=0.0118  gn=1.301
step=631296  rew=+5.231  swp=17.4  map=1.2  trunc=1%  pl=-0.002  vl=0.993  ent=4.239  kl=0.0170  gn=1.383
step=631552  rew=+5.231  swp=17.4  map=1.2  trunc=1%  pl=0.007  vl=0.983  ent=4.185  kl=0.0143  gn=1.097
step=631808  rew=+5.469  swp=20.2  map=1.3  trunc=2%  pl=-0.017  vl=0.484  ent=2.838  kl=0.0640  gn=1.039
step=632064  rew=+5.469  swp=20.2  map=1.3  trunc=2%  pl=-0.033  vl=0.979  ent=3.965  kl=0.0108  gn=0.989
step=632320  rew=+5.469  swp=20.2  map=1.3  trunc=2%  pl=-0.005  vl=1.024  ent=4.220  kl=0.0130  gn=0.992
step=632576  rew=+5.203  swp=20.2  map=1.3  trunc=2%  pl=-0.033  vl=0.658  ent=3.964  kl=0.0145  gn=0.925
step=632832  rew=+5.203  swp=20.2  map=1.3  trunc=2%  pl=-0.025  vl=0.912  ent=3.824  kl=0.0122  gn=0.931
step=633088  rew=+5.203  swp=20.2  map=1.3  trunc=2%  pl=0.009  vl=0.908  ent=4.236  kl=0.0138  gn=0.895
step=633344  rew=+4.995  swp=17.9  map=1.2  trunc=2%  pl=-0.025  vl=0.577  ent=3.919  kl=0.0143  gn=1.032
step=633600  rew=+4.995  swp=17.9  map=1.2  trunc=2%  pl=-0.039  vl=0.919  ent=3.142  kl=0.0116  gn=1.173
step=633856  rew=+4.995  swp=17.9  map=1.2  trunc=2%  pl=-0.007  vl=1.014  ent=4.230  kl=0.0143  gn=0.901
step=634112  rew=+5.061  swp=17.9  map=1.2  trunc=2%  pl=-0.011  vl=0.864  ent=3.931  kl=0.0129  gn=0.868
step=634368  rew=+5.284  swp=20.0  map=1.6  trunc=2%  pl=-0.012  vl=0.822  ent=2.498  kl=0.0122  gn=1.096
step=634624  rew=+5.284  swp=20.0  map=1.6  trunc=2%  pl=0.009  vl=1.076  ent=3.966  kl=0.0228  gn=1.151
step=634880  rew=+5.284  swp=20.0  map=1.6  trunc=2%  pl=0.013  vl=0.974  ent=3.977  kl=0.0307  gn=1.013
step=635136  rew=+5.542  swp=22.7  map=1.8  trunc=2%  pl=-0.029  vl=0.436  ent=3.092  kl=0.0143  gn=1.120
step=635392  rew=+5.542  swp=22.7  map=1.8  trunc=2%  pl=0.019  vl=0.973  ent=4.218  kl=0.0163  gn=1.355
step=635648  rew=+5.542  swp=22.7  map=1.8  trunc=2%  pl=-0.002  vl=1.013  ent=4.206  kl=0.0178  gn=1.123
step=635904  rew=+5.120  swp=20.7  map=1.6  trunc=2%  pl=-0.026  vl=0.457  ent=3.061  kl=0.0593  gn=1.182
step=636160  rew=+6.079  swp=36.2  map=1.6  trunc=2%  pl=0.014  vl=1.169  ent=1.831  kl=0.0590  gn=1.117
step=636416  rew=+6.079  swp=36.2  map=1.6  trunc=2%  pl=-0.037  vl=0.957  ent=3.813  kl=0.0125  gn=1.287
step=636672  rew=+6.079  swp=36.2  map=1.6  trunc=2%  pl=0.006  vl=1.057  ent=4.186  kl=0.0145  gn=1.129
step=636928  rew=+5.576  swp=36.2  map=1.6  trunc=2%  pl=-0.010  vl=0.838  ent=4.044  kl=0.0141  gn=1.108
step=637184  rew=+5.576  swp=36.2  map=1.6  trunc=2%  pl=-0.019  vl=0.744  ent=2.823  kl=0.0146  gn=1.127
step=637440  rew=+5.576  swp=36.2  map=1.6  trunc=2%  pl=-0.001  vl=1.127  ent=4.092  kl=0.0177  gn=1.071
step=637696  rew=+5.576  swp=36.2  map=1.6  trunc=2%  pl=-0.002  vl=0.983  ent=4.128  kl=0.0138  gn=0.807
step=637952  rew=+5.483  swp=37.5  map=1.6  trunc=2%  pl=-0.021  vl=1.043  ent=2.353  kl=0.0076  gn=0.863
step=638208  rew=+5.483  swp=37.5  map=1.6  trunc=2%  pl=-0.017  vl=0.842  ent=3.509  kl=0.0114  gn=0.712
step=638464  rew=+5.483  swp=37.5  map=1.6  trunc=2%  pl=-0.012  vl=1.062  ent=4.307  kl=0.0122  gn=0.578
step=638720  rew=+4.859  swp=37.5  map=1.6  trunc=2%  pl=-0.019  vl=0.914  ent=3.632  kl=0.0086  gn=0.691
step=638976  rew=+4.910  swp=40.2  map=1.1  trunc=2%  pl=-0.005  vl=0.924  ent=3.151  kl=0.0114  gn=0.899
step=639232  rew=+4.910  swp=40.2  map=1.1  trunc=2%  pl=-0.024  vl=0.957  ent=3.712  kl=0.0135  gn=1.225
step=639488  rew=+4.910  swp=40.2  map=1.1  trunc=2%  pl=0.000  vl=0.990  ent=4.272  kl=0.0155  gn=1.465
step=639744  rew=+4.504  swp=39.2  map=0.8  trunc=2%  pl=-0.009  vl=1.021  ent=3.336  kl=0.0223  gn=1.335
step=640000  rew=+4.504  swp=39.2  map=0.8  trunc=2%  pl=-0.006  vl=1.005  ent=4.106  kl=0.0196  gn=1.048
step=640256  rew=+4.504  swp=39.2  map=0.8  trunc=2%  pl=-0.004  vl=1.022  ent=4.038  kl=0.0229  gn=1.038
step=640512  rew=+4.267  swp=34.8  map=0.7  trunc=2%  pl=-0.040  vl=0.795  ent=3.456  kl=0.0168  gn=0.929
step=640768  rew=+4.267  swp=34.8  map=0.7  trunc=2%  pl=-0.019  vl=0.956  ent=4.071  kl=0.0133  gn=1.148
step=641024  rew=+4.267  swp=34.8  map=0.7  trunc=2%  pl=0.001  vl=1.101  ent=4.320  kl=0.0119  gn=1.204
step=641280  rew=+4.190  swp=34.8  map=0.7  trunc=2%  pl=-0.035  vl=0.738  ent=3.536  kl=0.0072  gn=1.069
step=641536  rew=+4.190  swp=34.8  map=0.7  trunc=2%  pl=-0.032  vl=0.793  ent=3.305  kl=0.0115  gn=1.362
step=641792  rew=+4.190  swp=34.8  map=0.7  trunc=2%  pl=0.007  vl=0.927  ent=4.240  kl=0.0221  gn=0.975
step=642048  rew=+4.517  swp=34.8  map=0.6  trunc=2%  pl=-0.020  vl=0.867  ent=3.360  kl=0.0162  gn=1.309
step=642304  rew=+4.517  swp=34.8  map=0.6  trunc=2%  pl=-0.015  vl=1.053  ent=4.010  kl=0.0234  gn=1.112
step=642560  rew=+4.517  swp=34.8  map=0.6  trunc=2%  pl=0.013  vl=1.028  ent=4.161  kl=0.0204  gn=1.255
step=642816  rew=+4.548  swp=34.8  map=0.6  trunc=2%  pl=-0.053  vl=0.736  ent=3.856  kl=0.0201  gn=0.963
step=643072  rew=+4.548  swp=34.8  map=0.6  trunc=2%  pl=-0.026  vl=0.842  ent=3.884  kl=0.0076  gn=1.072
step=643328  rew=+4.548  swp=34.8  map=0.6  trunc=2%  pl=-0.007  vl=0.851  ent=4.343  kl=0.0074  gn=0.994
step=643584  rew=+4.140  swp=31.9  map=0.6  trunc=2%  pl=-0.012  vl=0.770  ent=4.016  kl=0.0064  gn=0.710
step=643840  rew=+4.140  swp=31.9  map=0.6  trunc=2%  pl=-0.045  vl=0.847  ent=3.615  kl=0.0147  gn=0.920
step=644096  rew=+4.140  swp=31.9  map=0.6  trunc=2%  pl=0.007  vl=1.053  ent=3.994  kl=0.0235  gn=1.140
step=644352  rew=+4.101  swp=31.9  map=0.6  trunc=2%  pl=-0.001  vl=0.930  ent=3.871  kl=0.0180  gn=1.026
step=644608  rew=+4.101  swp=31.9  map=0.6  trunc=2%  pl=-0.037  vl=0.858  ent=3.215  kl=0.0167  gn=0.895
step=644864  rew=+4.101  swp=31.9  map=0.6  trunc=2%  pl=-0.003  vl=0.955  ent=4.051  kl=0.0184  gn=0.903
step=645120  rew=+4.101  swp=31.9  map=0.6  trunc=2%  pl=0.007  vl=1.025  ent=4.089  kl=0.0238  gn=0.868
step=645376  rew=+4.033  swp=31.9  map=0.6  trunc=2%  pl=-0.043  vl=0.790  ent=2.494  kl=0.0080  gn=0.744
step=645632  rew=+4.033  swp=31.9  map=0.6  trunc=2%  pl=-0.003  vl=0.951  ent=4.051  kl=0.0131  gn=0.830
step=645888  rew=+4.033  swp=31.9  map=0.6  trunc=2%  pl=-0.003  vl=0.976  ent=4.127  kl=0.0161  gn=0.742
step=646144  rew=+4.224  swp=31.9  map=0.6  trunc=2%  pl=-0.040  vl=0.707  ent=2.984  kl=0.0084  gn=0.717
step=646400  rew=+4.224  swp=31.9  map=0.6  trunc=2%  pl=-0.031  vl=0.926  ent=3.431  kl=0.0072  gn=0.791
step=646656  rew=+4.224  swp=31.9  map=0.6  trunc=2%  pl=0.003  vl=0.998  ent=4.241  kl=0.0118  gn=0.900
step=646912  rew=+4.079  swp=29.9  map=0.2  trunc=2%  pl=-0.029  vl=0.733  ent=3.329  kl=0.0122  gn=0.896
step=647168  rew=+4.079  swp=29.9  map=0.2  trunc=2%  pl=0.009  vl=0.852  ent=4.190  kl=0.0165  gn=1.107
step=647424  rew=+4.079  swp=29.9  map=0.2  trunc=2%  pl=0.012  vl=0.977  ent=4.139  kl=0.0178  gn=1.045
step=647680  rew=+4.137  swp=29.9  map=0.1  trunc=2%  pl=-0.059  vl=0.497  ent=3.052  kl=0.0151  gn=0.859
step=647936  rew=+4.137  swp=29.9  map=0.1  trunc=2%  pl=-0.057  vl=0.899  ent=3.522  kl=0.0151  gn=0.638
step=648192  rew=+4.137  swp=29.9  map=0.1  trunc=2%  pl=0.009  vl=1.063  ent=4.206  kl=0.0192  gn=0.696
step=648448  rew=+5.160  swp=32.3  map=0.0  trunc=2%  pl=-0.074  vl=0.702  ent=3.132  kl=0.0142  gn=0.897
step=648704  rew=+4.722  swp=28.0  map=0.2  trunc=2%  pl=-0.049  vl=0.710  ent=2.623  kl=0.0151  gn=0.711
step=648960  rew=+4.722  swp=28.0  map=0.2  trunc=2%  pl=0.017  vl=1.079  ent=4.278  kl=0.0309  gn=1.040
step=649216  rew=+4.722  swp=28.0  map=0.2  trunc=2%  pl=0.008  vl=0.968  ent=4.237  kl=0.0305  gn=0.866
step=649472  rew=+4.442  swp=20.7  map=0.2  trunc=2%  pl=-0.076  vl=0.583  ent=2.948  kl=0.0176  gn=0.881
step=649728  rew=+4.442  swp=20.7  map=0.2  trunc=2%  pl=-0.048  vl=0.813  ent=3.981  kl=0.0288  gn=0.791
step=649984  rew=+4.442  swp=20.7  map=0.2  trunc=2%  pl=0.010  vl=0.876  ent=4.180  kl=0.0324  gn=1.221
step=650240  rew=+5.249  swp=20.7  map=0.2  trunc=2%  pl=-0.030  vl=0.644  ent=3.839  kl=0.0186  gn=1.054
step=650496  rew=+5.249  swp=20.7  map=0.2  trunc=2%  pl=0.012  vl=0.785  ent=4.354  kl=0.0099  gn=1.164
step=650752  rew=+5.249  swp=20.7  map=0.2  trunc=2%  pl=-0.001  vl=1.074  ent=4.349  kl=0.0120  gn=1.065
step=651008  rew=+5.184  swp=20.7  map=0.2  trunc=2%  pl=-0.064  vl=0.523  ent=3.572  kl=0.0169  gn=0.805
step=651264  rew=+5.302  swp=19.4  map=0.2  trunc=2%  pl=-0.015  vl=1.081  ent=2.880  kl=0.0087  gn=0.897
step=651520  rew=+5.302  swp=19.4  map=0.2  trunc=2%  pl=-0.034  vl=1.024  ent=3.552  kl=0.0068  gn=0.710
step=651776  rew=+5.302  swp=19.4  map=0.2  trunc=2%  pl=-0.000  vl=1.065  ent=4.324  kl=0.0097  gn=0.745
step=652032  rew=+5.341  swp=19.4  map=0.2  trunc=2%  pl=-0.001  vl=0.896  ent=3.298  kl=0.0223  gn=1.049
step=652288  rew=+5.341  swp=19.4  map=0.2  trunc=2%  pl=0.015  vl=0.987  ent=4.177  kl=0.0404  gn=1.090
step=652544  rew=+5.341  swp=19.4  map=0.2  trunc=2%  pl=0.004  vl=0.952  ent=4.212  kl=0.0311  gn=1.170
step=652800  rew=+5.344  swp=15.1  map=0.2  trunc=2%  pl=-0.062  vl=0.634  ent=2.973  kl=0.0174  gn=0.922
step=653056  rew=+5.344  swp=15.1  map=0.2  trunc=2%  pl=0.008  vl=0.989  ent=4.272  kl=0.0236  gn=0.647
step=653312  rew=+5.344  swp=15.1  map=0.2  trunc=2%  pl=0.004  vl=0.888  ent=4.240  kl=0.0229  gn=0.859
step=653568  rew=+5.827  swp=15.1  map=0.2  trunc=2%  pl=-0.066  vl=0.555  ent=3.249  kl=0.0189  gn=0.575
step=653824  rew=+5.827  swp=15.1  map=0.2  trunc=2%  pl=-0.060  vl=0.759  ent=3.644  kl=0.0161  gn=0.760
step=654080  rew=+5.827  swp=15.1  map=0.2  trunc=2%  pl=-0.001  vl=0.946  ent=4.252  kl=0.0296  gn=0.781
step=654336  rew=+5.879  swp=15.1  map=0.2  trunc=2%  pl=-0.038  vl=0.812  ent=3.642  kl=0.0244  gn=0.690
step=654592  rew=+5.879  swp=15.1  map=0.2  trunc=2%  pl=-0.001  vl=0.850  ent=4.347  kl=0.0140  gn=0.748
step=654848  rew=+5.879  swp=15.1  map=0.2  trunc=2%  pl=-0.015  vl=1.094  ent=4.359  kl=0.0133  gn=0.738
step=655104  rew=+5.988  swp=15.1  map=0.2  trunc=2%  pl=-0.036  vl=0.406  ent=3.749  kl=0.0078  gn=0.810
step=655360  rew=+6.379  swp=18.8  map=0.3  trunc=2%  pl=-0.020  vl=0.649  ent=2.806  kl=0.0076  gn=1.028
step=655616  rew=+6.379  swp=18.8  map=0.3  trunc=2%  pl=-0.017  vl=1.207  ent=4.345  kl=0.0175  gn=1.114
step=655872  rew=+6.379  swp=18.8  map=0.3  trunc=2%  pl=0.001  vl=0.922  ent=4.351  kl=0.0102  gn=1.055
step=656128  rew=+6.233  swp=18.8  map=0.3  trunc=2%  pl=-0.030  vl=0.927  ent=2.735  kl=0.0070  gn=0.796
step=656384  rew=+6.233  swp=18.8  map=0.3  trunc=2%  pl=-0.002  vl=1.197  ent=4.350  kl=0.0118  gn=0.789
step=656640  rew=+6.233  swp=18.8  map=0.3  trunc=2%  pl=-0.003  vl=1.072  ent=4.351  kl=0.0110  gn=0.706
step=656896  rew=+6.992  swp=23.4  map=0.3  trunc=2%  pl=-0.030  vl=0.659  ent=3.065  kl=0.0148  gn=0.917
step=657152  rew=+6.992  swp=23.4  map=0.3  trunc=2%  pl=-0.034  vl=0.777  ent=3.417  kl=0.0092  gn=0.751
step=657408  rew=+6.992  swp=23.4  map=0.3  trunc=2%  pl=0.006  vl=1.063  ent=4.306  kl=0.0102  gn=0.947
step=657664  rew=+6.713  swp=23.4  map=0.3  trunc=2%  pl=-0.021  vl=0.773  ent=3.836  kl=0.0105  gn=0.817
step=657920  rew=+6.825  swp=28.8  map=0.3  trunc=2%  pl=-0.023  vl=0.745  ent=3.037  kl=0.0071  gn=1.119
step=658176  rew=+6.825  swp=28.8  map=0.3  trunc=2%  pl=-0.013  vl=1.065  ent=4.294  kl=0.0207  gn=0.936
step=658432  rew=+6.825  swp=28.8  map=0.3  trunc=2%  pl=-0.007  vl=1.107  ent=4.294  kl=0.0160  gn=0.921
step=658688  rew=+6.532  swp=28.8  map=0.3  trunc=2%  pl=-0.029  vl=0.697  ent=3.552  kl=0.0230  gn=0.958
step=658944  rew=+6.532  swp=28.8  map=0.3  trunc=2%  pl=-0.030  vl=0.840  ent=3.444  kl=0.0095  gn=1.047
step=659200  rew=+6.532  swp=28.8  map=0.3  trunc=2%  pl=-0.014  vl=0.905  ent=4.272  kl=0.0121  gn=0.927
step=659456  rew=+5.470  swp=29.7  map=0.8  trunc=2%  pl=-0.020  vl=0.825  ent=2.991  kl=0.0118  gn=0.973
step=659712  rew=+5.470  swp=29.7  map=0.8  trunc=2%  pl=-0.060  vl=0.861  ent=3.849  kl=0.0474  gn=1.063
step=659968  rew=+5.470  swp=29.7  map=0.8  trunc=2%  pl=0.025  vl=1.009  ent=4.233  kl=0.0581  gn=1.103
step=660224  rew=+5.243  swp=24.6  map=0.8  trunc=2%  pl=-0.033  vl=0.531  ent=3.620  kl=0.0258  gn=0.991
step=660480  rew=+5.243  swp=24.6  map=0.8  trunc=2%  pl=-0.046  vl=0.481  ent=2.893  kl=0.0168  gn=0.928
step=660736  rew=+5.243  swp=24.6  map=0.8  trunc=2%  pl=0.013  vl=1.012  ent=4.217  kl=0.0300  gn=0.914
step=660992  rew=+5.711  swp=20.6  map=0.6  trunc=2%  pl=-0.022  vl=0.498  ent=3.824  kl=0.0436  gn=0.883
step=661248  rew=+5.761  swp=31.7  map=0.8  trunc=2%  pl=0.006  vl=1.281  ent=1.486  kl=0.0298  gn=0.937
step=661504  rew=+6.246  swp=37.8  map=0.8  trunc=2%  pl=-0.062  vl=0.685  ent=2.257  kl=0.0249  gn=0.653
step=661760  rew=+6.246  swp=37.8  map=0.8  trunc=2%  pl=0.023  vl=1.360  ent=4.306  kl=0.0524  gn=1.022
step=662016  rew=+6.246  swp=37.8  map=0.8  trunc=2%  pl=0.001  vl=1.028  ent=4.201  kl=0.0207  gn=0.704
step=662272  rew=+6.984  swp=34.8  map=1.0  trunc=2%  pl=-0.061  vl=0.571  ent=2.811  kl=0.0127  gn=0.895
step=662528  rew=+6.984  swp=34.8  map=1.0  trunc=2%  pl=-0.036  vl=1.017  ent=3.514  kl=0.0048  gn=0.882
step=662784  rew=+6.984  swp=34.8  map=1.0  trunc=2%  pl=-0.004  vl=0.918  ent=4.360  kl=0.0075  gn=1.018
step=663040  rew=+6.848  swp=34.8  map=1.0  trunc=2%  pl=-0.014  vl=0.689  ent=3.634  kl=0.0217  gn=0.960
step=663296  rew=+6.848  swp=34.8  map=1.0  trunc=2%  pl=-0.063  vl=0.707  ent=3.435  kl=0.0281  gn=1.088
step=663552  rew=+6.848  swp=34.8  map=1.0  trunc=2%  pl=0.039  vl=1.024  ent=4.199  kl=0.0654  gn=1.001
step=663808  rew=+6.940  swp=34.8  map=1.0  trunc=2%  pl=0.040  vl=0.414  ent=3.891  kl=0.0539  gn=0.851
step=664064  rew=+6.940  swp=34.8  map=1.0  trunc=2%  pl=-0.034  vl=0.404  ent=2.859  kl=0.0308  gn=0.801
step=664320  rew=+6.940  swp=34.8  map=1.0  trunc=2%  pl=0.003  vl=1.186  ent=4.230  kl=0.0351  gn=0.790
step=664576  rew=+7.338  swp=34.8  map=1.0  trunc=2%  pl=-0.003  vl=0.912  ent=4.127  kl=0.0226  gn=0.747
step=664832  rew=+7.338  swp=34.8  map=1.0  trunc=2%  pl=-0.054  vl=0.970  ent=2.863  kl=0.0172  gn=1.020
step=665088  rew=+7.338  swp=34.8  map=1.0  trunc=2%  pl=-0.008  vl=0.997  ent=4.315  kl=0.0190  gn=0.733
step=665344  rew=+7.338  swp=34.8  map=1.0  trunc=2%  pl=-0.000  vl=1.051  ent=4.262  kl=0.0217  gn=0.805
step=665600  rew=+7.540  swp=36.5  map=0.9  trunc=2%  pl=-0.033  vl=0.927  ent=2.640  kl=0.0080  gn=0.778
step=665856  rew=+7.540  swp=36.5  map=0.9  trunc=2%  pl=-0.036  vl=0.805  ent=3.779  kl=0.0051  gn=0.892
step=666112  rew=+7.540  swp=36.5  map=0.9  trunc=2%  pl=-0.000  vl=0.866  ent=4.364  kl=0.0074  gn=0.644
step=666368  rew=+7.617  swp=36.5  map=0.9  trunc=2%  pl=-0.014  vl=0.815  ent=3.740  kl=0.0110  gn=0.735
step=666624  rew=+7.617  swp=36.5  map=0.9  trunc=2%  pl=-0.042  vl=0.644  ent=3.172  kl=0.0072  gn=0.509
step=666880  rew=+7.617  swp=36.5  map=0.9  trunc=2%  pl=-0.008  vl=1.005  ent=4.365  kl=0.0081  gn=0.610
step=667136  rew=+7.495  swp=36.5  map=0.9  trunc=2%  pl=-0.018  vl=0.844  ent=3.835  kl=0.0108  gn=0.724
step=667392  rew=+7.533  swp=40.4  map=0.9  trunc=2%  pl=-0.011  vl=1.112  ent=1.529  kl=0.0063  gn=0.935
step=667648  rew=+8.334  swp=49.0  map=0.9  trunc=2%  pl=-0.027  vl=0.824  ent=2.431  kl=0.0108  gn=0.862
step=667904  rew=+8.334  swp=49.0  map=0.9  trunc=2%  pl=0.005  vl=1.265  ent=4.242  kl=0.0210  gn=0.860
step=668160  rew=+8.334  swp=49.0  map=0.9  trunc=2%  pl=0.006  vl=0.933  ent=4.201  kl=0.0259  gn=0.970
step=668416  rew=+8.072  swp=43.6  map=0.9  trunc=2%  pl=-0.055  vl=0.716  ent=2.791  kl=0.0110  gn=1.042
step=668672  rew=+8.072  swp=43.6  map=0.9  trunc=2%  pl=-0.052  vl=0.852  ent=3.395  kl=0.0110  gn=0.901
step=668928  rew=+8.072  swp=43.6  map=0.9  trunc=2%  pl=-0.002  vl=0.981  ent=4.202  kl=0.0187  gn=1.101
step=669184  rew=+9.646  swp=49.5  map=0.7  trunc=2%  pl=-0.041  vl=0.731  ent=2.643  kl=0.0120  gn=1.088
step=669440  rew=+9.646  swp=49.5  map=0.7  trunc=2%  pl=-0.031  vl=0.811  ent=3.183  kl=0.0074  gn=0.954
step=669696  rew=+9.646  swp=49.5  map=0.7  trunc=2%  pl=0.003  vl=0.925  ent=4.331  kl=0.0082  gn=0.822
step=669952  rew=+9.646  swp=49.5  map=0.7  trunc=2%  pl=-0.012  vl=0.926  ent=4.331  kl=0.0079  gn=0.813
step=670208  rew=+9.148  swp=49.5  map=0.7  trunc=2%  pl=-0.015  vl=0.953  ent=3.398  kl=0.0089  gn=0.636
step=670464  rew=+9.148  swp=49.5  map=0.7  trunc=2%  pl=0.005  vl=0.967  ent=4.313  kl=0.0158  gn=1.070
step=670720  rew=+9.148  swp=49.5  map=0.7  trunc=2%  pl=0.003  vl=1.007  ent=4.356  kl=0.0059  gn=0.905
step=670976  rew=+8.444  swp=49.5  map=0.7  trunc=2%  pl=-0.026  vl=0.785  ent=2.826  kl=0.0084  gn=0.966
step=671232  rew=+8.444  swp=49.5  map=0.7  trunc=2%  pl=-0.002  vl=1.032  ent=4.233  kl=0.0157  gn=0.995
step=671488  rew=+8.444  swp=49.5  map=0.7  trunc=2%  pl=-0.001  vl=1.190  ent=4.281  kl=0.0162  gn=0.686
step=671744  rew=+8.193  swp=40.4  map=0.7  trunc=2%  pl=-0.049  vl=0.890  ent=2.828  kl=0.0156  gn=0.742
step=672000  rew=+8.193  swp=40.4  map=0.7  trunc=2%  pl=-0.023  vl=0.860  ent=3.732  kl=0.0121  gn=0.831
step=672256  rew=+8.193  swp=40.4  map=0.7  trunc=2%  pl=0.005  vl=1.114  ent=4.305  kl=0.0133  gn=0.739
step=672512  rew=+7.977  swp=38.5  map=0.5  trunc=2%  pl=-0.050  vl=0.671  ent=3.222  kl=0.0125  gn=0.727
step=672768  rew=+7.977  swp=38.5  map=0.5  trunc=2%  pl=0.008  vl=0.900  ent=4.274  kl=0.0285  gn=0.823
step=673024  rew=+7.977  swp=38.5  map=0.5  trunc=2%  pl=-0.003  vl=1.025  ent=4.227  kl=0.0184  gn=0.581
step=673280  rew=+7.732  swp=32.4  map=0.5  trunc=2%  pl=-0.063  vl=0.631  ent=3.612  kl=0.0186  gn=0.651
step=673536  rew=+7.732  swp=32.4  map=0.5  trunc=2%  pl=-0.028  vl=0.889  ent=2.952  kl=0.0035  gn=0.763
step=673792  rew=+7.732  swp=32.4  map=0.5  trunc=2%  pl=-0.005  vl=0.984  ent=4.379  kl=0.0041  gn=0.429
step=674048  rew=+7.077  swp=32.4  map=0.5  trunc=2%  pl=-0.019  vl=0.944  ent=3.524  kl=0.0231  gn=0.453
step=674304  rew=+7.577  swp=43.1  map=0.8  trunc=2%  pl=-0.003  vl=0.980  ent=1.520  kl=0.0040  gn=0.586
step=674560  rew=+7.501  swp=48.6  map=0.9  trunc=2%  pl=-0.003  vl=0.603  ent=1.773  kl=0.0057  gn=0.730
step=674816  rew=+7.501  swp=48.6  map=0.9  trunc=2%  pl=-0.019  vl=1.112  ent=4.109  kl=0.0404  gn=0.621
step=675072  rew=+7.501  swp=48.6  map=0.9  trunc=2%  pl=0.021  vl=1.104  ent=4.181  kl=0.0384  gn=0.539
step=675328  rew=+7.232  swp=48.6  map=0.9  trunc=2%  pl=-0.064  vl=0.764  ent=2.826  kl=0.0155  gn=0.699
step=675584  rew=+7.232  swp=48.6  map=0.9  trunc=2%  pl=0.018  vl=1.103  ent=4.255  kl=0.0383  gn=0.733
step=675840  rew=+7.232  swp=48.6  map=0.9  trunc=2%  pl=-0.001  vl=1.020  ent=4.278  kl=0.0247  gn=0.584
step=676096  rew=+7.054  swp=48.6  map=1.2  trunc=2%  pl=-0.070  vl=0.599  ent=3.369  kl=0.0134  gn=0.748
step=676352  rew=+7.054  swp=48.6  map=1.2  trunc=2%  pl=-0.029  vl=0.717  ent=3.898  kl=0.0056  gn=0.689
step=676608  rew=+7.054  swp=48.6  map=1.2  trunc=2%  pl=-0.002  vl=1.114  ent=4.377  kl=0.0054  gn=0.873
step=676864  rew=+6.888  swp=47.5  map=1.6  trunc=2%  pl=-0.024  vl=0.884  ent=3.279  kl=0.0038  gn=0.480
step=677120  rew=+7.158  swp=55.2  map=1.8  trunc=2%  pl=-0.002  vl=0.918  ent=2.094  kl=0.0268  gn=0.552
step=677376  rew=+7.158  swp=55.2  map=1.8  trunc=2%  pl=-0.015  vl=0.940  ent=4.185  kl=0.0031  gn=0.332
step=677632  rew=+7.158  swp=55.2  map=1.8  trunc=2%  pl=-0.003  vl=0.976  ent=4.388  kl=0.0044  gn=0.483
step=677888  rew=+6.238  swp=46.7  map=1.8  trunc=2%  pl=-0.015  vl=0.910  ent=3.954  kl=0.0038  gn=0.598
step=678144  rew=+6.238  swp=46.7  map=1.8  trunc=2%  pl=-0.026  vl=1.049  ent=3.694  kl=0.0037  gn=0.375
step=678400  rew=+6.238  swp=46.7  map=1.8  trunc=2%  pl=-0.005  vl=0.935  ent=4.383  kl=0.0046  gn=0.584
step=678656  rew=+5.270  swp=38.1  map=1.8  trunc=2%  pl=-0.012  vl=0.881  ent=3.968  kl=0.0042  gn=0.730
step=678912  rew=+5.420  swp=41.0  map=2.1  trunc=2%  pl=-0.045  vl=0.874  ent=2.202  kl=0.0078  gn=0.738
step=679168  rew=+5.420  swp=41.0  map=2.1  trunc=2%  pl=0.021  vl=0.962  ent=4.337  kl=0.0304  gn=0.924
step=679424  rew=+5.420  swp=41.0  map=2.1  trunc=2%  pl=0.007  vl=0.962  ent=4.342  kl=0.0393  gn=1.058
step=679680  rew=+5.428  swp=40.9  map=2.8  trunc=2%  pl=-0.053  vl=0.692  ent=2.407  kl=0.0104  gn=0.922
step=679936  rew=+5.428  swp=40.9  map=2.8  trunc=2%  pl=-0.025  vl=0.856  ent=4.073  kl=0.0121  gn=0.615
step=680192  rew=+5.428  swp=40.9  map=2.8  trunc=2%  pl=-0.005  vl=1.126  ent=4.366  kl=0.0053  gn=0.592
step=680448  rew=+5.567  swp=40.9  map=3.0  trunc=2%  pl=-0.012  vl=0.825  ent=4.225  kl=0.0064  gn=0.565
step=680704  rew=+5.567  swp=40.9  map=3.0  trunc=2%  pl=-0.027  vl=0.739  ent=3.090  kl=0.0040  gn=0.642
step=680960  rew=+5.567  swp=40.9  map=3.0  trunc=2%  pl=-0.009  vl=0.854  ent=4.378  kl=0.0068  gn=0.473
step=681216  rew=+5.567  swp=40.9  map=3.0  trunc=2%  pl=0.002  vl=0.900  ent=4.367  kl=0.0057  gn=0.416
step=681472  rew=+5.339  swp=43.1  map=3.4  trunc=2%  pl=-0.019  vl=0.975  ent=2.522  kl=0.0040  gn=0.467
step=681728  rew=+5.339  swp=43.1  map=3.4  trunc=2%  pl=-0.019  vl=1.003  ent=4.126  kl=0.0051  gn=0.437
step=681984  rew=+5.339  swp=43.1  map=3.4  trunc=2%  pl=-0.004  vl=1.008  ent=4.368  kl=0.0057  gn=0.490
step=682240  rew=+4.907  swp=43.1  map=3.4  trunc=2%  pl=-0.027  vl=0.813  ent=2.858  kl=0.0053  gn=0.588
step=682496  rew=+4.907  swp=43.1  map=3.4  trunc=2%  pl=-0.000  vl=0.855  ent=4.261  kl=0.0287  gn=0.835
step=682752  rew=+4.907  swp=43.1  map=3.4  trunc=2%  pl=-0.006  vl=1.179  ent=4.280  kl=0.0271  gn=0.694
step=683008  rew=+4.927  swp=43.1  map=3.8  trunc=2%  pl=-0.038  vl=0.644  ent=3.424  kl=0.0126  gn=0.906
step=683264  rew=+4.927  swp=43.1  map=3.8  trunc=2%  pl=-0.017  vl=0.793  ent=3.467  kl=0.0128  gn=0.841
step=683520  rew=+4.927  swp=43.1  map=3.8  trunc=2%  pl=0.000  vl=0.986  ent=4.336  kl=0.0123  gn=0.706
step=683776  rew=+4.634  swp=43.1  map=3.8  trunc=2%  pl=-0.021  vl=0.632  ent=3.728  kl=0.0158  gn=0.785
step=684032  rew=+4.634  swp=43.1  map=3.8  trunc=2%  pl=-0.019  vl=0.828  ent=3.484  kl=0.0119  gn=0.776
step=684288  rew=+4.634  swp=43.1  map=3.8  trunc=2%  pl=-0.005  vl=1.027  ent=4.346  kl=0.0125  gn=0.656
step=684544  rew=+3.758  swp=38.0  map=3.4  trunc=2%  pl=0.003  vl=0.850  ent=3.844  kl=0.0141  gn=0.820
step=684800  rew=+3.758  swp=38.0  map=3.4  trunc=2%  pl=-0.027  vl=0.593  ent=3.330  kl=0.0123  gn=0.875
step=685056  rew=+3.758  swp=38.0  map=3.4  trunc=2%  pl=0.002  vl=0.987  ent=4.354  kl=0.0082  gn=0.938
step=685312  rew=+3.408  swp=29.4  map=3.3  trunc=2%  pl=-0.003  vl=0.814  ent=4.153  kl=0.0122  gn=0.937
step=685568  rew=+3.408  swp=29.4  map=3.3  trunc=2%  pl=-0.026  vl=0.990  ent=3.708  kl=0.0100  gn=0.887
step=685824  rew=+3.408  swp=29.4  map=3.3  trunc=2%  pl=0.011  vl=1.009  ent=4.355  kl=0.0140  gn=0.790
step=686080  rew=+3.408  swp=29.4  map=3.3  trunc=2%  pl=0.007  vl=0.909  ent=4.365  kl=0.0079  gn=0.590
step=686336  rew=+2.715  swp=23.9  map=3.3  trunc=2%  pl=-0.020  vl=0.842  ent=3.469  kl=0.0225  gn=0.607
step=686592  rew=+2.715  swp=23.9  map=3.3  trunc=2%  pl=0.006  vl=1.072  ent=4.336  kl=0.0319  gn=0.908
step=686848  rew=+2.715  swp=23.9  map=3.3  trunc=2%  pl=0.016  vl=0.900  ent=4.341  kl=0.0293  gn=0.879
step=687104  rew=+2.413  swp=23.9  map=3.7  trunc=2%  pl=-0.062  vl=0.834  ent=3.094  kl=0.0144  gn=1.081
step=687360  rew=+2.413  swp=23.9  map=3.7  trunc=2%  pl=-0.002  vl=0.832  ent=4.342  kl=0.0276  gn=1.009
step=687616  rew=+2.413  swp=23.9  map=3.7  trunc=2%  pl=0.000  vl=0.967  ent=4.304  kl=0.0235  gn=1.037
step=687872  rew=+2.327  swp=23.9  map=3.8  trunc=2%  pl=-0.052  vl=0.749  ent=2.921  kl=0.0081  gn=0.917
step=688128  rew=+2.327  swp=23.9  map=3.8  trunc=2%  pl=-0.004  vl=1.285  ent=4.362  kl=0.0087  gn=0.848
step=688384  rew=+2.327  swp=23.9  map=3.8  trunc=2%  pl=0.003  vl=1.065  ent=4.356  kl=0.0102  gn=0.937
step=688640  rew=+2.091  swp=17.9  map=4.5  trunc=2%  pl=-0.043  vl=0.576  ent=2.825  kl=0.0058  gn=0.982
step=688896  rew=+2.091  swp=17.9  map=4.5  trunc=2%  pl=-0.033  vl=0.863  ent=3.426  kl=0.0099  gn=1.155
step=689152  rew=+2.091  swp=17.9  map=4.5  trunc=2%  pl=0.001  vl=0.940  ent=4.364  kl=0.0070  gn=1.113
step=689408  rew=+2.091  swp=17.9  map=4.5  trunc=2%  pl=-0.005  vl=0.942  ent=4.366  kl=0.0096  gn=1.117
step=689664  rew=+2.635  swp=17.9  map=4.8  trunc=2%  pl=-0.017  vl=0.870  ent=2.649  kl=0.0118  gn=1.040
step=689920  rew=+2.635  swp=17.9  map=4.8  trunc=2%  pl=0.002  vl=1.066  ent=4.294  kl=0.0223  gn=1.053
step=690176  rew=+2.635  swp=17.9  map=4.8  trunc=2%  pl=0.003  vl=0.976  ent=4.300  kl=0.0206  gn=1.189
step=690432  rew=+3.754  swp=21.2  map=5.2  trunc=2%  pl=-0.040  vl=0.773  ent=2.318  kl=0.0223  gn=1.012
step=690688  rew=+3.754  swp=21.2  map=5.2  trunc=2%  pl=-0.035  vl=0.759  ent=3.675  kl=0.0116  gn=1.102
step=690944  rew=+3.754  swp=21.2  map=5.2  trunc=2%  pl=-0.001  vl=0.986  ent=4.336  kl=0.0135  gn=1.503
step=691200  rew=+2.710  swp=18.1  map=5.6  trunc=2%  pl=-0.010  vl=0.812  ent=3.854  kl=0.0099  gn=1.342
step=691456  rew=+2.710  swp=18.1  map=5.6  trunc=2%  pl=-0.036  vl=0.871  ent=2.964  kl=0.0091  gn=1.712
step=691712  rew=+2.710  swp=18.1  map=5.6  trunc=2%  pl=0.007  vl=0.936  ent=4.309  kl=0.0141  gn=1.913
step=691968  rew=+2.710  swp=18.1  map=5.6  trunc=2%  pl=-0.001  vl=1.053  ent=4.308  kl=0.0130  gn=1.698
step=692224  rew=+2.827  swp=18.9  map=5.8  trunc=2%  pl=-0.030  vl=0.783  ent=3.065  kl=0.0179  gn=1.152
step=692480  rew=+2.827  swp=18.9  map=5.8  trunc=2%  pl=-0.006  vl=1.028  ent=4.330  kl=0.0109  gn=1.489
step=692736  rew=+2.827  swp=18.9  map=5.8  trunc=2%  pl=0.005  vl=0.993  ent=4.287  kl=0.0107  gn=1.530
step=692992  rew=+3.212  swp=18.9  map=6.2  trunc=2%  pl=-0.031  vl=0.764  ent=3.351  kl=0.0126  gn=1.694
step=693248  rew=+3.212  swp=18.9  map=6.2  trunc=2%  pl=-0.039  vl=1.096  ent=3.795  kl=0.0135  gn=1.401
step=693504  rew=+3.212  swp=18.9  map=6.2  trunc=2%  pl=0.000  vl=0.951  ent=4.199  kl=0.0176  gn=1.701
step=693760  rew=+2.728  swp=16.6  map=6.2  trunc=2%  pl=-0.018  vl=0.558  ent=3.529  kl=0.0177  gn=1.481
step=694016  rew=+2.728  swp=16.6  map=6.2  trunc=2%  pl=-0.032  vl=0.819  ent=2.853  kl=0.0124  gn=1.467
step=694272  rew=+2.728  swp=16.6  map=6.2  trunc=2%  pl=-0.000  vl=1.004  ent=4.272  kl=0.0131  gn=1.501
step=694528  rew=+3.024  swp=16.6  map=6.5  trunc=2%  pl=0.002  vl=0.831  ent=3.673  kl=0.0240  gn=1.181
step=694784  rew=+2.921  swp=27.0  map=6.5  trunc=2%  pl=-0.066  vl=1.045  ent=2.449  kl=0.0483  gn=0.999
step=695040  rew=+2.921  swp=27.0  map=6.5  trunc=2%  pl=-0.035  vl=0.771  ent=3.278  kl=0.0164  gn=1.115
step=695296  rew=+2.921  swp=27.0  map=6.5  trunc=2%  pl=-0.003  vl=0.991  ent=4.246  kl=0.0245  gn=1.098
step=695552  rew=+3.539  swp=27.0  map=6.9  trunc=2%  pl=-0.019  vl=0.676  ent=3.601  kl=0.0345  gn=1.212
step=695808  rew=+3.539  swp=27.0  map=6.9  trunc=2%  pl=0.006  vl=0.800  ent=2.380  kl=0.0458  gn=1.575
step=696064  rew=+3.539  swp=27.0  map=6.9  trunc=2%  pl=0.027  vl=0.955  ent=3.782  kl=0.2088  gn=1.445
step=696320  rew=-0.973  swp=27.0  map=7.3  trunc=2%  pl=0.015  vl=0.798  ent=3.503  kl=0.0487  gn=1.456
step=696576  rew=-0.973  swp=27.0  map=7.3  trunc=2%  pl=-0.027  vl=0.907  ent=4.001  kl=0.0102  gn=0.886
step=696832  rew=-0.973  swp=27.0  map=7.3  trunc=2%  pl=0.001  vl=0.751  ent=4.289  kl=0.0123  gn=1.008
step=697088  rew=-1.311  swp=27.0  map=7.7  trunc=2%  pl=-0.004  vl=0.976  ent=4.125  kl=0.0140  gn=0.842
step=697344  rew=-0.475  swp=30.4  map=7.9  trunc=2%  pl=-0.002  vl=1.406  ent=2.382  kl=0.0085  gn=1.065
step=697600  rew=-0.475  swp=30.4  map=7.9  trunc=2%  pl=-0.035  vl=1.015  ent=3.775  kl=0.0089  gn=0.858
step=697856  rew=-0.475  swp=30.4  map=7.9  trunc=2%  pl=0.001  vl=1.016  ent=4.338  kl=0.0094  gn=0.955
step=698112  rew=-0.718  swp=30.4  map=7.5  trunc=2%  pl=-0.025  vl=1.123  ent=2.809  kl=0.0106  gn=0.878
step=698368  rew=-0.718  swp=30.4  map=7.5  trunc=2%  pl=0.006  vl=1.012  ent=4.313  kl=0.0260  gn=0.846
step=698624  rew=-0.718  swp=30.4  map=7.5  trunc=2%  pl=0.003  vl=0.942  ent=4.325  kl=0.0241  gn=0.711
step=698880  rew=-0.526  swp=30.4  map=7.5  trunc=2%  pl=-0.072  vl=0.556  ent=3.133  kl=0.0374  gn=0.804
step=699136  rew=-0.526  swp=30.4  map=7.5  trunc=2%  pl=0.011  vl=0.908  ent=4.312  kl=0.0270  gn=0.828
step=699392  rew=-0.526  swp=30.4  map=7.5  trunc=2%  pl=0.009  vl=0.926  ent=4.318  kl=0.0264  gn=1.063
step=699648  rew=-0.476  swp=30.4  map=7.5  trunc=3%  pl=-0.049  vl=0.618  ent=3.604  kl=0.0264  gn=1.028
step=699904  rew=-0.476  swp=30.4  map=7.5  trunc=3%  pl=-0.031  vl=0.793  ent=3.442  kl=0.0101  gn=1.055
step=700160  rew=-0.476  swp=30.4  map=7.5  trunc=3%  pl=-0.002  vl=0.971  ent=4.229  kl=0.0198  gn=1.108
step=700416  rew=-1.062  swp=25.6  map=7.0  trunc=3%  pl=-0.012  vl=0.768  ent=3.538  kl=0.0219  gn=1.154
step=700672  rew=-0.251  swp=37.4  map=7.0  trunc=3%  pl=-0.004  vl=1.058  ent=1.641  kl=0.0110  gn=1.260
step=700928  rew=-0.251  swp=37.4  map=7.0  trunc=3%  pl=-0.031  vl=0.750  ent=2.830  kl=0.0166  gn=0.944
step=701184  rew=-0.251  swp=37.4  map=7.0  trunc=3%  pl=0.003  vl=1.252  ent=4.281  kl=0.0167  gn=1.079
step=701440  rew=-0.642  swp=31.1  map=6.7  trunc=3%  pl=0.003  vl=1.008  ent=4.205  kl=0.0112  gn=1.185
step=701696  rew=-0.642  swp=31.1  map=6.7  trunc=3%  pl=-0.001  vl=1.032  ent=3.582  kl=0.0150  gn=0.931
step=701952  rew=-0.642  swp=31.1  map=6.7  trunc=3%  pl=0.010  vl=0.936  ent=4.251  kl=0.0162  gn=1.223
step=702208  rew=-0.642  swp=31.1  map=6.7  trunc=3%  pl=0.007  vl=0.859  ent=4.158  kl=0.0219  gn=1.130
step=702464  rew=-0.629  swp=31.1  map=6.7  trunc=3%  pl=-0.041  vl=0.594  ent=3.268  kl=0.0112  gn=0.916
step=702720  rew=-0.629  swp=31.1  map=6.7  trunc=3%  pl=0.005  vl=0.971  ent=4.305  kl=0.0135  gn=1.087
step=702976  rew=-0.629  swp=31.1  map=6.7  trunc=3%  pl=0.006  vl=0.872  ent=4.287  kl=0.0132  gn=1.179
step=703232  rew=-0.189  swp=36.5  map=6.7  trunc=3%  pl=-0.035  vl=0.749  ent=2.330  kl=0.0157  gn=1.073
step=703488  rew=-0.189  swp=36.5  map=6.7  trunc=3%  pl=0.008  vl=1.320  ent=2.142  kl=0.0233  gn=1.350
step=703744  rew=-0.189  swp=36.5  map=6.7  trunc=3%  pl=-0.017  vl=1.091  ent=3.751  kl=0.0777  gn=1.130
step=704000  rew=-2.191  swp=33.7  map=6.3  trunc=3%  pl=0.029  vl=0.857  ent=3.711  kl=0.1188  gn=1.166
step=704256  rew=-2.191  swp=33.7  map=6.3  trunc=3%  pl=-0.006  vl=1.288  ent=1.622  kl=0.0163  gn=1.407
step=704512  rew=-2.191  swp=33.7  map=6.3  trunc=3%  pl=-0.022  vl=1.005  ent=3.865  kl=0.0410  gn=1.205
step=704768  rew=-2.191  swp=33.7  map=6.3  trunc=3%  pl=0.013  vl=0.879  ent=4.209  kl=0.0323  gn=1.175
step=705024  rew=-1.585  swp=33.7  map=6.3  trunc=3%  pl=-0.023  vl=0.917  ent=3.147  kl=0.0363  gn=0.974
step=705280  rew=-1.585  swp=33.7  map=6.3  trunc=3%  pl=-0.006  vl=0.994  ent=4.305  kl=0.0133  gn=1.148
step=705536  rew=-1.585  swp=33.7  map=6.3  trunc=3%  pl=-0.015  vl=0.854  ent=4.309  kl=0.0173  gn=1.082
step=705792  rew=-1.335  swp=33.7  map=6.3  trunc=3%  pl=-0.032  vl=0.852  ent=2.651  kl=0.0125  gn=1.191
step=706048  rew=-1.335  swp=33.7  map=6.3  trunc=3%  pl=0.000  vl=0.968  ent=4.129  kl=0.0240  gn=1.504
step=706304  rew=-1.335  swp=33.7  map=6.3  trunc=3%  pl=0.016  vl=0.962  ent=4.096  kl=0.0225  gn=1.385
step=706560  rew=-1.317  swp=28.4  map=6.0  trunc=3%  pl=-0.033  vl=0.819  ent=2.387  kl=0.0514  gn=1.346
step=706816  rew=-1.317  swp=28.4  map=6.0  trunc=3%  pl=-0.034  vl=0.869  ent=3.872  kl=0.0242  gn=1.060
step=707072  rew=-1.317  swp=28.4  map=6.0  trunc=3%  pl=0.003  vl=0.909  ent=4.232  kl=0.0253  gn=1.258
step=707328  rew=-1.234  swp=28.4  map=5.8  trunc=3%  pl=-0.019  vl=0.662  ent=4.032  kl=0.0142  gn=1.123
step=707584  rew=-1.234  swp=28.4  map=5.8  trunc=3%  pl=-0.035  vl=0.780  ent=2.751  kl=0.0110  gn=1.423
step=707840  rew=-1.234  swp=28.4  map=5.8  trunc=3%  pl=0.000  vl=1.002  ent=4.146  kl=0.0173  gn=1.707
step=708096  rew=+3.234  swp=28.4  map=5.3  trunc=3%  pl=-0.001  vl=0.934  ent=4.164  kl=0.0156  gn=1.615
step=708352  rew=+3.234  swp=28.4  map=5.3  trunc=3%  pl=-0.042  vl=0.682  ent=3.569  kl=0.0128  gn=1.456
step=708608  rew=+3.234  swp=28.4  map=5.3  trunc=3%  pl=0.004  vl=0.895  ent=4.259  kl=0.0174  gn=1.368
step=708864  rew=+3.234  swp=28.4  map=5.3  trunc=3%  pl=-0.001  vl=0.898  ent=4.187  kl=0.0256  gn=1.308
step=709120  rew=+3.313  swp=28.4  map=5.3  trunc=3%  pl=-0.032  vl=1.027  ent=2.137  kl=0.0170  gn=1.274
step=709376  rew=+3.313  swp=28.4  map=5.3  trunc=3%  pl=0.047  vl=0.976  ent=3.729  kl=0.2317  gn=1.169
step=709632  rew=+3.313  swp=28.4  map=5.3  trunc=3%  pl=0.039  vl=1.065  ent=3.773  kl=0.2193  gn=1.378
step=709888  rew=+2.823  swp=26.9  map=5.4  trunc=3%  pl=-0.047  vl=0.941  ent=2.598  kl=0.0167  gn=1.219
step=710144  rew=+2.823  swp=26.9  map=5.4  trunc=3%  pl=-0.029  vl=0.856  ent=3.827  kl=0.0161  gn=1.401
step=710400  rew=+2.823  swp=26.9  map=5.4  trunc=3%  pl=0.007  vl=0.964  ent=4.221  kl=0.0139  gn=1.470
step=710656  rew=+2.224  swp=26.9  map=5.0  trunc=3%  pl=-0.024  vl=0.740  ent=2.887  kl=0.0120  gn=1.976
step=710912  rew=+3.545  swp=43.0  map=5.0  trunc=3%  pl=-0.003  vl=0.969  ent=1.433  kl=0.0153  gn=1.761
step=711168  rew=+3.545  swp=43.0  map=5.0  trunc=3%  pl=0.006  vl=1.089  ent=1.484  kl=0.0107  gn=1.529
step=711424  rew=+5.827  swp=64.8  map=5.5  trunc=3%  pl=0.001  vl=0.640  ent=1.687  kl=0.0095  gn=1.164
step=711680  rew=+5.827  swp=64.8  map=5.5  trunc=3%  pl=-0.057  vl=0.894  ent=3.270  kl=0.0191  gn=1.479
step=711936  rew=+5.827  swp=64.8  map=5.5  trunc=3%  pl=0.007  vl=0.967  ent=4.199  kl=0.0280  gn=1.151
step=712192  rew=+5.833  swp=59.9  map=5.1  trunc=3%  pl=-0.056  vl=0.597  ent=3.301  kl=0.0256  gn=1.684
step=712448  rew=+6.120  swp=63.8  map=5.1  trunc=3%  pl=0.034  vl=0.962  ent=1.881  kl=0.0567  gn=1.257
step=712704  rew=+6.120  swp=63.8  map=5.1  trunc=3%  pl=-0.042  vl=0.993  ent=2.724  kl=0.0378  gn=1.313
step=712960  rew=+6.120  swp=63.8  map=5.1  trunc=3%  pl=0.017  vl=0.946  ent=3.925  kl=0.0424  gn=1.744
step=713216  rew=+2.354  swp=64.2  map=5.5  trunc=3%  pl=-0.009  vl=0.793  ent=3.030  kl=0.0285  gn=1.826
step=713472  rew=+2.354  swp=64.2  map=5.5  trunc=3%  pl=-0.029  vl=0.772  ent=2.624  kl=0.0433  gn=2.022
step=713728  rew=+2.354  swp=64.2  map=5.5  trunc=3%  pl=0.042  vl=1.009  ent=3.842  kl=0.0529  gn=1.520
step=713984  rew=-4.766  swp=64.2  map=5.4  trunc=3%  pl=0.020  vl=0.874  ent=3.841  kl=0.0385  gn=1.823
step=714240  rew=-4.766  swp=64.2  map=5.4  trunc=3%  pl=-0.013  vl=0.841  ent=2.298  kl=0.0156  gn=1.681
step=714496  rew=-4.766  swp=64.2  map=5.4  trunc=3%  pl=0.014  vl=1.004  ent=3.986  kl=0.0370  gn=1.475
step=714752  rew=-4.766  swp=64.2  map=5.4  trunc=3%  pl=0.012  vl=0.956  ent=4.000  kl=0.0354  gn=1.177
step=715008  rew=-6.931  swp=64.2  map=5.0  trunc=3%  pl=-0.017  vl=0.918  ent=3.577  kl=0.0098  gn=1.234
step=715264  rew=-6.931  swp=64.2  map=5.0  trunc=3%  pl=0.003  vl=0.792  ent=4.258  kl=0.0114  gn=1.287
step=715520  rew=-6.931  swp=64.2  map=5.0  trunc=3%  pl=0.001  vl=0.976  ent=4.248  kl=0.0127  gn=1.091
step=715776  rew=-7.550  swp=57.4  map=5.0  trunc=3%  pl=-0.031  vl=0.730  ent=3.058  kl=0.0215  gn=1.254
step=716032  rew=-7.550  swp=57.4  map=5.0  trunc=3%  pl=-0.004  vl=0.813  ent=4.320  kl=0.0125  gn=0.812
step=716288  rew=-7.550  swp=57.4  map=5.0  trunc=3%  pl=-0.001  vl=0.893  ent=4.350  kl=0.0097  gn=0.882
step=716544  rew=-6.312  swp=57.4  map=5.4  trunc=3%  pl=-0.040  vl=0.596  ent=2.907  kl=0.0070  gn=0.710
step=716800  rew=-6.312  swp=57.4  map=5.4  trunc=3%  pl=-0.029  vl=0.887  ent=3.796  kl=0.0062  gn=0.762
step=717056  rew=-6.312  swp=57.4  map=5.4  trunc=3%  pl=0.002  vl=0.814  ent=4.335  kl=0.0080  gn=0.997
step=717312  rew=-9.070  swp=57.4  map=5.0  trunc=3%  pl=-0.024  vl=0.981  ent=2.926  kl=0.0122  gn=0.955
step=717568  rew=-7.747  swp=71.3  map=5.0  trunc=3%  pl=-0.013  vl=1.281  ent=1.841  kl=0.0102  gn=1.004
step=717824  rew=-7.747  swp=71.3  map=5.0  trunc=3%  pl=-0.035  vl=0.758  ent=3.245  kl=0.0217  gn=1.061
step=718080  rew=-7.747  swp=71.3  map=5.0  trunc=3%  pl=0.004  vl=0.905  ent=4.222  kl=0.0214  gn=1.111
step=718336  rew=-13.246  swp=71.3  map=5.2  trunc=3%  pl=-0.016  vl=0.926  ent=3.455  kl=0.0158  gn=1.040
step=718592  rew=-12.313  swp=78.8  map=5.0  trunc=3%  pl=-0.000  vl=1.088  ent=1.856  kl=0.0068  gn=0.909
step=718848  rew=-12.313  swp=78.8  map=5.0  trunc=3%  pl=-0.028  vl=0.969  ent=2.907  kl=0.0116  gn=1.431
step=719104  rew=-12.313  swp=78.8  map=5.0  trunc=3%  pl=-0.002  vl=1.069  ent=4.177  kl=0.0390  gn=1.178
step=719360  rew=-17.926  swp=78.8  map=4.9  trunc=3%  pl=-0.007  vl=0.887  ent=3.881  kl=0.0197  gn=0.944
step=719616  rew=-17.926  swp=78.8  map=4.9  trunc=3%  pl=-0.030  vl=0.769  ent=3.752  kl=0.0355  gn=1.149
step=719872  rew=-17.926  swp=78.8  map=4.9  trunc=3%  pl=0.028  vl=0.929  ent=4.040  kl=0.0642  gn=1.005
step=720128  rew=-17.199  swp=78.8  map=5.0  trunc=3%  pl=0.016  vl=0.718  ent=3.998  kl=0.0412  gn=0.773
step=720384  rew=-17.199  swp=78.8  map=5.0  trunc=3%  pl=-0.003  vl=1.339  ent=2.283  kl=0.0101  gn=1.075
step=720640  rew=-17.199  swp=78.8  map=5.0  trunc=3%  pl=-0.016  vl=1.046  ent=3.767  kl=0.0082  gn=0.811
step=720896  rew=-17.199  swp=78.8  map=5.0  trunc=3%  pl=-0.001  vl=0.980  ent=4.306  kl=0.0111  gn=1.222
step=721152  rew=-22.770  swp=78.8  map=4.7  trunc=3%  pl=-0.025  vl=0.970  ent=1.907  kl=0.0151  gn=0.984
step=721408  rew=-20.479  swp=95.0  map=5.0  trunc=3%  pl=-0.001  vl=0.911  ent=1.587  kl=0.0045  gn=0.914
step=721664  rew=-19.678  swp=105.5  map=5.0  trunc=3%  pl=-0.008  vl=0.965  ent=1.935  kl=0.0093  gn=1.252
step=721920  rew=-19.678  swp=105.5  map=5.0  trunc=3%  pl=0.014  vl=0.916  ent=4.223  kl=0.0164  gn=1.944
step=722176  rew=-19.678  swp=105.5  map=5.0  trunc=3%  pl=-0.001  vl=1.089  ent=4.298  kl=0.0165  gn=1.770
step=722432  rew=-19.770  swp=105.5  map=5.4  trunc=3%  pl=-0.039  vl=0.710  ent=3.196  kl=0.0195  gn=1.939
step=722688  rew=-19.770  swp=105.5  map=5.4  trunc=3%  pl=-0.055  vl=0.825  ent=3.310  kl=0.0150  gn=1.373
step=722944  rew=-19.770  swp=105.5  map=5.4  trunc=3%  pl=-0.018  vl=0.976  ent=4.328  kl=0.0198  gn=1.431
step=723200  rew=-23.598  swp=89.4  map=5.3  trunc=3%  pl=-0.028  vl=0.999  ent=3.386  kl=0.0156  gn=1.665
step=723456  rew=-24.614  swp=80.0  map=5.3  trunc=3%  pl=0.002  vl=1.055  ent=1.818  kl=0.0087  gn=1.342
step=723712  rew=-24.614  swp=80.0  map=5.3  trunc=3%  pl=-0.029  vl=0.879  ent=3.182  kl=0.0157  gn=1.485
step=723968  rew=-24.614  swp=80.0  map=5.3  trunc=3%  pl=0.015  vl=0.923  ent=4.308  kl=0.0172  gn=1.950
step=724224  rew=-29.633  swp=80.0  map=5.7  trunc=3%  pl=-0.030  vl=0.863  ent=3.543  kl=0.0181  gn=1.189
step=724480  rew=-29.780  swp=81.8  map=5.7  trunc=3%  pl=-0.001  vl=0.995  ent=1.712  kl=0.0089  gn=1.125
step=724736  rew=-29.780  swp=81.8  map=5.7  trunc=3%  pl=-0.073  vl=0.975  ent=3.015  kl=0.0344  gn=0.849
step=724992  rew=-29.780  swp=81.8  map=5.7  trunc=3%  pl=0.027  vl=0.906  ent=4.317  kl=0.0398  gn=0.992
step=725248  rew=-27.033  swp=81.8  map=5.7  trunc=3%  pl=-0.011  vl=0.837  ent=3.794  kl=0.0182  gn=1.075
step=725504  rew=-27.033  swp=81.8  map=5.7  trunc=3%  pl=-0.020  vl=0.655  ent=2.787  kl=0.0035  gn=1.197
step=725760  rew=-27.033  swp=81.8  map=5.7  trunc=3%  pl=-0.009  vl=0.937  ent=4.306  kl=0.0090  gn=1.340
step=726016  rew=-29.151  swp=78.4  map=5.7  trunc=3%  pl=-0.003  vl=1.048  ent=3.961  kl=0.0169  gn=1.070
step=726272  rew=-29.151  swp=78.4  map=5.7  trunc=3%  pl=-0.066  vl=0.824  ent=2.918  kl=0.0191  gn=0.970
step=726528  rew=-29.151  swp=78.4  map=5.7  trunc=3%  pl=-0.003  vl=0.988  ent=4.292  kl=0.0269  gn=1.283
step=726784  rew=-29.151  swp=78.4  map=5.7  trunc=3%  pl=0.010  vl=0.914  ent=4.282  kl=0.0293  gn=1.162
step=727040  rew=-22.138  swp=90.5  map=6.1  trunc=3%  pl=-0.020  vl=1.010  ent=1.619  kl=0.0029  gn=0.550
step=727296  rew=-22.138  swp=90.5  map=6.1  trunc=3%  pl=-0.062  vl=0.760  ent=2.892  kl=0.0172  gn=0.820
step=727552  rew=-22.138  swp=90.5  map=6.1  trunc=3%  pl=0.007  vl=1.088  ent=4.299  kl=0.0348  gn=0.871
step=727808  rew=-22.138  swp=90.5  map=6.1  trunc=3%  pl=0.010  vl=0.998  ent=4.323  kl=0.0344  gn=0.819
step=728064  rew=-26.147  swp=90.5  map=6.1  trunc=3%  pl=-0.047  vl=0.932  ent=1.881  kl=0.0061  gn=0.860
step=728320  rew=-24.783  swp=102.9  map=6.1  trunc=3%  pl=-0.013  vl=0.747  ent=1.839  kl=0.0036  gn=0.884
step=728576  rew=-24.783  swp=102.9  map=6.1  trunc=3%  pl=0.001  vl=1.128  ent=4.284  kl=0.0202  gn=1.051
step=728832  rew=-24.783  swp=102.9  map=6.1  trunc=3%  pl=-0.010  vl=0.975  ent=4.328  kl=0.0077  gn=1.225
step=729088  rew=-24.680  swp=102.9  map=6.5  trunc=3%  pl=-0.032  vl=0.835  ent=2.991  kl=0.0063  gn=0.968
step=729344  rew=-24.680  swp=102.9  map=6.5  trunc=3%  pl=-0.004  vl=0.986  ent=4.354  kl=0.0125  gn=0.948
step=729600  rew=-24.680  swp=102.9  map=6.5  trunc=3%  pl=-0.001  vl=0.873  ent=4.354  kl=0.0091  gn=1.225
step=729856  rew=-26.435  swp=89.0  map=6.5  trunc=3%  pl=-0.036  vl=0.558  ent=2.465  kl=0.0127  gn=0.946
step=730112  rew=-26.435  swp=89.0  map=6.5  trunc=3%  pl=0.002  vl=1.032  ent=1.684  kl=0.0059  gn=0.769
step=730368  rew=-18.588  swp=110.2  map=6.8  trunc=3%  pl=-0.015  vl=1.061  ent=1.819  kl=0.0073  gn=0.934
step=730624  rew=-18.588  swp=110.2  map=6.8  trunc=3%  pl=-0.005  vl=0.923  ent=4.010  kl=0.0301  gn=0.658
step=730880  rew=-18.588  swp=110.2  map=6.8  trunc=3%  pl=0.009  vl=1.071  ent=4.298  kl=0.0302  gn=0.952
step=731136  rew=-20.341  swp=97.5  map=6.8  trunc=3%  pl=-0.047  vl=0.847  ent=2.393  kl=0.0071  gn=0.826
step=731392  rew=-20.341  swp=97.5  map=6.8  trunc=3%  pl=-0.001  vl=0.945  ent=4.214  kl=0.0130  gn=1.086
step=731648  rew=-20.341  swp=97.5  map=6.8  trunc=3%  pl=-0.008  vl=0.948  ent=4.286  kl=0.0200  gn=1.331
step=731904  rew=-15.995  swp=97.5  map=6.9  trunc=3%  pl=-0.027  vl=0.909  ent=2.602  kl=0.0085  gn=1.129
step=732160  rew=-15.995  swp=97.5  map=6.9  trunc=3%  pl=-0.022  vl=0.855  ent=1.933  kl=0.0094  gn=1.040
step=732416  rew=-15.995  swp=97.5  map=6.9  trunc=3%  pl=0.022  vl=0.871  ent=4.056  kl=0.0629  gn=0.835
step=732672  rew=-15.941  swp=97.5  map=7.2  trunc=3%  pl=-0.049  vl=0.808  ent=3.150  kl=0.0245  gn=0.643
step=732928  rew=-15.941  swp=97.5  map=7.2  trunc=3%  pl=-0.046  vl=1.090  ent=3.108  kl=0.0123  gn=0.968
step=733184  rew=-15.941  swp=97.5  map=7.2  trunc=3%  pl=0.006  vl=0.970  ent=4.300  kl=0.0195  gn=1.104
step=733440  rew=-13.714  swp=97.5  map=7.2  trunc=3%  pl=-0.020  vl=0.767  ent=3.431  kl=0.0134  gn=0.950
step=733696  rew=-13.714  swp=97.5  map=7.2  trunc=3%  pl=-0.026  vl=1.194  ent=2.974  kl=0.0062  gn=0.990
step=733952  rew=-13.714  swp=97.5  map=7.2  trunc=3%  pl=0.002  vl=0.979  ent=4.320  kl=0.0136  gn=1.027
step=734208  rew=-21.921  swp=81.3  map=6.8  trunc=3%  pl=-0.010  vl=0.788  ent=3.425  kl=0.0150  gn=1.230
step=734464  rew=-21.989  swp=82.5  map=6.8  trunc=3%  pl=-0.005  vl=0.676  ent=1.660  kl=0.0111  gn=0.967
step=734720  rew=-21.989  swp=82.5  map=6.8  trunc=3%  pl=-0.060  vl=0.662  ent=2.808  kl=0.0262  gn=0.858
step=734976  rew=-21.989  swp=82.5  map=6.8  trunc=3%  pl=0.030  vl=0.931  ent=4.184  kl=0.0479  gn=1.176
step=735232  rew=-25.031  swp=82.5  map=6.3  trunc=3%  pl=0.009  vl=1.010  ent=3.859  kl=0.0532  gn=1.290
step=735488  rew=-25.031  swp=82.5  map=6.3  trunc=3%  pl=-0.018  vl=0.867  ent=3.797  kl=0.0227  gn=1.338
step=735744  rew=-25.031  swp=82.5  map=6.3  trunc=3%  pl=0.008  vl=0.903  ent=4.201  kl=0.0414  gn=1.462
step=736000  rew=-25.031  swp=82.5  map=6.3  trunc=3%  pl=0.028  vl=0.891  ent=4.257  kl=0.0409  gn=1.103
step=736256  rew=-23.876  swp=82.5  map=6.1  trunc=3%  pl=-0.023  vl=1.117  ent=2.330  kl=0.0747  gn=0.988
step=736512  rew=-23.876  swp=82.5  map=6.1  trunc=3%  pl=0.001  vl=0.906  ent=4.253  kl=0.0279  gn=0.890
step=736768  rew=-23.876  swp=82.5  map=6.1  trunc=3%  pl=0.011  vl=0.994  ent=4.250  kl=0.0321  gn=1.057
step=737024  rew=-29.056  swp=70.2  map=5.7  trunc=3%  pl=-0.047  vl=1.097  ent=2.072  kl=0.0786  gn=0.721
step=737280  rew=-22.707  swp=89.5  map=5.7  trunc=3%  pl=-0.007  vl=0.813  ent=1.704  kl=0.0050  gn=0.979
step=737536  rew=-22.707  swp=89.5  map=5.7  trunc=3%  pl=-0.043  vl=0.646  ent=2.821  kl=0.0146  gn=1.007
step=737792  rew=-22.707  swp=89.5  map=5.7  trunc=3%  pl=0.011  vl=1.219  ent=4.232  kl=0.0440  gn=0.854
step=738048  rew=-26.893  swp=78.5  map=5.3  trunc=3%  pl=-0.014  vl=0.914  ent=3.819  kl=0.0220  gn=0.739
step=738304  rew=-26.893  swp=78.5  map=5.3  trunc=3%  pl=-0.011  vl=1.040  ent=2.120  kl=0.0063  gn=1.012
step=738560  rew=-26.893  swp=78.5  map=5.3  trunc=3%  pl=0.004  vl=0.963  ent=4.337  kl=0.0109  gn=1.014
step=738816  rew=-30.345  swp=78.5  map=5.0  trunc=3%  pl=-0.005  vl=1.078  ent=4.183  kl=0.0136  gn=1.146
step=739072  rew=-30.345  swp=78.5  map=5.0  trunc=3%  pl=0.009  vl=0.944  ent=2.285  kl=0.0049  gn=1.401
step=739328  rew=-30.345  swp=78.5  map=5.0  trunc=3%  pl=0.003  vl=0.949  ent=4.365  kl=0.0093  gn=1.255
step=739584  rew=-30.345  swp=78.5  map=5.0  trunc=3%  pl=-0.006  vl=0.998  ent=4.366  kl=0.0072  gn=1.258
step=739840  rew=-34.689  swp=78.5  map=4.5  trunc=3%  pl=-0.016  vl=0.827  ent=2.567  kl=0.0094  gn=1.337
step=740096  rew=-34.689  swp=78.5  map=4.5  trunc=3%  pl=-0.024  vl=0.967  ent=3.893  kl=0.0119  gn=1.319
step=740352  rew=-34.689  swp=78.5  map=4.5  trunc=3%  pl=0.004  vl=1.082  ent=4.362  kl=0.0137  gn=1.260
step=740608  rew=-33.793  swp=78.5  map=4.2  trunc=3%  pl=-0.033  vl=0.844  ent=2.655  kl=0.0145  gn=1.064
step=740864  rew=-33.793  swp=78.5  map=4.2  trunc=3%  pl=0.001  vl=0.825  ent=3.759  kl=0.0144  gn=1.167
step=741120  rew=-33.793  swp=78.5  map=4.2  trunc=3%  pl=0.004  vl=0.971  ent=4.353  kl=0.0141  gn=0.969
step=741376  rew=-41.327  swp=66.5  map=3.8  trunc=3%  pl=0.002  vl=0.757  ent=3.482  kl=0.0153  gn=1.182
step=741632  rew=-41.327  swp=66.5  map=3.8  trunc=3%  pl=0.017  vl=1.010  ent=4.301  kl=0.0336  gn=1.090
step=741888  rew=-41.327  swp=66.5  map=3.8  trunc=3%  pl=0.003  vl=0.992  ent=4.323  kl=0.0300  gn=1.285
step=742144  rew=-38.263  swp=66.5  map=3.5  trunc=3%  pl=-0.041  vl=0.919  ent=3.022  kl=0.0195  gn=1.143
step=742400  rew=-38.263  swp=66.5  map=3.5  trunc=3%  pl=0.012  vl=1.004  ent=4.223  kl=0.0178  gn=1.268
step=742656  rew=-38.263  swp=66.5  map=3.5  trunc=3%  pl=0.007  vl=1.006  ent=4.314  kl=0.0161  gn=1.137
step=742912  rew=-40.196  swp=54.0  map=3.0  trunc=3%  pl=-0.029  vl=0.894  ent=3.365  kl=0.0113  gn=0.952
step=743168  rew=-40.196  swp=54.0  map=3.0  trunc=3%  pl=-0.025  vl=0.697  ent=3.100  kl=0.0232  gn=0.997
step=743424  rew=-40.196  swp=54.0  map=3.0  trunc=3%  pl=0.002  vl=1.082  ent=4.358  kl=0.0089  gn=1.108
step=743680  rew=-43.698  swp=54.0  map=2.6  trunc=3%  pl=-0.006  vl=0.906  ent=3.681  kl=0.0096  gn=0.952
step=743936  rew=-43.698  swp=54.0  map=2.6  trunc=3%  pl=0.003  vl=0.847  ent=3.684  kl=0.0131  gn=1.248
step=744192  rew=-43.698  swp=54.0  map=2.6  trunc=3%  pl=0.009  vl=0.827  ent=4.331  kl=0.0161  gn=1.684
step=744448  rew=-43.984  swp=54.0  map=2.2  trunc=3%  pl=0.002  vl=0.902  ent=3.879  kl=0.0109  gn=1.342
step=744704  rew=-45.281  swp=41.9  map=1.9  trunc=3%  pl=0.002  vl=0.958  ent=1.842  kl=0.0056  gn=1.054
step=744960  rew=-44.164  swp=48.0  map=1.8  trunc=3%  pl=-0.003  vl=0.666  ent=1.811  kl=0.0114  gn=1.270
step=745216  rew=-44.164  swp=48.0  map=1.8  trunc=3%  pl=0.014  vl=0.852  ent=4.245  kl=0.0352  gn=1.154
step=745472  rew=-44.164  swp=48.0  map=1.8  trunc=3%  pl=0.024  vl=1.023  ent=4.170  kl=0.0430  gn=1.239
step=745728  rew=-46.184  swp=48.0  map=1.8  trunc=3%  pl=-0.032  vl=0.898  ent=2.325  kl=0.0108  gn=1.213
step=745984  rew=-46.184  swp=48.0  map=1.8  trunc=3%  pl=-0.016  vl=0.918  ent=3.886  kl=0.0140  gn=1.225
step=746240  rew=-46.184  swp=48.0  map=1.8  trunc=3%  pl=0.009  vl=0.953  ent=4.295  kl=0.0176  gn=1.746
step=746496  rew=-48.577  swp=48.0  map=1.4  trunc=3%  pl=-0.030  vl=0.812  ent=2.618  kl=0.0147  gn=1.762
step=746752  rew=-48.577  swp=48.0  map=1.4  trunc=3%  pl=-0.022  vl=1.029  ent=3.550  kl=0.0148  gn=1.105
step=747008  rew=-48.577  swp=48.0  map=1.4  trunc=3%  pl=0.009  vl=0.986  ent=4.290  kl=0.0175  gn=1.514
step=747264  rew=-46.978  swp=48.0  map=1.4  trunc=3%  pl=-0.034  vl=0.739  ent=3.163  kl=0.0185  gn=1.567
step=747520  rew=-46.978  swp=48.0  map=1.4  trunc=3%  pl=-0.023  vl=0.921  ent=2.785  kl=0.0113  gn=1.558
step=747776  rew=-46.978  swp=48.0  map=1.4  trunc=3%  pl=-0.003  vl=1.086  ent=4.358  kl=0.0113  gn=1.484
step=748032  rew=-43.344  swp=48.0  map=1.4  trunc=3%  pl=-0.011  vl=0.814  ent=3.168  kl=0.0079  gn=1.436
step=748288  rew=-43.344  swp=48.0  map=1.4  trunc=3%  pl=-0.004  vl=0.993  ent=4.208  kl=0.0205  gn=1.238
step=748544  rew=-43.344  swp=48.0  map=1.4  trunc=3%  pl=-0.001  vl=0.997  ent=4.310  kl=0.0246  gn=1.239
step=748800  rew=-44.673  swp=34.5  map=0.9  trunc=3%  pl=-0.023  vl=0.686  ent=3.702  kl=0.0152  gn=1.078
step=749056  rew=-44.673  swp=34.5  map=0.9  trunc=3%  pl=-0.037  vl=0.797  ent=2.719  kl=0.0089  gn=1.521
step=749312  rew=-44.673  swp=34.5  map=0.9  trunc=3%  pl=-0.008  vl=1.035  ent=4.326  kl=0.0107  gn=1.226
step=749568  rew=-42.872  swp=34.5  map=0.9  trunc=3%  pl=-0.017  vl=0.972  ent=3.893  kl=0.0107  gn=1.171
step=749824  rew=-42.872  swp=34.5  map=0.9  trunc=3%  pl=-0.037  vl=0.858  ent=2.988  kl=0.0098  gn=1.121
step=750080  rew=-42.872  swp=34.5  map=0.9  trunc=3%  pl=0.011  vl=0.941  ent=4.299  kl=0.0191  gn=1.279
step=750336  rew=-47.404  swp=34.5  map=0.8  trunc=3%  pl=-0.007  vl=1.126  ent=4.079  kl=0.0097  gn=0.725
step=750592  rew=-47.404  swp=34.5  map=0.8  trunc=3%  pl=-0.004  vl=0.922  ent=1.905  kl=0.0036  gn=1.164
step=750848  rew=-47.404  swp=34.5  map=0.8  trunc=3%  pl=-0.026  vl=0.924  ent=3.710  kl=0.0352  gn=1.086
step=751104  rew=-47.404  swp=34.5  map=0.8  trunc=3%  pl=0.001  vl=0.924  ent=4.236  kl=0.0251  gn=0.853
step=751360  rew=-44.108  swp=34.5  map=0.8  trunc=3%  pl=-0.024  vl=0.939  ent=3.329  kl=0.0061  gn=0.534
step=751616  rew=-44.108  swp=34.5  map=0.8  trunc=3%  pl=0.000  vl=0.879  ent=4.351  kl=0.0075  gn=0.742
step=751872  rew=-44.108  swp=34.5  map=0.8  trunc=3%  pl=0.015  vl=0.800  ent=4.319  kl=0.0144  gn=0.732
step=752128  rew=-46.032  swp=15.2  map=0.5  trunc=3%  pl=-0.023  vl=0.743  ent=3.363  kl=0.0144  gn=0.958
step=752384  rew=-46.032  swp=15.2  map=0.5  trunc=3%  pl=0.009  vl=1.009  ent=4.333  kl=0.0206  gn=0.604
step=752640  rew=-46.032  swp=15.2  map=0.5  trunc=3%  pl=0.011  vl=0.917  ent=4.327  kl=0.0213  gn=0.671
step=752896  rew=-42.235  swp=15.2  map=0.5  trunc=3%  pl=-0.055  vl=0.394  ent=2.713  kl=0.0062  gn=0.823
step=753152  rew=-42.235  swp=15.2  map=0.5  trunc=3%  pl=-0.000  vl=0.962  ent=4.107  kl=0.0075  gn=0.975
step=753408  rew=-42.235  swp=15.2  map=0.5  trunc=3%  pl=-0.002  vl=0.883  ent=4.289  kl=0.0103  gn=1.215
step=753664  rew=-39.103  swp=15.2  map=0.5  trunc=3%  pl=-0.023  vl=0.955  ent=3.034  kl=0.0474  gn=1.248
step=753920  rew=-39.103  swp=15.2  map=0.5  trunc=3%  pl=-0.028  vl=0.865  ent=3.860  kl=0.0119  gn=1.077
step=754176  rew=-39.103  swp=15.2  map=0.5  trunc=3%  pl=0.004  vl=1.060  ent=4.321  kl=0.0106  gn=1.210
step=754432  rew=-35.296  swp=15.2  map=0.5  trunc=3%  pl=-0.027  vl=0.726  ent=3.214  kl=0.0127  gn=1.134
step=754688  rew=-35.296  swp=15.2  map=0.5  trunc=3%  pl=-0.030  vl=0.675  ent=2.985  kl=0.0119  gn=1.150
step=754944  rew=-35.296  swp=15.2  map=0.5  trunc=3%  pl=-0.009  vl=0.811  ent=4.253  kl=0.0124  gn=1.163
step=755200  rew=-35.140  swp=15.2  map=0.5  trunc=3%  pl=-0.024  vl=0.848  ent=3.894  kl=0.0084  gn=0.936
step=755456  rew=-35.140  swp=15.2  map=0.5  trunc=3%  pl=-0.001  vl=0.908  ent=2.653  kl=0.0058  gn=1.216
step=755712  rew=-35.140  swp=15.2  map=0.5  trunc=3%  pl=0.001  vl=1.063  ent=4.373  kl=0.0042  gn=0.527
step=755968  rew=-30.632  swp=15.2  map=0.5  trunc=3%  pl=-0.005  vl=0.896  ent=3.791  kl=0.0074  gn=0.906
step=756224  rew=-30.632  swp=15.2  map=0.5  trunc=3%  pl=-0.003  vl=0.883  ent=1.842  kl=0.0094  gn=0.813
step=756480  rew=-27.117  swp=40.5  map=0.3  trunc=3%  pl=-0.001  vl=0.620  ent=1.696  kl=0.0033  gn=0.803
step=756736  rew=-27.117  swp=40.5  map=0.3  trunc=3%  pl=-0.056  vl=0.611  ent=3.042  kl=0.0128  gn=0.630
step=756992  rew=-27.117  swp=40.5  map=0.3  trunc=3%  pl=-0.001  vl=1.260  ent=4.332  kl=0.0207  gn=0.760
step=757248  rew=-29.841  swp=40.5  map=0.3  trunc=3%  pl=-0.010  vl=0.933  ent=4.137  kl=0.0240  gn=0.573
step=757504  rew=-29.841  swp=40.5  map=0.3  trunc=3%  pl=-0.023  vl=0.692  ent=2.978  kl=0.0030  gn=0.888
step=757760  rew=-29.841  swp=40.5  map=0.3  trunc=3%  pl=0.002  vl=0.885  ent=4.369  kl=0.0056  gn=0.893
step=758016  rew=-29.841  swp=40.5  map=0.3  trunc=3%  pl=-0.002  vl=0.975  ent=4.369  kl=0.0069  gn=0.919
step=758272  rew=-30.266  swp=40.5  map=0.3  trunc=3%  pl=-0.010  vl=1.172  ent=2.380  kl=0.0063  gn=0.687
step=758528  rew=-30.266  swp=40.5  map=0.3  trunc=3%  pl=0.003  vl=1.129  ent=4.290  kl=0.0254  gn=1.268
step=758784  rew=-30.266  swp=40.5  map=0.3  trunc=3%  pl=0.004  vl=1.059  ent=4.318  kl=0.0252  gn=1.074
step=759040  rew=-33.587  swp=40.5  map=0.3  trunc=3%  pl=-0.038  vl=1.001  ent=2.215  kl=0.0151  gn=0.881
step=759296  rew=-33.587  swp=40.5  map=0.3  trunc=3%  pl=0.001  vl=1.070  ent=4.144  kl=0.0318  gn=1.311
step=759552  rew=-33.587  swp=40.5  map=0.3  trunc=3%  pl=-0.012  vl=0.927  ent=4.251  kl=0.0343  gn=1.128
step=759808  rew=-37.482  swp=31.4  map=0.2  trunc=3%  pl=-0.036  vl=0.922  ent=2.382  kl=0.0222  gn=0.988
step=760064  rew=-37.482  swp=31.4  map=0.2  trunc=3%  pl=0.015  vl=0.918  ent=3.819  kl=0.0288  gn=1.477
step=760320  rew=-37.482  swp=31.4  map=0.2  trunc=3%  pl=0.010  vl=1.041  ent=4.297  kl=0.0365  gn=1.315
step=760576  rew=-36.240  swp=28.1  map=0.3  trunc=3%  pl=-0.037  vl=0.815  ent=2.761  kl=0.0194  gn=1.199
step=760832  rew=-36.240  swp=28.1  map=0.3  trunc=3%  pl=-0.003  vl=0.848  ent=4.124  kl=0.0174  gn=1.294
step=761088  rew=-36.240  swp=28.1  map=0.3  trunc=3%  pl=0.006  vl=0.789  ent=4.223  kl=0.0246  gn=1.738
step=761344  rew=-34.752  swp=28.1  map=0.3  trunc=3%  pl=-0.010  vl=0.932  ent=3.604  kl=0.0233  gn=1.878
step=761600  rew=-31.951  swp=43.9  map=0.3  trunc=3%  pl=-0.005  vl=0.931  ent=1.674  kl=0.0137  gn=1.301
step=761856  rew=-31.951  swp=43.9  map=0.3  trunc=3%  pl=-0.026  vl=0.642  ent=2.297  kl=0.0102  gn=1.619
step=762112  rew=-31.951  swp=43.9  map=0.3  trunc=3%  pl=0.041  vl=1.142  ent=4.250  kl=0.0437  gn=1.321
step=762368  rew=-31.951  swp=43.9  map=0.3  trunc=3%  pl=0.015  vl=0.927  ent=4.293  kl=0.0397  gn=1.273
step=762624  rew=-32.598  swp=43.9  map=0.3  trunc=3%  pl=-0.030  vl=0.973  ent=4.042  kl=0.0116  gn=0.759
step=762880  rew=-32.598  swp=43.9  map=0.3  trunc=3%  pl=0.001  vl=1.051  ent=4.323  kl=0.0114  gn=1.375
step=763136  rew=-32.598  swp=43.9  map=0.3  trunc=3%  pl=-0.005  vl=0.944  ent=4.312  kl=0.0121  gn=1.154
step=763392  rew=-32.797  swp=43.9  map=0.3  trunc=3%  pl=-0.039  vl=0.877  ent=2.964  kl=0.0127  gn=1.338
step=763648  rew=-32.797  swp=43.9  map=0.3  trunc=3%  pl=-0.025  vl=0.932  ent=3.669  kl=0.0142  gn=1.172
step=763904  rew=-32.797  swp=43.9  map=0.3  trunc=3%  pl=-0.009  vl=1.012  ent=4.354  kl=0.0082  gn=1.191
step=764160  rew=-37.681  swp=43.9  map=0.3  trunc=3%  pl=-0.006  vl=0.776  ent=4.098  kl=0.0118  gn=0.942
step=764416  rew=-37.681  swp=43.9  map=0.3  trunc=3%  pl=-0.005  vl=1.037  ent=4.300  kl=0.0123  gn=1.000
step=764672  rew=-37.681  swp=43.9  map=0.3  trunc=3%  pl=0.007  vl=0.946  ent=4.260  kl=0.0132  gn=1.145
step=764928  rew=-32.034  swp=43.9  map=0.7  trunc=3%  pl=-0.027  vl=0.663  ent=2.926  kl=0.0148  gn=1.348
step=765184  rew=-29.620  swp=58.2  map=1.1  trunc=3%  pl=0.024  vl=0.940  ent=1.589  kl=0.0577  gn=1.534
step=765440  rew=-29.620  swp=58.2  map=1.1  trunc=3%  pl=0.001  vl=1.031  ent=1.787  kl=0.0138  gn=1.608
step=765696  rew=-28.308  swp=79.1  map=1.1  trunc=3%  pl=-0.006  vl=0.788  ent=2.043  kl=0.0066  gn=1.072
step=765952  rew=-28.308  swp=79.1  map=1.1  trunc=3%  pl=-0.030  vl=1.065  ent=3.467  kl=0.0099  gn=0.959
step=766208  rew=-28.308  swp=79.1  map=1.1  trunc=3%  pl=-0.002  vl=1.074  ent=4.238  kl=0.0133  gn=1.042
step=766464  rew=-28.789  swp=79.1  map=1.1  trunc=3%  pl=-0.027  vl=0.832  ent=2.699  kl=0.0202  gn=1.060
step=766720  rew=-25.988  swp=87.2  map=1.1  trunc=3%  pl=-0.004  vl=0.834  ent=2.147  kl=0.0056  gn=1.244
step=766976  rew=-25.988  swp=87.2  map=1.1  trunc=3%  pl=-0.001  vl=0.979  ent=4.086  kl=0.0169  gn=0.885
step=767232  rew=-25.988  swp=87.2  map=1.1  trunc=3%  pl=-0.003  vl=0.975  ent=4.210  kl=0.0154  gn=1.165
step=767488  rew=-28.624  swp=87.2  map=1.1  trunc=3%  pl=-0.011  vl=0.979  ent=3.777  kl=0.0182  gn=0.786
step=767744  rew=-28.624  swp=87.2  map=1.1  trunc=3%  pl=0.007  vl=0.862  ent=4.287  kl=0.0163  gn=1.103
step=768000  rew=-28.624  swp=87.2  map=1.1  trunc=3%  pl=-0.001  vl=0.970  ent=4.316  kl=0.0120  gn=0.917
step=768256  rew=-26.604  swp=87.2  map=1.1  trunc=3%  pl=-0.031  vl=0.845  ent=2.673  kl=0.0052  gn=1.037
step=768512  rew=-26.604  swp=87.2  map=1.1  trunc=3%  pl=-0.024  vl=1.019  ent=3.725  kl=0.0210  gn=0.820
step=768768  rew=-26.604  swp=87.2  map=1.1  trunc=3%  pl=0.004  vl=0.974  ent=4.273  kl=0.0178  gn=1.068
step=769024  rew=-29.838  swp=61.9  map=1.1  trunc=3%  pl=-0.048  vl=0.812  ent=2.925  kl=0.0134  gn=1.052
step=769280  rew=-29.838  swp=61.9  map=1.1  trunc=3%  pl=-0.037  vl=0.866  ent=3.662  kl=0.0149  gn=1.174
step=769536  rew=-29.838  swp=61.9  map=1.1  trunc=3%  pl=0.007  vl=1.018  ent=4.276  kl=0.0217  gn=0.854
step=769792  rew=-27.409  swp=61.9  map=1.1  trunc=3%  pl=-0.047  vl=0.799  ent=3.538  kl=0.0143  gn=0.517
step=770048  rew=-27.409  swp=61.9  map=1.1  trunc=3%  pl=-0.028  vl=0.764  ent=3.294  kl=0.0044  gn=0.800
step=770304  rew=-27.409  swp=61.9  map=1.1  trunc=3%  pl=-0.004  vl=0.984  ent=4.345  kl=0.0101  gn=0.876
step=770560  rew=-23.081  swp=61.9  map=1.1  trunc=3%  pl=-0.011  vl=0.916  ent=3.744  kl=0.0087  gn=0.815
step=770816  rew=-23.081  swp=61.9  map=1.1  trunc=3%  pl=-0.026  vl=0.844  ent=2.818  kl=0.0068  gn=1.229
step=771072  rew=-23.081  swp=61.9  map=1.1  trunc=3%  pl=-0.000  vl=1.005  ent=4.310  kl=0.0127  gn=0.663
step=771328  rew=-21.261  swp=61.9  map=1.1  trunc=3%  pl=-0.021  vl=0.835  ent=3.953  kl=0.0095  gn=0.989
step=771584  rew=-21.261  swp=61.9  map=1.1  trunc=3%  pl=-0.031  vl=0.852  ent=3.701  kl=0.0066  gn=0.961
step=771840  rew=-21.261  swp=61.9  map=1.1  trunc=3%  pl=0.001  vl=0.932  ent=4.358  kl=0.0061  gn=1.067
step=772096  rew=-19.739  swp=61.9  map=1.1  trunc=3%  pl=-0.006  vl=0.973  ent=4.206  kl=0.0088  gn=1.211
step=772352  rew=-19.739  swp=61.9  map=1.1  trunc=3%  pl=-0.019  vl=0.794  ent=2.780  kl=0.0038  gn=1.156
step=772608  rew=-19.739  swp=61.9  map=1.1  trunc=3%  pl=-0.001  vl=0.901  ent=4.305  kl=0.0110  gn=1.193
step=772864  rew=-19.739  swp=61.9  map=1.1  trunc=3%  pl=0.007  vl=1.013  ent=4.286  kl=0.0133  gn=1.000
step=773120  rew=-20.369  swp=61.9  map=1.1  trunc=4%  pl=-0.018  vl=0.959  ent=2.781  kl=0.0087  gn=1.326
step=773376  rew=-20.369  swp=61.9  map=1.1  trunc=4%  pl=0.002  vl=0.964  ent=4.312  kl=0.0171  gn=1.272
step=773632  rew=-20.369  swp=61.9  map=1.1  trunc=4%  pl=-0.010  vl=0.916  ent=4.323  kl=0.0135  gn=0.934
step=773888  rew=-21.755  swp=59.0  map=0.8  trunc=4%  pl=-0.038  vl=0.828  ent=3.288  kl=0.0087  gn=1.012
step=774144  rew=-21.755  swp=59.0  map=0.8  trunc=4%  pl=-0.004  vl=0.834  ent=4.045  kl=0.0092  gn=1.244
step=774400  rew=-21.755  swp=59.0  map=0.8  trunc=4%  pl=-0.003  vl=0.927  ent=4.317  kl=0.0101  gn=1.205
step=774656  rew=-28.552  swp=59.0  map=0.8  trunc=4%  pl=-0.030  vl=0.956  ent=2.579  kl=0.0107  gn=1.358
step=774912  rew=-28.552  swp=59.0  map=0.8  trunc=4%  pl=0.012  vl=1.006  ent=3.824  kl=0.0433  gn=1.165
step=775168  rew=-28.552  swp=59.0  map=0.8  trunc=4%  pl=0.004  vl=1.101  ent=4.271  kl=0.0432  gn=1.222
step=775424  rew=-30.188  swp=43.2  map=0.7  trunc=4%  pl=-0.048  vl=0.799  ent=3.001  kl=0.0185  gn=0.923
step=775680  rew=-30.188  swp=43.2  map=0.7  trunc=4%  pl=-0.044  vl=0.760  ent=3.244  kl=0.0182  gn=1.031
step=775936  rew=-30.188  swp=43.2  map=0.7  trunc=4%  pl=0.003  vl=0.931  ent=4.319  kl=0.0269  gn=0.750
step=776192  rew=-26.833  swp=43.2  map=0.7  trunc=4%  pl=-0.044  vl=0.739  ent=3.392  kl=0.0116  gn=0.740
step=776448  rew=-26.833  swp=43.2  map=0.7  trunc=4%  pl=-0.061  vl=0.902  ent=3.072  kl=0.0140  gn=1.359
step=776704  rew=-26.833  swp=43.2  map=0.7  trunc=4%  pl=0.015  vl=0.969  ent=4.339  kl=0.0187  gn=0.691
step=776960  rew=-27.345  swp=43.2  map=0.7  trunc=4%  pl=-0.021  vl=0.718  ent=3.554  kl=0.0369  gn=0.593
step=777216  rew=-27.345  swp=43.2  map=0.7  trunc=4%  pl=-0.026  vl=0.846  ent=3.345  kl=0.0612  gn=0.797
step=777472  rew=-27.345  swp=43.2  map=0.7  trunc=4%  pl=0.004  vl=0.994  ent=4.367  kl=0.0160  gn=0.596
step=777728  rew=-24.516  swp=43.2  map=0.7  trunc=4%  pl=-0.021  vl=1.032  ent=3.943  kl=0.0130  gn=0.518
step=777984  rew=-24.516  swp=43.2  map=0.7  trunc=4%  pl=-0.015  vl=0.578  ent=2.941  kl=0.0011  gn=0.764
step=778240  rew=-24.516  swp=43.2  map=0.7  trunc=4%  pl=-0.002  vl=1.199  ent=4.382  kl=0.0048  gn=0.602
step=778496  rew=-26.123  swp=43.2  map=0.4  trunc=4%  pl=-0.002  vl=0.984  ent=4.151  kl=0.0055  gn=0.457
step=778752  rew=-26.123  swp=43.2  map=0.4  trunc=4%  pl=-0.000  vl=1.032  ent=1.631  kl=0.0030  gn=0.896
step=779008  rew=-25.698  swp=49.3  map=0.4  trunc=4%  pl=-0.003  vl=0.885  ent=1.825  kl=0.0057  gn=1.136
step=779264  rew=-25.310  swp=46.5  map=0.0  trunc=4%  pl=-0.005  vl=1.038  ent=1.613  kl=0.0807  gn=1.440
step=779520  rew=-22.942  swp=55.1  map=0.1  trunc=4%  pl=-0.007  vl=0.803  ent=1.749  kl=0.0125  gn=1.030
step=779776  rew=-22.666  swp=54.3  map=0.1  trunc=4%  pl=-0.012  vl=0.810  ent=3.061  kl=0.0062  gn=1.022
step=780032  rew=-22.666  swp=54.3  map=0.1  trunc=4%  pl=-0.008  vl=1.195  ent=4.351  kl=0.0139  gn=0.646
step=780288  rew=-22.666  swp=54.3  map=0.1  trunc=4%  pl=-0.008  vl=1.035  ent=4.363  kl=0.0123  gn=0.553
step=780544  rew=-16.911  swp=61.0  map=0.1  trunc=4%  pl=-0.044  vl=0.582  ent=2.674  kl=0.0065  gn=0.781
step=780800  rew=-14.772  swp=74.8  map=0.1  trunc=4%  pl=-0.003  vl=1.202  ent=1.804  kl=0.0020  gn=0.834
step=781056  rew=-13.022  swp=80.3  map=0.1  trunc=4%  pl=-0.048  vl=0.790  ent=2.842  kl=0.0098  gn=0.589
step=781312  rew=-13.022  swp=80.3  map=0.1  trunc=4%  pl=0.006  vl=0.922  ent=4.352  kl=0.0235  gn=0.713
step=781568  rew=-13.022  swp=80.3  map=0.1  trunc=4%  pl=0.011  vl=1.282  ent=4.367  kl=0.0206  gn=0.583
step=781824  rew=-11.773  swp=80.3  map=0.1  trunc=4%  pl=-0.052  vl=0.613  ent=3.271  kl=0.0130  gn=0.670
step=782080  rew=-11.773  swp=80.3  map=0.1  trunc=4%  pl=-0.018  vl=0.756  ent=3.240  kl=0.0061  gn=0.843
step=782336  rew=-11.773  swp=80.3  map=0.1  trunc=4%  pl=-0.004  vl=1.021  ent=4.366  kl=0.0087  gn=0.505
step=782592  rew=-11.731  swp=80.3  map=0.1  trunc=4%  pl=-0.030  vl=0.864  ent=3.470  kl=0.0070  gn=0.426
step=782848  rew=-8.748  swp=92.7  map=0.1  trunc=4%  pl=-0.002  vl=1.008  ent=1.573  kl=0.0011  gn=0.709
step=783104  rew=-6.049  swp=102.2  map=0.1  trunc=4%  pl=-0.002  vl=0.803  ent=2.464  kl=0.0023  gn=0.463
step=783360  rew=-6.049  swp=102.2  map=0.1  trunc=4%  pl=-0.008  vl=0.596  ent=3.538  kl=0.0026  gn=0.696
step=783616  rew=-6.049  swp=102.2  map=0.1  trunc=4%  pl=-0.004  vl=0.918  ent=4.385  kl=0.0038  gn=0.326
step=783872  rew=-11.254  swp=102.2  map=0.1  trunc=4%  pl=-0.018  vl=0.902  ent=3.585  kl=0.0016  gn=0.322
step=784128  rew=-11.254  swp=102.2  map=0.1  trunc=4%  pl=-0.015  vl=0.658  ent=3.577  kl=0.0019  gn=0.359
step=784384  rew=-11.254  swp=102.2  map=0.1  trunc=4%  pl=-0.000  vl=0.789  ent=4.390  kl=0.0029  gn=0.208
step=784640  rew=-8.172  swp=102.2  map=0.1  trunc=4%  pl=-0.016  vl=1.013  ent=3.792  kl=0.0018  gn=0.253
step=784896  rew=-8.172  swp=102.2  map=0.1  trunc=4%  pl=-0.001  vl=0.798  ent=2.740  kl=0.0001  gn=0.162
step=785152  rew=-8.172  swp=102.2  map=0.1  trunc=4%  pl=-0.001  vl=1.063  ent=4.394  kl=0.0029  gn=0.180
step=785408  rew=-10.254  swp=102.2  map=0.1  trunc=4%  pl=-0.012  vl=0.844  ent=4.009  kl=0.0020  gn=0.181
step=785664  rew=-10.254  swp=102.2  map=0.1  trunc=4%  pl=-0.017  vl=0.723  ent=2.982  kl=0.0010  gn=0.214
step=785920  rew=-10.254  swp=102.2  map=0.1  trunc=4%  pl=-0.001  vl=0.769  ent=4.390  kl=0.0031  gn=0.251
step=786176  rew=-15.118  swp=102.2  map=0.3  trunc=4%  pl=-0.008  vl=1.211  ent=4.136  kl=0.0028  gn=0.281
step=786432  rew=-15.118  swp=102.2  map=0.3  trunc=4%  pl=-0.011  vl=0.818  ent=3.261  kl=0.0031  gn=0.420
step=786688  rew=-15.118  swp=102.2  map=0.3  trunc=4%  pl=-0.003  vl=0.973  ent=4.389  kl=0.0037  gn=0.654
step=786944  rew=-14.602  swp=102.2  map=0.3  trunc=4%  pl=-0.002  vl=1.001  ent=4.339  kl=0.0038  gn=0.627
step=787200  rew=-14.602  swp=102.2  map=0.3  trunc=4%  pl=0.000  vl=1.032  ent=2.602  kl=0.0076  gn=0.718
step=787456  rew=-14.602  swp=102.2  map=0.3  trunc=4%  pl=-0.001  vl=0.977  ent=4.098  kl=0.0081  gn=0.509
step=787712  rew=-14.602  swp=102.2  map=0.3  trunc=4%  pl=-0.003  vl=1.061  ent=4.377  kl=0.0066  gn=0.502
step=787968  rew=-19.093  swp=87.0  map=0.7  trunc=4%  pl=-0.023  vl=0.958  ent=2.577  kl=0.0145  gn=0.755
step=788224  rew=-19.093  swp=87.0  map=0.7  trunc=4%  pl=0.001  vl=0.994  ent=2.368  kl=0.0019  gn=0.444
step=788480  rew=-19.093  swp=87.0  map=0.7  trunc=4%  pl=-0.002  vl=0.950  ent=4.144  kl=0.0104  gn=0.396
step=788736  rew=-23.775  swp=72.0  map=0.7  trunc=4%  pl=-0.018  vl=0.869  ent=3.888  kl=0.0044  gn=0.475
step=788992  rew=-23.775  swp=72.0  map=0.7  trunc=4%  pl=-0.014  vl=1.069  ent=3.230  kl=0.0008  gn=0.322
step=789248  rew=-23.775  swp=72.0  map=0.7  trunc=4%  pl=-0.003  vl=1.071  ent=4.392  kl=0.0031  gn=0.280
step=789504  rew=-27.292  swp=66.6  map=0.7  trunc=4%  pl=-0.016  vl=0.968  ent=3.326  kl=0.0025  gn=0.410
step=789760  rew=-27.107  swp=67.2  map=0.6  trunc=4%  pl=0.002  vl=0.803  ent=2.316  kl=0.0009  gn=0.336
step=790016  rew=-27.107  swp=67.2  map=0.6  trunc=4%  pl=-0.014  vl=0.931  ent=4.034  kl=0.0078  gn=0.445
step=790272  rew=-27.107  swp=67.2  map=0.6  trunc=4%  pl=0.001  vl=1.120  ent=4.354  kl=0.0094  gn=0.264
step=790528  rew=-30.184  swp=60.0  map=0.6  trunc=4%  pl=-0.027  vl=0.757  ent=2.901  kl=0.0040  gn=0.298
step=790784  rew=-29.563  swp=67.5  map=1.0  trunc=4%  pl=-0.006  vl=0.859  ent=1.995  kl=0.0012  gn=0.508
step=791040  rew=-29.563  swp=67.5  map=1.0  trunc=4%  pl=0.000  vl=0.803  ent=3.775  kl=0.0165  gn=0.500
step=791296  rew=-29.563  swp=67.5  map=1.0  trunc=4%  pl=0.004  vl=0.872  ent=4.360  kl=0.0208  gn=0.449
step=791552  rew=-31.620  swp=53.6  map=1.0  trunc=4%  pl=-0.023  vl=0.888  ent=3.878  kl=0.0149  gn=0.468
step=791808  rew=-31.620  swp=53.6  map=1.0  trunc=4%  pl=-0.005  vl=0.790  ent=4.336  kl=0.0210  gn=0.728
step=792064  rew=-31.620  swp=53.6  map=1.0  trunc=4%  pl=0.004  vl=1.135  ent=4.341  kl=0.0131  gn=0.451
step=792320  rew=-32.505  swp=48.1  map=1.0  trunc=4%  pl=-0.022  vl=0.961  ent=3.867  kl=0.0173  gn=0.358
step=792576  rew=-32.505  swp=48.1  map=1.0  trunc=4%  pl=-0.003  vl=1.047  ent=1.811  kl=0.0059  gn=0.895
step=792832  rew=-30.364  swp=64.5  map=1.0  trunc=4%  pl=-0.005  vl=0.819  ent=3.118  kl=0.0034  gn=0.726
step=793088  rew=-30.364  swp=64.5  map=1.0  trunc=4%  pl=-0.018  vl=0.861  ent=3.822  kl=0.0063  gn=0.633
step=793344  rew=-30.364  swp=64.5  map=1.0  trunc=4%  pl=0.004  vl=0.906  ent=4.359  kl=0.0094  gn=0.448
step=793600  rew=-31.671  swp=64.5  map=1.0  trunc=4%  pl=-0.018  vl=0.876  ent=3.224  kl=0.0071  gn=0.500
step=793856  rew=-31.671  swp=64.5  map=1.0  trunc=4%  pl=-0.015  vl=0.923  ent=3.422  kl=0.0466  gn=0.528
step=794112  rew=-31.671  swp=64.5  map=1.0  trunc=4%  pl=0.003  vl=0.800  ent=4.284  kl=0.0130  gn=0.863
step=794368  rew=-38.670  swp=42.7  map=1.0  trunc=4%  pl=-0.016  vl=0.789  ent=3.109  kl=0.0085  gn=0.766
step=794624  rew=-38.670  swp=42.7  map=1.0  trunc=4%  pl=-0.015  vl=0.930  ent=3.515  kl=0.0531  gn=0.758
step=794880  rew=-38.670  swp=42.7  map=1.0  trunc=4%  pl=0.011  vl=0.848  ent=4.151  kl=0.0388  gn=0.652
step=795136  rew=-35.656  swp=42.7  map=1.0  trunc=4%  pl=-0.039  vl=0.742  ent=3.667  kl=0.0113  gn=0.508
step=795392  rew=-35.656  swp=42.7  map=1.0  trunc=4%  pl=-0.018  vl=0.703  ent=3.140  kl=0.0007  gn=0.363
step=795648  rew=-35.656  swp=42.7  map=1.0  trunc=4%  pl=-0.001  vl=0.899  ent=4.388  kl=0.0031  gn=0.341
step=795904  rew=-33.361  swp=42.7  map=1.0  trunc=4%  pl=-0.017  vl=0.861  ent=3.301  kl=0.0031  gn=0.492
step=796160  rew=-33.361  swp=42.7  map=1.0  trunc=4%  pl=-0.005  vl=0.939  ent=1.497  kl=0.0023  gn=0.538
step=796416  rew=-28.534  swp=64.7  map=1.0  trunc=4%  pl=-0.011  vl=1.031  ent=1.821  kl=0.0122  gn=0.621
step=796672  rew=-21.469  swp=78.5  map=1.1  trunc=4%  pl=-0.002  vl=0.667  ent=1.717  kl=0.0012  gn=0.572
step=796928  rew=-20.249  swp=94.5  map=0.9  trunc=4%  pl=-0.008  vl=0.770  ent=1.702  kl=0.0152  gn=0.562
step=797184  rew=-15.318  swp=110.9  map=1.0  trunc=4%  pl=-0.002  vl=0.991  ent=1.649  kl=0.0027  gn=0.576
step=797440  rew=-15.318  swp=110.9  map=1.0  trunc=4%  pl=-0.010  vl=1.018  ent=1.460  kl=0.0760  gn=0.735
step=797696  rew=-8.695  swp=131.5  map=1.1  trunc=4%  pl=-0.009  vl=0.485  ent=2.043  kl=0.0027  gn=0.817
step=797952  rew=-8.695  swp=131.5  map=1.1  trunc=4%  pl=-0.044  vl=1.137  ent=3.138  kl=0.0083  gn=0.973
step=798208  rew=-8.695  swp=131.5  map=1.1  trunc=4%  pl=0.006  vl=0.913  ent=4.251  kl=0.0130  gn=1.075
step=798464  rew=-13.429  swp=128.7  map=0.7  trunc=4%  pl=-0.023  vl=0.789  ent=3.800  kl=0.0140  gn=0.666
step=798720  rew=-13.429  swp=128.7  map=0.7  trunc=4%  pl=-0.030  vl=0.856  ent=2.888  kl=0.0067  gn=0.830
step=798976  rew=-13.429  swp=128.7  map=0.7  trunc=4%  pl=-0.002  vl=0.872  ent=4.349  kl=0.0098  gn=0.524
step=799232  rew=-12.157  swp=128.7  map=0.7  trunc=4%  pl=-0.007  vl=0.988  ent=4.057  kl=0.0070  gn=0.565
step=799488  rew=-12.157  swp=128.7  map=0.7  trunc=4%  pl=-0.052  vl=0.660  ent=2.791  kl=0.0138  gn=0.740
step=799744  rew=-12.157  swp=128.7  map=0.7  trunc=4%  pl=0.013  vl=1.006  ent=4.305  kl=0.0256  gn=0.578
step=800000  rew=-12.374  swp=128.7  map=0.7  trunc=4%  pl=-0.000  vl=1.013  ent=4.296  kl=0.0250  gn=0.454
Checkpoints in /home/zzy/opencode-server/opencode-docker/projects/rlrouting/scripts/../models/ckpts_tianyan_curric
Policy saved to /home/zzy/opencode-server/opencode-docker/projects/rlrouting/scripts/../models/policy_tianyan176_curric_phase1.pt
Done. Models in /home/zzy/opencode-server/opencode-docker/projects/rlrouting/scripts/../models
