==========================================================
Unified 20q Policy Training (line/ring/grid, n=8..20)
  device:          cuda:0
  phase 1 steps:   500000
  phase 2 steps:   300000 (enabled=1)
  max qubits:      20
  max edges:       31 (grid_5x4)
  max episode len: 400
  topologies:      line_20q, ring_20q, grid_5x4_20q
  split:           unified
  phase 2 sim:     trajectory (state-vector, O(2^n))
==========================================================
Split prefix: unified  (initial split: unified_phase1)
step=   256  rew=+0.000  swp=0.0  map=0.0  trunc=0%  pl=0.023  vl=0.985  ent=2.946  kl=0.0571  gn=0.165
step=   512  rew=+11.298  swp=0.0  map=16.0  trunc=100%  pl=0.067  vl=0.907  ent=2.965  kl=0.1233  gn=0.166
  line_20q         1ep | trunc=100%  swp=0.0±0.0  fid=0.0000  rew=+11.30
step=   768  rew=+14.666  swp=114.3  map=9.0  trunc=33%  pl=0.127  vl=1.041  ent=2.988  kl=0.2077  gn=0.236
  line_20q         1ep | trunc=100%  swp=0.0±0.0  fid=0.0000  rew=+11.30
  ring_20q         2ep | trunc=0%  swp=171.5±116.5  fid=0.0000  rew=+16.35
step=  1024  rew=+14.666  swp=114.3  map=9.0  trunc=33%  pl=0.037  vl=1.037  ent=2.987  kl=0.0512  gn=0.270
  line_20q         1ep | trunc=100%  swp=0.0±0.0  fid=0.0000  rew=+11.30
  ring_20q         2ep | trunc=0%  swp=171.5±116.5  fid=0.0000  rew=+16.35
step=  1280  rew=+15.090  swp=82.0  map=7.6  trunc=40%  pl=0.065  vl=0.996  ent=2.954  kl=0.1417  gn=0.293
  line_20q         1ep | trunc=100%  swp=0.0±0.0  fid=0.0000  rew=+11.30
  ring_20q         4ep | trunc=25%  swp=102.5±110.0  fid=0.0000  rew=+16.04
step=  1536  rew=+14.273  swp=95.4  map=6.1  trunc=29%  pl=0.081  vl=0.932  ent=2.761  kl=0.1748  gn=0.327
  line_20q         2ep | trunc=50%  swp=68.0±68.0  fid=0.0000  rew=+13.47
  ring_20q         5ep | trunc=20%  swp=106.4±98.7  fid=0.0000  rew=+14.59
step=  1792  rew=+14.273  swp=95.4  map=6.1  trunc=29%  pl=0.057  vl=1.012  ent=2.848  kl=0.0713  gn=0.271
  line_20q         2ep | trunc=50%  swp=68.0±68.0  fid=0.0000  rew=+13.47
  ring_20q         5ep | trunc=20%  swp=106.4±98.7  fid=0.0000  rew=+14.59
step=  2048  rew=+15.499  swp=83.5  map=6.2  trunc=38%  pl=0.057  vl=0.915  ent=2.701  kl=0.0993  gn=0.276
  line_20q         3ep | trunc=67%  swp=45.3±64.1  fid=0.0000  rew=+17.01
  ring_20q         5ep | trunc=20%  swp=106.4±98.7  fid=0.0000  rew=+14.59
step=  2304  rew=+15.672  swp=102.2  map=5.9  trunc=33%  pl=0.030  vl=0.918  ent=3.002  kl=0.0746  gn=0.314
  line_20q         4ep | trunc=50%  swp=97.0±105.3  fid=0.0000  rew=+17.02
  ring_20q         5ep | trunc=20%  swp=106.4±98.7  fid=0.0000  rew=+14.59
step=  2560  rew=+17.125  swp=109.0  map=7.2  trunc=27%  pl=0.033  vl=0.913  ent=2.850  kl=0.0721  gn=0.567
  line_20q         4ep | trunc=50%  swp=97.0±105.3  fid=0.0000  rew=+17.02
  ring_20q         5ep | trunc=20%  swp=106.4±98.7  fid=0.0000  rew=+14.59
  grid_5x4_20q     2ep | trunc=0%  swp=139.5±45.5  fid=0.0000  rew=+23.66
step=  2816  rew=+17.532  swp=102.1  map=6.7  trunc=20%  pl=0.036  vl=1.176  ent=3.085  kl=0.0652  gn=0.397
  line_20q         4ep | trunc=50%  swp=97.0±105.3  fid=0.0000  rew=+17.02
  ring_20q         7ep | trunc=14%  swp=96.7±86.6  fid=0.0000  rew=+14.51
  grid_5x4_20q     4ep | trunc=0%  swp=116.5±59.8  fid=0.0000  rew=+23.33
step=  3072  rew=+17.532  swp=102.1  map=6.7  trunc=20%  pl=0.040  vl=0.917  ent=2.919  kl=0.0646  gn=0.303
  line_20q         4ep | trunc=50%  swp=97.0±105.3  fid=0.0000  rew=+17.02
  ring_20q         7ep | trunc=14%  swp=96.7±86.6  fid=0.0000  rew=+14.51
  grid_5x4_20q     4ep | trunc=0%  swp=116.5±59.8  fid=0.0000  rew=+23.33
step=  3328  rew=+17.948  swp=95.7  map=7.1  trunc=25%  pl=0.025  vl=0.910  ent=2.905  kl=0.0562  gn=0.221
  line_20q         5ep | trunc=60%  swp=77.6±101.9  fid=0.0000  rew=+18.45
  ring_20q         7ep | trunc=14%  swp=96.7±86.6  fid=0.0000  rew=+14.51
  grid_5x4_20q     4ep | trunc=0%  swp=116.5±59.8  fid=0.0000  rew=+23.33
step=  3584  rew=+18.251  swp=93.3  map=6.5  trunc=19%  pl=0.018  vl=0.873  ent=2.775  kl=0.0690  gn=0.439
  line_20q         5ep | trunc=60%  swp=77.6±101.9  fid=0.0000  rew=+18.45
  ring_20q        10ep | trunc=10%  swp=94.5±82.3  fid=0.0000  rew=+16.19
  grid_5x4_20q     6ep | trunc=0%  swp=88.8±62.6  fid=0.0000  rew=+20.36
step=  3840  rew=+18.373  swp=80.0  map=6.6  trunc=18%  pl=-0.004  vl=0.901  ent=2.891  kl=0.0612  gn=0.518
  line_20q         5ep | trunc=60%  swp=77.6±101.9  fid=0.0000  rew=+18.45
  ring_20q        10ep | trunc=10%  swp=94.5±82.3  fid=0.0000  rew=+16.19
  grid_5x4_20q     7ep | trunc=0%  swp=79.3±62.5  fid=0.0000  rew=+20.47
step=  4096  rew=+19.232  swp=77.5  map=6.5  trunc=20%  pl=0.007  vl=0.409  ent=2.871  kl=0.0800  gn=0.565
  line_20q         6ep | trunc=67%  swp=64.7±97.4  fid=0.0000  rew=+19.67
  ring_20q        10ep | trunc=10%  swp=94.5±82.3  fid=0.0000  rew=+16.19
  grid_5x4_20q     9ep | trunc=0%  swp=69.7±59.0  fid=0.0000  rew=+20.02
step=  4352  rew=+20.719  swp=76.8  map=6.6  trunc=19%  pl=-0.014  vl=0.758  ent=3.004  kl=0.0498  gn=0.472
  line_20q         6ep | trunc=67%  swp=64.7±97.4  fid=0.0000  rew=+19.67
  ring_20q        11ep | trunc=9%  swp=98.4±79.4  fid=0.0000  rew=+16.93
  grid_5x4_20q    10ep | trunc=0%  swp=73.3±57.0  fid=0.0000  rew=+21.01
step=  4608  rew=+20.329  swp=73.0  map=6.2  trunc=17%  pl=0.025  vl=1.122  ent=2.463  kl=0.1339  gn=0.829
  line_20q         7ep | trunc=57%  swp=80.0±97.7  fid=0.0000  rew=+18.81
  ring_20q        11ep | trunc=9%  swp=98.4±79.4  fid=0.0000  rew=+16.93
  grid_5x4_20q    11ep | trunc=0%  swp=67.0±57.9  fid=0.0000  rew=+20.89
step=  4864  rew=+19.640  swp=72.2  map=5.1  trunc=16%  pl=0.079  vl=1.172  ent=2.449  kl=0.1324  gn=0.425
  line_20q         9ep | trunc=44%  swp=91.4±91.0  fid=0.0000  rew=+18.36
  ring_20q        11ep | trunc=9%  swp=98.4±79.4  fid=0.0000  rew=+16.93
  grid_5x4_20q    11ep | trunc=0%  swp=67.0±57.9  fid=0.0000  rew=+20.89
step=  5120  rew=+19.453  swp=74.0  map=5.0  trunc=16%  pl=0.044  vl=0.825  ent=2.665  kl=0.0799  gn=0.408
  line_20q         9ep | trunc=44%  swp=91.4±91.0  fid=0.0000  rew=+18.36
  ring_20q        12ep | trunc=8%  swp=102.1±77.0  fid=0.0000  rew=+16.77
  grid_5x4_20q    11ep | trunc=0%  swp=67.0±57.9  fid=0.0000  rew=+20.89
step=  5376  rew=+19.401  swp=77.6  map=4.3  trunc=15%  pl=0.053  vl=0.903  ent=2.752  kl=0.0647  gn=0.375
  line_20q        10ep | trunc=40%  swp=107.1±98.3  fid=0.0000  rew=+19.89
  ring_20q        12ep | trunc=8%  swp=102.1±77.0  fid=0.0000  rew=+16.77
  grid_5x4_20q    12ep | trunc=0%  swp=62.2±57.6  fid=0.0000  rew=+20.09
step=  5632  rew=+20.166  swp=78.0  map=3.0  trunc=12%  pl=-0.006  vl=0.617  ent=3.052  kl=0.0364  gn=0.539
  line_20q        11ep | trunc=36%  swp=113.6±96.0  fid=0.0000  rew=+19.80
  ring_20q        12ep | trunc=8%  swp=102.1±77.0  fid=0.0000  rew=+16.77
  grid_5x4_20q    18ep | trunc=0%  swp=52.8±50.4  fid=0.0000  rew=+20.03
step=  5888  rew=+20.050  swp=83.3  map=2.5  trunc=11%  pl=0.001  vl=1.024  ent=2.746  kl=0.0699  gn=0.464
  line_20q        11ep | trunc=36%  swp=113.6±96.0  fid=0.0000  rew=+19.80
  ring_20q        14ep | trunc=7%  swp=95.6±74.1  fid=0.0000  rew=+16.49
  grid_5x4_20q    19ep | trunc=0%  swp=53.9±49.3  fid=0.0000  rew=+20.83
step=  6144  rew=+20.747  swp=98.3  map=2.6  trunc=11%  pl=0.039  vl=1.165  ent=2.720  kl=0.0678  gn=0.381
  line_20q        12ep | trunc=33%  swp=130.2±107.1  fid=0.0000  rew=+20.69
  ring_20q        14ep | trunc=7%  swp=95.6±74.1  fid=0.0000  rew=+16.49
  grid_5x4_20q    19ep | trunc=0%  swp=53.9±49.3  fid=0.0000  rew=+20.83
step=  6400  rew=+19.521  swp=97.2  map=2.6  trunc=11%  pl=0.009  vl=0.711  ent=2.502  kl=0.0745  gn=0.545
  line_20q        14ep | trunc=29%  swp=127.4±99.9  fid=0.0000  rew=+19.86
  ring_20q        14ep | trunc=7%  swp=95.6±74.1  fid=0.0000  rew=+16.49
  grid_5x4_20q    19ep | trunc=0%  swp=53.9±49.3  fid=0.0000  rew=+20.83
step=  6656  rew=+20.679  swp=81.8  map=2.5  trunc=10%  pl=0.024  vl=0.810  ent=2.380  kl=0.0865  gn=0.454
  line_20q        17ep | trunc=24%  swp=116.8±98.3  fid=0.0000  rew=+19.54
  ring_20q        15ep | trunc=7%  swp=90.4±74.2  fid=0.0000  rew=+16.44
  grid_5x4_20q    20ep | trunc=0%  swp=54.0±48.1  fid=0.0000  rew=+21.55
step=  6912  rew=+20.820  swp=67.5  map=2.5  trunc=9%  pl=0.021  vl=0.780  ent=2.796  kl=0.0425  gn=0.595
  line_20q        18ep | trunc=22%  swp=111.9±97.7  fid=0.0000  rew=+19.60
  ring_20q        16ep | trunc=6%  swp=86.9±73.1  fid=0.0000  rew=+16.10
  grid_5x4_20q    23ep | trunc=0%  swp=54.3±45.3  fid=0.0000  rew=+22.26
step=  7168  rew=+22.444  swp=74.7  map=2.1  trunc=8%  pl=0.018  vl=0.681  ent=2.888  kl=0.0693  gn=0.487
  line_20q        18ep | trunc=22%  swp=111.9±97.7  fid=0.0000  rew=+19.60
  ring_20q        17ep | trunc=6%  swp=83.7±72.0  fid=0.0000  rew=+16.16
  grid_5x4_20q    25ep | trunc=0%  swp=57.0±44.7  fid=0.0000  rew=+23.32
step=  7424  rew=+22.909  swp=80.8  map=2.1  trunc=8%  pl=0.002  vl=0.886  ent=2.647  kl=0.0611  gn=0.663
  line_20q        19ep | trunc=21%  swp=115.9±96.6  fid=0.0000  rew=+20.08
  ring_20q        17ep | trunc=6%  swp=83.7±72.0  fid=0.0000  rew=+16.16
  grid_5x4_20q    26ep | trunc=0%  swp=55.3±44.6  fid=0.0000  rew=+23.03
step=  7680  rew=+22.719  swp=83.6  map=1.8  trunc=8%  pl=0.021  vl=0.983  ent=2.459  kl=0.1191  gn=0.681
  line_20q        20ep | trunc=20%  swp=114.2±94.5  fid=0.0000  rew=+20.24
  ring_20q        18ep | trunc=6%  swp=86.8±71.1  fid=0.0000  rew=+16.42
  grid_5x4_20q    26ep | trunc=0%  swp=55.3±44.6  fid=0.0000  rew=+23.03
step=  7936  rew=+22.337  swp=69.8  map=1.1  trunc=7%  pl=0.018  vl=1.187  ent=2.376  kl=0.0834  gn=0.493
  line_20q        22ep | trunc=18%  swp=112.1±92.6  fid=0.0000  rew=+20.09
  ring_20q        20ep | trunc=5%  swp=84.6±69.0  fid=0.0000  rew=+17.31
  grid_5x4_20q    26ep | trunc=0%  swp=55.3±44.6  fid=0.0000  rew=+23.03
step=  8192  rew=+20.464  swp=61.1  map=0.3  trunc=7%  pl=0.015  vl=1.029  ent=2.321  kl=0.0556  gn=0.632
  line_20q        26ep | trunc=15%  swp=101.3±90.1  fid=0.0000  rew=+19.39
  ring_20q        20ep | trunc=5%  swp=84.6±69.0  fid=0.0000  rew=+17.31
  grid_5x4_20q    30ep | trunc=0%  swp=49.7±44.2  fid=0.0000  rew=+21.99
step=  8448  rew=+21.962  swp=72.2  map=0.3  trunc=6%  pl=0.039  vl=1.027  ent=2.597  kl=0.0670  gn=0.526
  line_20q        28ep | trunc=14%  swp=106.6±89.9  fid=0.0000  rew=+20.90
  ring_20q        20ep | trunc=5%  swp=84.6±69.0  fid=0.0000  rew=+17.31
  grid_5x4_20q    30ep | trunc=0%  swp=49.7±44.2  fid=0.0000  rew=+21.99
step=  8704  rew=+18.898  swp=31.9  map=0.1  trunc=6%  pl=0.012  vl=0.718  ent=2.175  kl=0.0605  gn=0.539
  line_20q        31ep | trunc=13%  swp=98.4±89.2  fid=0.0000  rew=+20.43
  ring_20q        22ep | trunc=5%  swp=80.7±67.4  fid=0.0000  rew=+16.96
  grid_5x4_20q    37ep | trunc=0%  swp=41.8±43.1  fid=0.0000  rew=+21.38
step=  8960  rew=+22.889  swp=40.5  map=0.1  trunc=5%  pl=-0.016  vl=1.104  ent=2.653  kl=0.0620  gn=0.545
  line_20q        33ep | trunc=12%  swp=93.4±88.6  fid=0.0000  rew=+20.43
  ring_20q        23ep | trunc=4%  swp=80.7±66.0  fid=0.0000  rew=+17.82
  grid_5x4_20q    39ep | trunc=0%  swp=43.2±42.5  fid=0.0000  rew=+22.28
step=  9216  rew=+21.703  swp=35.2  map=0.0  trunc=5%  pl=-0.004  vl=0.792  ent=2.192  kl=0.1096  gn=0.528
  line_20q        35ep | trunc=11%  swp=95.3±87.8  fid=0.0000  rew=+20.76
  ring_20q        24ep | trunc=4%  swp=77.7±66.1  fid=0.0000  rew=+17.73
  grid_5x4_20q    41ep | trunc=0%  swp=41.4±42.2  fid=0.0000  rew=+22.09
step=  9472  rew=+23.593  swp=38.5  map=0.0  trunc=5%  pl=0.007  vl=0.608  ent=2.320  kl=0.0704  gn=0.631
  line_20q        38ep | trunc=11%  swp=91.5±85.7  fid=0.0000  rew=+20.97
  ring_20q        24ep | trunc=4%  swp=77.7±66.1  fid=0.0000  rew=+17.73
  grid_5x4_20q    45ep | trunc=0%  swp=39.2±41.0  fid=0.0000  rew=+22.15
step=  9728  rew=+22.156  swp=36.9  map=0.0  trunc=4%  pl=0.001  vl=0.567  ent=2.043  kl=0.0719  gn=0.645
  line_20q        40ep | trunc=10%  swp=88.2±84.8  fid=0.0000  rew=+20.86
  ring_20q        28ep | trunc=4%  swp=72.6±64.3  fid=0.0000  rew=+18.44
  grid_5x4_20q    47ep | trunc=0%  swp=38.2±40.4  fid=0.0000  rew=+22.24
step=  9984  rew=+24.764  swp=32.6  map=0.0  trunc=4%  pl=-0.024  vl=0.746  ent=2.485  kl=0.0700  gn=0.763
  line_20q        40ep | trunc=10%  swp=88.2±84.8  fid=0.0000  rew=+20.86
  ring_20q        29ep | trunc=3%  swp=73.8±63.5  fid=0.0000  rew=+19.31
  grid_5x4_20q    51ep | trunc=0%  swp=36.8±39.2  fid=0.0000  rew=+22.72
step= 10240  rew=+24.723  swp=38.2  map=0.0  trunc=4%  pl=0.020  vl=0.555  ent=2.306  kl=0.0801  gn=0.770
  line_20q        42ep | trunc=10%  swp=85.7±83.6  fid=0.0000  rew=+20.99
  ring_20q        30ep | trunc=3%  swp=78.1±66.5  fid=0.0000  rew=+19.81
  grid_5x4_20q    53ep | trunc=0%  swp=35.8±38.8  fid=0.0000  rew=+22.54
step= 10496  rew=+23.673  swp=41.2  map=0.0  trunc=4%  pl=-0.030  vl=1.177  ent=2.210  kl=0.0839  gn=0.669
  line_20q        44ep | trunc=9%  swp=86.7±81.9  fid=0.0000  rew=+21.31
  ring_20q        34ep | trunc=3%  swp=70.2±66.1  fid=0.0000  rew=+19.37
  grid_5x4_20q    53ep | trunc=0%  swp=35.8±38.8  fid=0.0000  rew=+22.54
step= 10752  rew=+21.567  swp=42.6  map=0.1  trunc=4%  pl=0.009  vl=0.546  ent=1.788  kl=0.0853  gn=0.677
  line_20q        46ep | trunc=9%  swp=85.7±81.1  fid=0.0000  rew=+21.52
  ring_20q        38ep | trunc=3%  swp=66.0±64.7  fid=0.0000  rew=+19.23
  grid_5x4_20q    55ep | trunc=0%  swp=35.0±38.4  fid=0.0000  rew=+22.43
step= 11008  rew=+21.537  swp=36.8  map=0.1  trunc=3%  pl=0.006  vl=0.551  ent=2.330  kl=0.0907  gn=0.724
  line_20q        48ep | trunc=8%  swp=85.4±80.3  fid=0.0000  rew=+21.84
  ring_20q        40ep | trunc=2%  swp=64.1±63.8  fid=0.0000  rew=+19.26
  grid_5x4_20q    58ep | trunc=0%  swp=34.5±37.6  fid=0.0000  rew=+22.61
step= 11264  rew=+21.449  swp=32.0  map=0.1  trunc=3%  pl=0.026  vl=0.649  ent=1.843  kl=0.1147  gn=0.749
  line_20q        51ep | trunc=8%  swp=82.8±78.9  fid=0.0000  rew=+21.77
  ring_20q        42ep | trunc=2%  swp=62.9±62.9  fid=0.0000  rew=+19.30
  grid_5x4_20q    63ep | trunc=0%  swp=32.3±36.9  fid=0.0000  rew=+22.19
step= 11520  rew=+20.025  swp=22.0  map=0.0  trunc=3%  pl=-0.037  vl=0.836  ent=1.923  kl=0.1123  gn=0.722
  line_20q        53ep | trunc=8%  swp=80.8±78.1  fid=0.0000  rew=+21.78
  ring_20q        45ep | trunc=2%  swp=59.8±61.9  fid=0.0000  rew=+19.10
  grid_5x4_20q    65ep | trunc=0%  swp=31.6±36.5  fid=0.0000  rew=+22.19
step= 11776  rew=+22.474  swp=28.9  map=0.0  trunc=3%  pl=0.013  vl=1.095  ent=1.841  kl=0.0513  gn=0.796
  line_20q        57ep | trunc=7%  swp=79.2±76.8  fid=0.0000  rew=+21.97
  ring_20q        48ep | trunc=2%  swp=57.3±60.8  fid=0.0000  rew=+19.24
  grid_5x4_20q    68ep | trunc=0%  swp=31.3±35.7  fid=0.0000  rew=+22.62
step= 12032  rew=+23.797  swp=32.2  map=0.0  trunc=3%  pl=0.007  vl=0.825  ent=1.839  kl=0.0743  gn=0.625
  line_20q        60ep | trunc=7%  swp=77.0±75.5  fid=0.0000  rew=+21.78
  ring_20q        52ep | trunc=2%  swp=55.2±59.0  fid=0.0000  rew=+19.53
  grid_5x4_20q    70ep | trunc=0%  swp=30.8±35.4  fid=0.0000  rew=+22.75
step= 12288  rew=+19.919  swp=18.4  map=0.1  trunc=3%  pl=0.025  vl=0.859  ent=1.614  kl=0.0440  gn=0.715
  line_20q        65ep | trunc=6%  swp=71.8±74.8  fid=0.0000  rew=+21.13
  ring_20q        60ep | trunc=2%  swp=50.6±56.2  fid=0.0000  rew=+19.83
  grid_5x4_20q    71ep | trunc=0%  swp=30.5±35.2  fid=0.0000  rew=+22.63
step= 12544  rew=+18.543  swp=15.8  map=0.1  trunc=2%  pl=-0.004  vl=0.747  ent=1.474  kl=0.0305  gn=0.559
  line_20q        70ep | trunc=6%  swp=68.3±73.4  fid=0.0000  rew=+20.96
  ring_20q        67ep | trunc=1%  swp=47.0±54.4  fid=0.0000  rew=+19.49
  grid_5x4_20q    74ep | trunc=0%  swp=29.7±34.7  fid=0.0000  rew=+22.81
step= 12800  rew=+20.332  swp=20.7  map=0.0  trunc=2%  pl=0.006  vl=0.807  ent=2.014  kl=0.0559  gn=0.716
  line_20q        74ep | trunc=5%  swp=67.1±72.2  fid=0.0000  rew=+21.16
  ring_20q        67ep | trunc=1%  swp=47.0±54.4  fid=0.0000  rew=+19.49
  grid_5x4_20q    77ep | trunc=0%  swp=28.9±34.3  fid=0.0000  rew=+22.83
step= 13056  rew=+21.825  swp=25.6  map=0.0  trunc=2%  pl=0.000  vl=0.826  ent=1.776  kl=0.0458  gn=0.682
  line_20q        79ep | trunc=5%  swp=63.6±71.2  fid=0.0000  rew=+20.94
  ring_20q        71ep | trunc=1%  swp=47.3±53.4  fid=0.0000  rew=+19.91
  grid_5x4_20q    80ep | trunc=0%  swp=28.0±33.9  fid=0.0000  rew=+22.75
step= 13312  rew=+19.459  swp=14.1  map=0.1  trunc=2%  pl=0.001  vl=0.593  ent=1.387  kl=0.0267  gn=0.654
  line_20q        83ep | trunc=5%  swp=61.7±70.0  fid=0.0000  rew=+20.87
  ring_20q        77ep | trunc=1%  swp=44.7±52.1  fid=0.0000  rew=+19.66
  grid_5x4_20q    85ep | trunc=0%  swp=26.9±33.2  fid=0.0000  rew=+22.79
step= 13568  rew=+20.893  swp=17.7  map=0.1  trunc=2%  pl=-0.003  vl=0.963  ent=1.908  kl=0.0545  gn=0.893
  line_20q        85ep | trunc=5%  swp=60.8±69.4  fid=0.0000  rew=+20.94
  ring_20q        80ep | trunc=1%  swp=43.9±51.5  fid=0.0000  rew=+19.73
  grid_5x4_20q    92ep | trunc=0%  swp=26.0±32.2  fid=0.0000  rew=+22.83
step= 13824  rew=+23.271  swp=20.8  map=0.0  trunc=2%  pl=0.032  vl=0.776  ent=1.795  kl=0.0759  gn=0.880
  line_20q        86ep | trunc=5%  swp=60.2±69.3  fid=0.0000  rew=+20.93
  ring_20q        85ep | trunc=1%  swp=43.8±50.5  fid=0.0000  rew=+20.18
  grid_5x4_20q    95ep | trunc=0%  swp=25.5±31.8  fid=0.0000  rew=+22.81
step= 14080  rew=+22.671  swp=25.1  map=0.0  trunc=2%  pl=0.001  vl=0.667  ent=1.811  kl=0.0703  gn=0.757
  line_20q        90ep | trunc=4%  swp=58.1±68.4  fid=0.0000  rew=+20.66
  ring_20q        88ep | trunc=1%  swp=44.2±49.9  fid=0.0000  rew=+20.62
  grid_5x4_20q    99ep | trunc=0%  swp=24.8±31.4  fid=0.0000  rew=+22.60
step= 14336  rew=+22.021  swp=23.3  map=0.0  trunc=2%  pl=-0.003  vl=0.539  ent=1.753  kl=0.0451  gn=0.670
  line_20q        94ep | trunc=4%  swp=56.6±67.4  fid=0.0000  rew=+20.65
  ring_20q        90ep | trunc=1%  swp=44.1±49.5  fid=0.0000  rew=+20.68
  grid_5x4_20q   102ep | trunc=0%  swp=24.4±31.0  fid=0.0000  rew=+22.76
step= 14592  rew=+24.215  swp=27.6  map=0.0  trunc=2%  pl=-0.034  vl=0.854  ent=1.930  kl=0.1120  gn=0.801
  line_20q        97ep | trunc=4%  swp=57.4±66.8  fid=0.0000  rew=+21.12
  ring_20q        91ep | trunc=1%  swp=43.8±49.3  fid=0.0000  rew=+20.70
  grid_5x4_20q   105ep | trunc=0%  swp=24.0±30.7  fid=0.0000  rew=+22.80
step= 14848  rew=+26.595  swp=36.3  map=0.0  trunc=2%  pl=0.035  vl=0.853  ent=2.148  kl=0.0609  gn=0.743
  line_20q        98ep | trunc=4%  swp=58.2±66.9  fid=0.0000  rew=+21.35
  ring_20q        93ep | trunc=1%  swp=43.8±48.8  fid=0.0000  rew=+20.87
  grid_5x4_20q   106ep | trunc=0%  swp=23.8±30.6  fid=0.0000  rew=+22.75
step= 15104  rew=+23.386  swp=30.4  map=0.0  trunc=2%  pl=-0.015  vl=0.456  ent=1.718  kl=0.0599  gn=0.674
  line_20q       102ep | trunc=4%  swp=56.9±66.1  fid=0.0000  rew=+21.27
  ring_20q        97ep | trunc=1%  swp=43.0±48.1  fid=0.0000  rew=+20.91
  grid_5x4_20q   110ep | trunc=0%  swp=23.1±30.2  fid=0.0000  rew=+22.58
step= 15360  rew=+21.352  swp=21.6  map=0.0  trunc=2%  pl=0.024  vl=0.691  ent=1.901  kl=0.0405  gn=0.860
  line_20q       107ep | trunc=4%  swp=56.0±65.3  fid=0.0000  rew=+21.31
  ring_20q       100ep | trunc=1%  swp=42.5±47.5  fid=0.0000  rew=+21.03
  grid_5x4_20q   112ep | trunc=0%  swp=23.1±30.0  fid=0.0000  rew=+22.67
step= 15616  rew=+23.152  swp=29.9  map=0.1  trunc=2%  pl=0.027  vl=0.483  ent=1.835  kl=0.0579  gn=0.810
  line_20q       112ep | trunc=4%  swp=55.5±64.5  fid=0.0000  rew=+21.52
  ring_20q       102ep | trunc=1%  swp=42.1±47.1  fid=0.0000  rew=+21.00
  grid_5x4_20q   112ep | trunc=0%  swp=23.1±30.0  fid=0.0000  rew=+22.67
step= 15872  rew=+23.030  swp=23.2  map=0.1  trunc=1%  pl=-0.021  vl=0.697  ent=1.729  kl=0.0582  gn=0.812
  line_20q       116ep | trunc=3%  swp=54.0±63.8  fid=0.0000  rew=+21.37
  ring_20q       105ep | trunc=1%  swp=41.7±46.5  fid=0.0000  rew=+21.30
  grid_5x4_20q   116ep | trunc=0%  swp=22.6±29.6  fid=0.0000  rew=+22.69
step= 16128  rew=+24.481  swp=32.1  map=0.0  trunc=1%  pl=-0.006  vl=0.690  ent=2.122  kl=0.0674  gn=0.845
  line_20q       118ep | trunc=3%  swp=55.0±65.2  fid=0.0000  rew=+21.48
  ring_20q       107ep | trunc=1%  swp=41.7±46.3  fid=0.0000  rew=+21.36
  grid_5x4_20q   117ep | trunc=0%  swp=22.5±29.5  fid=0.0000  rew=+22.76
step= 16384  rew=+25.141  swp=33.8  map=0.1  trunc=1%  pl=-0.008  vl=0.478  ent=1.797  kl=0.0513  gn=0.863
  line_20q       123ep | trunc=3%  swp=54.4±64.6  fid=0.0000  rew=+21.59
  ring_20q       107ep | trunc=1%  swp=41.7±46.3  fid=0.0000  rew=+21.36
  grid_5x4_20q   119ep | trunc=0%  swp=22.3±29.3  fid=0.0000  rew=+22.77
step= 16640  rew=+23.410  swp=28.9  map=0.1  trunc=1%  pl=0.051  vl=0.911  ent=1.524  kl=0.0518  gn=0.611
  line_20q       125ep | trunc=3%  swp=54.2±64.2  fid=0.0000  rew=+21.55
  ring_20q       113ep | trunc=1%  swp=40.9±45.5  fid=0.0000  rew=+21.54
  grid_5x4_20q   121ep | trunc=0%  swp=22.0±29.1  fid=0.0000  rew=+22.69
step= 16896  rew=+23.907  swp=28.1  map=0.1  trunc=1%  pl=-0.010  vl=0.760  ent=1.733  kl=0.0483  gn=0.613
  line_20q       127ep | trunc=3%  swp=54.7±64.0  fid=0.0000  rew=+21.81
  ring_20q       117ep | trunc=1%  swp=40.1±45.0  fid=0.0000  rew=+21.65
  grid_5x4_20q   122ep | trunc=0%  swp=21.9±29.0  fid=0.0000  rew=+22.64
step= 17152  rew=+26.607  swp=28.4  map=0.0  trunc=1%  pl=0.012  vl=0.853  ent=1.456  kl=0.0268  gn=0.756
  line_20q       129ep | trunc=3%  swp=54.4±63.6  fid=0.0000  rew=+21.91
  ring_20q       123ep | trunc=1%  swp=39.4±44.1  fid=0.0000  rew=+21.79
  grid_5x4_20q   125ep | trunc=0%  swp=21.6±28.8  fid=0.0000  rew=+22.67
step= 17408  rew=+22.882  swp=18.0  map=0.1  trunc=1%  pl=0.013  vl=0.753  ent=1.440  kl=0.0454  gn=0.658
  line_20q       132ep | trunc=3%  swp=53.3±63.3  fid=0.0000  rew=+21.70
  ring_20q       129ep | trunc=1%  swp=38.7±43.5  fid=0.0000  rew=+21.88
  grid_5x4_20q   131ep | trunc=0%  swp=21.2±28.3  fid=0.0000  rew=+22.78
step= 17664  rew=+20.783  swp=15.8  map=0.1  trunc=1%  pl=0.026  vl=0.765  ent=1.366  kl=0.0529  gn=0.716
  line_20q       135ep | trunc=3%  swp=52.9±62.7  fid=0.0000  rew=+21.67
  ring_20q       133ep | trunc=1%  swp=38.1±43.0  fid=0.0000  rew=+21.93
  grid_5x4_20q   136ep | trunc=0%  swp=20.8±27.9  fid=0.0000  rew=+22.82
step= 17920  rew=+21.555  swp=16.9  map=0.1  trunc=1%  pl=0.025  vl=0.680  ent=1.238  kl=0.0445  gn=0.691
  line_20q       138ep | trunc=3%  swp=52.4±62.3  fid=0.0000  rew=+21.61
  ring_20q       138ep | trunc=1%  swp=37.5±42.4  fid=0.0000  rew=+21.95
  grid_5x4_20q   142ep | trunc=0%  swp=20.3±27.4  fid=0.0000  rew=+22.77
step= 18176  rew=+22.606  swp=15.9  map=0.1  trunc=1%  pl=0.026  vl=0.830  ent=1.400  kl=0.0371  gn=0.863
  line_20q       144ep | trunc=3%  swp=50.9±61.5  fid=0.0000  rew=+21.50
  ring_20q       143ep | trunc=1%  swp=36.7±42.0  fid=0.0000  rew=+21.92
  grid_5x4_20q   147ep | trunc=0%  swp=19.9±27.0  fid=0.0000  rew=+22.91
step= 18432  rew=+24.540  swp=23.8  map=0.1  trunc=1%  pl=-0.014  vl=0.844  ent=1.646  kl=0.1025  gn=0.627
  line_20q       148ep | trunc=3%  swp=50.8±61.5  fid=0.0000  rew=+21.51
  ring_20q       144ep | trunc=1%  swp=37.0±42.0  fid=0.0000  rew=+22.07
  grid_5x4_20q   148ep | trunc=0%  swp=19.9±26.9  fid=0.0000  rew=+23.02
step= 18688  rew=+24.688  swp=31.4  map=0.1  trunc=1%  pl=0.027  vl=0.798  ent=1.418  kl=0.0920  gn=0.776
  line_20q       150ep | trunc=3%  swp=50.6±61.3  fid=0.0000  rew=+21.54
  ring_20q       147ep | trunc=1%  swp=37.3±41.7  fid=0.0000  rew=+22.17
  grid_5x4_20q   150ep | trunc=0%  swp=19.7±26.8  fid=0.0000  rew=+22.95
step= 18944  rew=+25.753  swp=33.9  map=0.1  trunc=1%  pl=-0.002  vl=0.869  ent=1.352  kl=0.0361  gn=0.829
  line_20q       153ep | trunc=3%  swp=50.5±60.7  fid=0.0000  rew=+21.59
  ring_20q       150ep | trunc=1%  swp=37.2±41.4  fid=0.0000  rew=+22.29
  grid_5x4_20q   153ep | trunc=0%  swp=19.5±26.6  fid=0.0000  rew=+23.06
step= 19200  rew=+24.919  swp=34.0  map=0.1  trunc=1%  pl=0.016  vl=0.755  ent=1.488  kl=0.0705  gn=0.825
  line_20q       157ep | trunc=3%  swp=50.5±60.4  fid=0.0000  rew=+21.77
  ring_20q       153ep | trunc=1%  swp=36.7±41.2  fid=0.0000  rew=+22.14
  grid_5x4_20q   153ep | trunc=0%  swp=19.5±26.6  fid=0.0000  rew=+23.06
step= 19456  rew=+23.435  swp=24.6  map=0.0  trunc=1%  pl=0.034  vl=1.026  ent=1.293  kl=0.0514  gn=0.812
  line_20q       161ep | trunc=2%  swp=49.6±59.9  fid=0.0000  rew=+21.72
  ring_20q       156ep | trunc=1%  swp=36.9±40.8  fid=0.0000  rew=+22.42
  grid_5x4_20q   159ep | trunc=0%  swp=19.0±26.2  fid=0.0000  rew=+22.95
step= 19712  rew=+23.062  swp=16.4  map=0.0  trunc=1%  pl=-0.000  vl=0.736  ent=1.138  kl=0.0236  gn=0.561
  line_20q       165ep | trunc=2%  swp=49.0±59.3  fid=0.0000  rew=+21.78
  ring_20q       161ep | trunc=1%  swp=36.2±40.4  fid=0.0000  rew=+22.35
  grid_5x4_20q   164ep | trunc=0%  swp=18.8±25.9  fid=0.0000  rew=+23.01
step= 19968  rew=+22.593  swp=18.8  map=0.1  trunc=1%  pl=0.017  vl=0.701  ent=1.073  kl=0.0470  gn=0.741
  line_20q       169ep | trunc=2%  swp=48.3±58.8  fid=0.0000  rew=+21.70
  ring_20q       167ep | trunc=1%  swp=36.0±39.8  fid=0.0000  rew=+22.42
  grid_5x4_20q   166ep | trunc=0%  swp=18.6±25.7  fid=0.0000  rew=+23.01
step= 20224  rew=+23.613  swp=23.8  map=0.1  trunc=1%  pl=0.025  vl=0.978  ent=1.374  kl=0.0721  gn=0.749
  line_20q       171ep | trunc=2%  swp=48.4±58.5  fid=0.0000  rew=+21.78
  ring_20q       168ep | trunc=1%  swp=36.0±39.6  fid=0.0000  rew=+22.51
  grid_5x4_20q   167ep | trunc=0%  swp=18.5±25.7  fid=0.0000  rew=+22.96
step= 20480  rew=+24.584  swp=33.5  map=0.0  trunc=1%  pl=0.023  vl=0.905  ent=1.232  kl=0.0445  gn=1.063
  line_20q       176ep | trunc=2%  swp=48.4±58.0  fid=0.0000  rew=+21.88
  ring_20q       171ep | trunc=1%  swp=35.8±39.4  fid=0.0000  rew=+22.49
  grid_5x4_20q   168ep | trunc=0%  swp=18.5±25.6  fid=0.0000  rew=+22.94
step= 20736  rew=+24.090  swp=33.2  map=0.0  trunc=1%  pl=0.025  vl=0.795  ent=1.232  kl=0.0409  gn=0.633
  line_20q       178ep | trunc=2%  swp=48.4±57.7  fid=0.0000  rew=+21.97
  ring_20q       175ep | trunc=1%  swp=35.6±39.0  fid=0.0000  rew=+22.49
  grid_5x4_20q   170ep | trunc=0%  swp=18.3±25.5  fid=0.0000  rew=+22.88
step= 20992  rew=+23.678  swp=22.9  map=0.1  trunc=1%  pl=0.014  vl=0.758  ent=1.323  kl=0.0438  gn=0.827
  line_20q       183ep | trunc=2%  swp=48.0±57.0  fid=0.0000  rew=+22.03
  ring_20q       178ep | trunc=1%  swp=35.2±38.8  fid=0.0000  rew=+22.41
  grid_5x4_20q   175ep | trunc=0%  swp=18.2±25.2  fid=0.0000  rew=+22.99
step= 21248  rew=+21.580  swp=19.2  map=0.1  trunc=1%  pl=-0.010  vl=0.619  ent=1.524  kl=0.0590  gn=0.812
  line_20q       186ep | trunc=2%  swp=47.4±56.7  fid=0.0000  rew=+21.95
  ring_20q       181ep | trunc=1%  swp=35.2±38.6  fid=0.0000  rew=+22.40
  grid_5x4_20q   177ep | trunc=0%  swp=18.1±25.1  fid=0.0000  rew=+22.95
step= 21504  rew=+20.868  swp=20.8  map=0.1  trunc=1%  pl=-0.003  vl=0.541  ent=1.251  kl=0.0575  gn=0.917
  line_20q       193ep | trunc=2%  swp=46.9±56.1  fid=0.0000  rew=+22.02
  ring_20q       184ep | trunc=1%  swp=34.8±38.4  fid=0.0000  rew=+22.23
  grid_5x4_20q   182ep | trunc=0%  swp=17.8±24.9  fid=0.0000  rew=+22.88
step= 21760  rew=+22.030  swp=16.1  map=0.0  trunc=1%  pl=-0.000  vl=0.895  ent=1.346  kl=0.0320  gn=1.180
  line_20q       196ep | trunc=2%  swp=46.6±55.8  fid=0.0000  rew=+22.03
  ring_20q       188ep | trunc=1%  swp=34.7±38.0  fid=0.0000  rew=+22.30
  grid_5x4_20q   191ep | trunc=0%  swp=17.4±24.4  fid=0.0000  rew=+22.81
step= 22016  rew=+21.795  swp=16.1  map=0.0  trunc=1%  pl=0.030  vl=0.739  ent=1.276  kl=0.0424  gn=1.063
  line_20q       197ep | trunc=2%  swp=46.4±55.7  fid=0.0000  rew=+22.00
  ring_20q       197ep | trunc=1%  swp=34.1±37.4  fid=0.0000  rew=+22.42
  grid_5x4_20q   195ep | trunc=0%  swp=17.2±24.2  fid=0.0000  rew=+22.66
step= 22272  rew=+22.336  swp=20.9  map=0.0  trunc=1%  pl=0.011  vl=0.939  ent=1.454  kl=0.0517  gn=0.809
  line_20q       202ep | trunc=2%  swp=45.9±55.2  fid=0.0000  rew=+22.05
  ring_20q       199ep | trunc=1%  swp=34.2±37.2  fid=0.0000  rew=+22.49
  grid_5x4_20q   195ep | trunc=0%  swp=17.2±24.2  fid=0.0000  rew=+22.66
step= 22528  rew=+24.415  swp=26.1  map=0.0  trunc=1%  pl=0.022  vl=0.725  ent=1.478  kl=0.0454  gn=0.945
  line_20q       205ep | trunc=2%  swp=45.8±55.0  fid=0.0000  rew=+22.11
  ring_20q       203ep | trunc=0%  swp=34.0±37.0  fid=0.0000  rew=+22.44
  grid_5x4_20q   199ep | trunc=0%  swp=17.2±24.0  fid=0.0000  rew=+22.78
step= 22784  rew=+21.748  swp=13.6  map=0.1  trunc=1%  pl=0.016  vl=0.787  ent=1.182  kl=0.0248  gn=0.956
  line_20q       213ep | trunc=2%  swp=44.6±54.3  fid=0.0000  rew=+21.93
  ring_20q       207ep | trunc=0%  swp=33.6±36.8  fid=0.0000  rew=+22.52
  grid_5x4_20q   205ep | trunc=0%  swp=16.9±23.8  fid=0.0000  rew=+22.84
step= 23040  rew=+24.778  swp=19.8  map=0.1  trunc=1%  pl=0.013  vl=1.023  ent=1.563  kl=0.0442  gn=0.708
  line_20q       215ep | trunc=2%  swp=44.7±54.1  fid=0.0000  rew=+21.99
  ring_20q       210ep | trunc=0%  swp=33.7±36.6  fid=0.0000  rew=+22.63
  grid_5x4_20q   207ep | trunc=0%  swp=16.9±23.7  fid=0.0000  rew=+22.92
step= 23296  rew=+23.104  swp=21.0  map=0.1  trunc=1%  pl=0.009  vl=0.808  ent=1.346  kl=0.0358  gn=1.001
  line_20q       217ep | trunc=2%  swp=44.5±53.9  fid=0.0000  rew=+21.95
  ring_20q       216ep | trunc=0%  swp=33.4±36.2  fid=0.0000  rew=+22.73
  grid_5x4_20q   214ep | trunc=0%  swp=16.6±23.4  fid=0.0000  rew=+22.75
step= 23552  rew=+23.676  swp=17.1  map=0.1  trunc=1%  pl=-0.001  vl=0.684  ent=1.412  kl=0.0355  gn=0.843
  line_20q       220ep | trunc=2%  swp=44.0±53.7  fid=0.0000  rew=+21.91
  ring_20q       223ep | trunc=0%  swp=33.2±35.8  fid=0.0000  rew=+22.83
  grid_5x4_20q   218ep | trunc=0%  swp=16.4±23.2  fid=0.0000  rew=+22.82
step= 23808  rew=+22.496  swp=16.4  map=0.1  trunc=1%  pl=0.010  vl=0.664  ent=1.239  kl=0.0450  gn=1.005
  line_20q       227ep | trunc=2%  swp=43.2±53.1  fid=0.0000  rew=+21.82
  ring_20q       226ep | trunc=0%  swp=33.1±35.5  fid=0.0000  rew=+22.89
  grid_5x4_20q   224ep | trunc=0%  swp=16.2±22.9  fid=0.0000  rew=+22.80
step= 24064  rew=+22.176  swp=17.9  map=0.1  trunc=1%  pl=0.005  vl=0.582  ent=1.483  kl=0.0388  gn=0.736
  line_20q       230ep | trunc=2%  swp=43.1±52.8  fid=0.0000  rew=+21.86
  ring_20q       230ep | trunc=0%  swp=33.0±35.3  fid=0.0000  rew=+22.93
  grid_5x4_20q   228ep | trunc=0%  swp=16.0±22.8  fid=0.0000  rew=+22.70
step= 24320  rew=+23.372  swp=21.3  map=0.0  trunc=1%  pl=-0.006  vl=0.802  ent=1.629  kl=0.0595  gn=0.813
  line_20q       232ep | trunc=2%  swp=43.4±53.0  fid=0.0000  rew=+22.00
  ring_20q       231ep | trunc=0%  swp=32.9±35.3  fid=0.0000  rew=+22.91
  grid_5x4_20q   235ep | trunc=0%  swp=15.8±22.5  fid=0.0000  rew=+22.71
step= 24576  rew=+25.557  swp=26.8  map=0.0  trunc=1%  pl=0.003  vl=0.797  ent=1.440  kl=0.0429  gn=0.904
  line_20q       234ep | trunc=2%  swp=43.4±52.8  fid=0.0000  rew=+22.02
  ring_20q       235ep | trunc=0%  swp=32.8±35.0  fid=0.0000  rew=+22.96
  grid_5x4_20q   237ep | trunc=0%  swp=15.8±22.4  fid=0.0000  rew=+22.71
step= 24832  rew=+25.615  swp=19.0  map=0.0  trunc=1%  pl=0.009  vl=0.837  ent=1.200  kl=0.0256  gn=0.780
  line_20q       239ep | trunc=2%  swp=43.0±52.4  fid=0.0000  rew=+22.03
  ring_20q       240ep | trunc=0%  swp=32.6±34.8  fid=0.0000  rew=+23.03
  grid_5x4_20q   242ep | trunc=0%  swp=15.7±22.2  fid=0.0000  rew=+22.87
step= 25088  rew=+21.823  swp=14.1  map=0.0  trunc=1%  pl=-0.010  vl=0.639  ent=1.258  kl=0.0647  gn=0.793
  line_20q       242ep | trunc=2%  swp=42.8±52.1  fid=0.0000  rew=+22.00
  ring_20q       245ep | trunc=0%  swp=32.3±34.6  fid=0.0000  rew=+23.03
  grid_5x4_20q   247ep | trunc=0%  swp=15.5±22.0  fid=0.0000  rew=+22.89
step= 25344  rew=+22.262  swp=17.6  map=0.1  trunc=1%  pl=-0.002  vl=0.691  ent=1.225  kl=0.0613  gn=0.820
  line_20q       248ep | trunc=2%  swp=42.3±51.6  fid=0.0000  rew=+21.96
  ring_20q       246ep | trunc=0%  swp=32.4±34.5  fid=0.0000  rew=+23.03
  grid_5x4_20q   252ep | trunc=0%  swp=15.3±21.8  fid=0.0000  rew=+22.87
step= 25600  rew=+19.690  swp=17.6  map=0.1  trunc=1%  pl=0.011  vl=0.692  ent=0.923  kl=0.0325  gn=0.845
  line_20q       256ep | trunc=2%  swp=41.7±51.1  fid=0.0000  rew=+21.90
  ring_20q       252ep | trunc=0%  swp=31.9±34.3  fid=0.0000  rew=+22.88
  grid_5x4_20q   256ep | trunc=0%  swp=15.2±21.7  fid=0.0000  rew=+22.86
step= 25856  rew=+24.708  swp=18.8  map=0.0  trunc=1%  pl=-0.004  vl=0.606  ent=1.522  kl=0.0330  gn=0.883
  line_20q       259ep | trunc=2%  swp=41.4±50.9  fid=0.0000  rew=+21.92
  ring_20q       255ep | trunc=0%  swp=32.0±34.2  fid=0.0000  rew=+23.05
  grid_5x4_20q   260ep | trunc=0%  swp=15.3±21.5  fid=0.0000  rew=+22.94
step= 26112  rew=+27.329  swp=24.9  map=0.0  trunc=1%  pl=0.005  vl=0.826  ent=1.145  kl=0.0473  gn=0.923
  line_20q       261ep | trunc=2%  swp=41.6±50.8  fid=0.0000  rew=+21.96
  ring_20q       259ep | trunc=0%  swp=31.9±34.0  fid=0.0000  rew=+23.11
  grid_5x4_20q   264ep | trunc=0%  swp=15.1±21.4  fid=0.0000  rew=+22.94
step= 26368  rew=+24.782  swp=22.8  map=0.0  trunc=1%  pl=0.009  vl=0.590  ent=1.100  kl=0.0669  gn=0.981
  line_20q       264ep | trunc=2%  swp=41.5±50.6  fid=0.0000  rew=+22.01
  ring_20q       264ep | trunc=0%  swp=31.6±33.7  fid=0.0000  rew=+23.02
  grid_5x4_20q   268ep | trunc=0%  swp=15.1±21.3  fid=0.0000  rew=+23.02
step= 26624  rew=+22.010  swp=20.4  map=0.0  trunc=1%  pl=0.023  vl=0.695  ent=1.078  kl=0.0457  gn=0.998
  line_20q       270ep | trunc=1%  swp=40.8±50.2  fid=0.0000  rew=+21.91
  ring_20q       268ep | trunc=0%  swp=31.7±33.6  fid=0.0000  rew=+23.13
  grid_5x4_20q   270ep | trunc=0%  swp=15.1±21.2  fid=0.0000  rew=+22.99
step= 26880  rew=+22.811  swp=16.9  map=0.0  trunc=1%  pl=0.023  vl=0.602  ent=1.135  kl=0.0451  gn=0.947
  line_20q       278ep | trunc=1%  swp=40.2±49.7  fid=0.0000  rew=+21.89
  ring_20q       270ep | trunc=0%  swp=31.6±33.5  fid=0.0000  rew=+23.10
  grid_5x4_20q   273ep | trunc=0%  swp=15.0±21.1  fid=0.0000  rew=+23.08
step= 27136  rew=+22.690  swp=20.6  map=0.0  trunc=1%  pl=-0.002  vl=0.599  ent=1.090  kl=0.0934  gn=0.801
  line_20q       285ep | trunc=1%  swp=39.8±49.3  fid=0.0000  rew=+21.88
  ring_20q       272ep | trunc=0%  swp=31.6±33.4  fid=0.0000  rew=+23.11
  grid_5x4_20q   277ep | trunc=0%  swp=14.9±21.0  fid=0.0000  rew=+23.07
step= 27392  rew=+24.321  swp=24.9  map=0.0  trunc=1%  pl=0.010  vl=0.519  ent=1.545  kl=0.0737  gn=0.911
  line_20q       287ep | trunc=1%  swp=40.0±49.2  fid=0.0000  rew=+21.96
  ring_20q       273ep | trunc=0%  swp=31.5±33.4  fid=0.0000  rew=+23.09
  grid_5x4_20q   279ep | trunc=0%  swp=14.9±20.9  fid=0.0000  rew=+23.12
step= 27648  rew=+25.876  swp=25.0  map=0.0  trunc=1%  pl=-0.000  vl=0.629  ent=1.233  kl=0.0432  gn=0.880
  line_20q       292ep | trunc=1%  swp=40.1±49.0  fid=0.0000  rew=+22.08
  ring_20q       277ep | trunc=0%  swp=31.4±33.2  fid=0.0000  rew=+23.09
  grid_5x4_20q   282ep | trunc=0%  swp=14.8±20.8  fid=0.0000  rew=+23.16
step= 27904  rew=+24.317  swp=23.1  map=0.0  trunc=1%  pl=-0.010  vl=0.707  ent=1.305  kl=0.0731  gn=0.923
  line_20q       297ep | trunc=1%  swp=40.1±48.7  fid=0.0000  rew=+22.16
  ring_20q       280ep | trunc=0%  swp=31.1±33.1  fid=0.0000  rew=+23.04
  grid_5x4_20q   283ep | trunc=0%  swp=14.8±20.8  fid=0.0000  rew=+23.14
step= 28160  rew=+24.557  swp=24.2  map=0.0  trunc=1%  pl=-0.020  vl=0.796  ent=1.346  kl=0.1168  gn=0.941
  line_20q       299ep | trunc=1%  swp=40.1±48.6  fid=0.0000  rew=+22.15
  ring_20q       283ep | trunc=0%  swp=31.0±33.1  fid=0.0000  rew=+22.99
  grid_5x4_20q   288ep | trunc=0%  swp=14.8±20.6  fid=0.0000  rew=+23.34
step= 28416  rew=+23.878  swp=20.8  map=0.0  trunc=1%  pl=-0.010  vl=0.725  ent=1.355  kl=0.0620  gn=0.878
  line_20q       301ep | trunc=1%  swp=40.2±48.6  fid=0.0000  rew=+22.18
  ring_20q       290ep | trunc=0%  swp=30.8±32.8  fid=0.0000  rew=+22.92
  grid_5x4_20q   290ep | trunc=0%  swp=14.8±20.6  fid=0.0000  rew=+23.32
step= 28672  rew=+20.927  swp=18.9  map=0.0  trunc=1%  pl=0.041  vl=0.848  ent=1.217  kl=0.0382  gn=1.201
  line_20q       305ep | trunc=1%  swp=39.8±48.4  fid=0.0000  rew=+22.14
  ring_20q       295ep | trunc=0%  swp=30.8±32.7  fid=0.0000  rew=+22.97
  grid_5x4_20q   293ep | trunc=0%  swp=14.7±20.5  fid=0.0000  rew=+23.30
step= 28928  rew=+20.515  swp=16.0  map=0.0  trunc=1%  pl=-0.002  vl=0.420  ent=0.908  kl=0.0546  gn=0.809
  line_20q       310ep | trunc=1%  swp=39.5±48.1  fid=0.0000  rew=+22.10
  ring_20q       300ep | trunc=0%  swp=30.6±32.5  fid=0.0000  rew=+22.96
  grid_5x4_20q   297ep | trunc=0%  swp=14.6±20.4  fid=0.0000  rew=+23.28
step= 29184  rew=+21.443  swp=14.5  map=0.1  trunc=1%  pl=-0.032  vl=0.443  ent=1.190  kl=0.0733  gn=0.798
  line_20q       315ep | trunc=1%  swp=39.1±47.8  fid=0.0000  rew=+22.07
  ring_20q       304ep | trunc=0%  swp=30.5±32.3  fid=0.0000  rew=+22.97
  grid_5x4_20q   301ep | trunc=0%  swp=14.5±20.3  fid=0.0000  rew=+23.21
step= 29440  rew=+19.403  swp=17.4  map=0.0  trunc=1%  pl=0.007  vl=0.829  ent=0.915  kl=0.0512  gn=1.148
  line_20q       319ep | trunc=1%  swp=39.2±48.0  fid=0.0000  rew=+22.11
  ring_20q       310ep | trunc=0%  swp=30.1±32.1  fid=0.0000  rew=+22.85
  grid_5x4_20q   310ep | trunc=0%  swp=14.3±20.1  fid=0.0000  rew=+23.10
step= 29696  rew=+21.948  swp=16.9  map=0.0  trunc=1%  pl=-0.004  vl=0.810  ent=1.232  kl=0.0824  gn=1.085
  line_20q       322ep | trunc=1%  swp=39.2±47.9  fid=0.0000  rew=+22.16
  ring_20q       314ep | trunc=0%  swp=30.0±32.0  fid=0.0000  rew=+22.79
  grid_5x4_20q   313ep | trunc=0%  swp=14.3±20.0  fid=0.0000  rew=+23.18
step= 29952  rew=+21.745  swp=18.8  map=0.1  trunc=1%  pl=0.003  vl=0.638  ent=1.287  kl=0.0639  gn=1.168
  line_20q       327ep | trunc=1%  swp=39.1±47.6  fid=0.0000  rew=+22.17
  ring_20q       318ep | trunc=0%  swp=29.7±31.9  fid=0.0000  rew=+22.67
  grid_5x4_20q   315ep | trunc=0%  swp=14.3±20.0  fid=0.0000  rew=+23.22
step= 30208  rew=+21.038  swp=22.7  map=0.2  trunc=1%  pl=-0.046  vl=0.398  ent=1.297  kl=0.1219  gn=0.708
  line_20q       331ep | trunc=1%  swp=39.3±47.8  fid=0.0000  rew=+22.25
  ring_20q       320ep | trunc=0%  swp=29.6±31.9  fid=0.0000  rew=+22.66
  grid_5x4_20q   320ep | trunc=0%  swp=14.1±19.8  fid=0.0000  rew=+23.15
step= 30464  rew=+20.788  swp=17.6  map=0.3  trunc=1%  pl=-0.001  vl=0.676  ent=0.925  kl=0.0479  gn=0.971
  line_20q       336ep | trunc=1%  swp=39.0±47.5  fid=0.0000  rew=+22.25
  ring_20q       324ep | trunc=0%  swp=29.6±31.8  fid=0.0000  rew=+22.61
  grid_5x4_20q   321ep | trunc=0%  swp=14.1±19.8  fid=0.0000  rew=+23.14
step= 30720  rew=+24.901  swp=22.4  map=0.1  trunc=1%  pl=0.028  vl=0.758  ent=1.200  kl=0.0540  gn=1.114
  line_20q       339ep | trunc=1%  swp=38.9±47.3  fid=0.0000  rew=+22.26
  ring_20q       328ep | trunc=0%  swp=29.4±31.6  fid=0.0000  rew=+22.61
  grid_5x4_20q   325ep | trunc=0%  swp=14.2±19.7  fid=0.0000  rew=+23.31
step= 30976  rew=+27.306  swp=18.5  map=0.1  trunc=0%  pl=0.018  vl=0.762  ent=1.073  kl=0.0362  gn=1.032
  line_20q       341ep | trunc=1%  swp=38.7±47.2  fid=0.0000  rew=+22.23
  ring_20q       335ep | trunc=0%  swp=29.3±31.3  fid=0.0000  rew=+22.69
  grid_5x4_20q   331ep | trunc=0%  swp=14.2±19.6  fid=0.0000  rew=+23.42
step= 31232  rew=+25.373  swp=20.5  map=0.1  trunc=0%  pl=0.024  vl=0.626  ent=1.137  kl=0.1026  gn=1.063
  line_20q       346ep | trunc=1%  swp=38.6±47.0  fid=0.0000  rew=+22.24
  ring_20q       338ep | trunc=0%  swp=29.3±31.3  fid=0.0000  rew=+22.71
  grid_5x4_20q   333ep | trunc=0%  swp=14.2±19.5  fid=0.0000  rew=+23.43
step= 31488  rew=+24.890  swp=26.9  map=0.0  trunc=0%  pl=-0.015  vl=0.477  ent=1.343  kl=0.0894  gn=0.915
  line_20q       352ep | trunc=1%  swp=38.6±46.8  fid=0.0000  rew=+22.29
  ring_20q       339ep | trunc=0%  swp=29.3±31.3  fid=0.0000  rew=+22.69
  grid_5x4_20q   333ep | trunc=0%  swp=14.2±19.5  fid=0.0000  rew=+23.43
step= 31744  rew=+24.090  swp=30.9  map=0.0  trunc=0%  pl=0.014  vl=0.763  ent=1.085  kl=0.0894  gn=0.896
  line_20q       359ep | trunc=1%  swp=38.5±46.5  fid=0.0000  rew=+22.34
  ring_20q       340ep | trunc=0%  swp=29.2±31.3  fid=0.0000  rew=+22.66
  grid_5x4_20q   334ep | trunc=0%  swp=14.2±19.5  fid=0.0000  rew=+23.46
step= 32000  rew=+24.305  swp=23.8  map=0.0  trunc=0%  pl=0.003  vl=0.677  ent=1.176  kl=0.0379  gn=1.017
  line_20q       364ep | trunc=1%  swp=38.3±46.2  fid=0.0000  rew=+22.36
  ring_20q       343ep | trunc=0%  swp=29.2±31.2  fid=0.0000  rew=+22.74
  grid_5x4_20q   338ep | trunc=0%  swp=14.1±19.4  fid=0.0000  rew=+23.41
step= 32256  rew=+22.434  swp=19.6  map=0.0  trunc=0%  pl=0.006  vl=0.468  ent=1.208  kl=0.0638  gn=1.155
  line_20q       370ep | trunc=1%  swp=38.2±46.0  fid=0.0000  rew=+22.32
  ring_20q       345ep | trunc=0%  swp=29.1±31.1  fid=0.0000  rew=+22.71
  grid_5x4_20q   341ep | trunc=0%  swp=14.0±19.3  fid=0.0000  rew=+23.42
step= 32512  rew=+22.806  swp=23.6  map=0.0  trunc=0%  pl=0.021  vl=0.797  ent=1.384  kl=0.0561  gn=0.987
  line_20q       373ep | trunc=1%  swp=38.2±45.9  fid=0.0000  rew=+22.31
  ring_20q       347ep | trunc=0%  swp=29.2±31.0  fid=0.0000  rew=+22.80
  grid_5x4_20q   342ep | trunc=0%  swp=14.0±19.3  fid=0.0000  rew=+23.43
step= 32768  rew=+23.496  swp=24.7  map=0.0  trunc=0%  pl=0.011  vl=0.652  ent=1.158  kl=0.0550  gn=1.120
  line_20q       376ep | trunc=1%  swp=38.3±45.7  fid=0.0000  rew=+22.36
  ring_20q       352ep | trunc=0%  swp=29.1±30.9  fid=0.0000  rew=+22.79
  grid_5x4_20q   348ep | trunc=0%  swp=13.9±19.2  fid=0.0000  rew=+23.34
step= 33024  rew=+17.591  swp=12.4  map=0.0  trunc=0%  pl=0.011  vl=0.375  ent=1.211  kl=0.0206  gn=1.060
  line_20q       380ep | trunc=1%  swp=38.1±45.5  fid=0.0000  rew=+22.35
  ring_20q       359ep | trunc=0%  swp=28.8±30.7  fid=0.0000  rew=+22.69
  grid_5x4_20q   352ep | trunc=0%  swp=13.7±19.1  fid=0.0000  rew=+23.24
step= 33280  rew=+19.998  swp=16.7  map=0.0  trunc=0%  pl=0.023  vl=0.675  ent=1.228  kl=0.0272  gn=0.875
  line_20q       385ep | trunc=1%  swp=38.0±45.3  fid=0.0000  rew=+22.35
  ring_20q       361ep | trunc=0%  swp=28.8±30.7  fid=0.0000  rew=+22.72
  grid_5x4_20q   358ep | trunc=0%  swp=13.7±18.9  fid=0.0000  rew=+23.18
step= 33536  rew=+24.796  swp=19.9  map=0.0  trunc=0%  pl=0.006  vl=0.742  ent=1.534  kl=0.0254  gn=1.032
  line_20q       388ep | trunc=1%  swp=38.0±45.2  fid=0.0000  rew=+22.39
  ring_20q       364ep | trunc=0%  swp=28.8±30.6  fid=0.0000  rew=+22.78
  grid_5x4_20q   362ep | trunc=0%  swp=13.7±18.9  fid=0.0000  rew=+23.29
step= 33792  rew=+21.458  swp=15.8  map=0.0  trunc=0%  pl=-0.001  vl=0.589  ent=1.448  kl=0.0260  gn=1.058
  line_20q       393ep | trunc=1%  swp=37.8±45.0  fid=0.0000  rew=+22.40
  ring_20q       366ep | trunc=0%  swp=28.8±30.5  fid=0.0000  rew=+22.81
  grid_5x4_20q   370ep | trunc=0%  swp=13.6±18.7  fid=0.0000  rew=+23.17
step= 34048  rew=+21.978  swp=19.6  map=0.0  trunc=0%  pl=-0.002  vl=0.638  ent=1.495  kl=0.0278  gn=1.027
  line_20q       395ep | trunc=1%  swp=37.8±44.9  fid=0.0000  rew=+22.40
  ring_20q       371ep | trunc=0%  swp=28.9±30.4  fid=0.0000  rew=+22.89
  grid_5x4_20q   372ep | trunc=0%  swp=13.5±18.7  fid=0.0000  rew=+23.14
step= 34304  rew=+23.282  swp=21.8  map=0.0  trunc=0%  pl=0.014  vl=0.567  ent=1.297  kl=0.0344  gn=0.987
  line_20q       399ep | trunc=1%  swp=37.7±44.8  fid=0.0000  rew=+22.40
  ring_20q       375ep | trunc=0%  swp=28.9±30.3  fid=0.0000  rew=+22.97
  grid_5x4_20q   377ep | trunc=0%  swp=13.4±18.6  fid=0.0000  rew=+23.09
step= 34560  rew=+24.182  swp=18.9  map=0.1  trunc=0%  pl=0.005  vl=0.576  ent=1.352  kl=0.0481  gn=0.951
  line_20q       404ep | trunc=1%  swp=37.4±44.5  fid=0.0000  rew=+22.39
  ring_20q       378ep | trunc=0%  swp=28.9±30.2  fid=0.0000  rew=+23.03
  grid_5x4_20q   383ep | trunc=0%  swp=13.3±18.4  fid=0.0000  rew=+23.05
step= 34816  rew=+19.211  swp=14.2  map=0.0  trunc=0%  pl=-0.011  vl=0.805  ent=1.013  kl=0.1014  gn=0.901
  line_20q       408ep | trunc=1%  swp=37.3±44.4  fid=0.0000  rew=+22.37
  ring_20q       385ep | trunc=0%  swp=28.7±30.0  fid=0.0000  rew=+22.95
  grid_5x4_20q   387ep | trunc=0%  swp=13.2±18.4  fid=0.0000  rew=+23.01
step= 35072  rew=+21.135  swp=17.7  map=0.0  trunc=0%  pl=0.013  vl=0.645  ent=1.282  kl=0.0278  gn=1.112
  line_20q       411ep | trunc=1%  swp=37.3±44.3  fid=0.0000  rew=+22.41
  ring_20q       391ep | trunc=0%  swp=28.6±29.8  fid=0.0000  rew=+22.89
  grid_5x4_20q   390ep | trunc=0%  swp=13.2±18.3  fid=0.0000  rew=+22.99
step= 35328  rew=+23.356  swp=17.4  map=0.1  trunc=0%  pl=-0.022  vl=0.696  ent=1.268  kl=0.0291  gn=0.840
  line_20q       417ep | trunc=1%  swp=37.1±44.0  fid=0.0000  rew=+22.37
  ring_20q       395ep | trunc=0%  swp=28.4±29.7  fid=0.0000  rew=+22.86
  grid_5x4_20q   395ep | trunc=0%  swp=13.2±18.2  fid=0.0000  rew=+23.09
step= 35584  rew=+22.284  swp=19.2  map=0.0  trunc=0%  pl=-0.008  vl=0.601  ent=1.388  kl=0.0257  gn=1.007
  line_20q       420ep | trunc=1%  swp=37.1±43.9  fid=0.0000  rew=+22.43
  ring_20q       399ep | trunc=0%  swp=28.3±29.6  fid=0.0000  rew=+22.78
  grid_5x4_20q   398ep | trunc=0%  swp=13.1±18.2  fid=0.0000  rew=+23.05
step= 35840  rew=+20.419  swp=16.2  map=0.0  trunc=0%  pl=0.004  vl=0.922  ent=1.098  kl=0.0209  gn=1.196
  line_20q       424ep | trunc=1%  swp=36.9±43.8  fid=0.0000  rew=+22.36
  ring_20q       409ep | trunc=0%  swp=28.1±29.4  fid=0.0000  rew=+22.79
  grid_5x4_20q   401ep | trunc=0%  swp=13.1±18.1  fid=0.0000  rew=+23.03
step= 36096  rew=+21.013  swp=11.8  map=0.1  trunc=0%  pl=-0.010  vl=0.622  ent=1.185  kl=0.0176  gn=0.947
  line_20q       432ep | trunc=1%  swp=36.4±43.5  fid=0.0000  rew=+22.26
  ring_20q       411ep | trunc=0%  swp=28.0±29.3  fid=0.0000  rew=+22.77
  grid_5x4_20q   411ep | trunc=0%  swp=13.0±17.9  fid=0.0000  rew=+23.07
step= 36352  rew=+21.864  swp=14.2  map=0.1  trunc=0%  pl=0.016  vl=0.697  ent=1.075  kl=0.0340  gn=0.903
  line_20q       437ep | trunc=1%  swp=36.2±43.3  fid=0.0000  rew=+22.22
  ring_20q       417ep | trunc=0%  swp=27.9±29.1  fid=0.0000  rew=+22.75
  grid_5x4_20q   415ep | trunc=0%  swp=13.0±17.8  fid=0.0000  rew=+23.12
step= 36608  rew=+24.448  swp=16.9  map=0.1  trunc=0%  pl=-0.005  vl=0.545  ent=1.311  kl=0.0193  gn=1.044
  line_20q       440ep | trunc=1%  swp=36.1±43.2  fid=0.0000  rew=+22.23
  ring_20q       422ep | trunc=0%  swp=27.8±29.0  fid=0.0000  rew=+22.77
  grid_5x4_20q   422ep | trunc=0%  swp=12.9±17.7  fid=0.0000  rew=+23.13
step= 36864  rew=+20.960  swp=14.8  map=0.0  trunc=0%  pl=-0.008  vl=0.825  ent=1.365  kl=0.0415  gn=1.048
  line_20q       444ep | trunc=1%  swp=35.9±43.1  fid=0.0000  rew=+22.17
  ring_20q       430ep | trunc=0%  swp=27.7±28.8  fid=0.0000  rew=+22.79
  grid_5x4_20q   424ep | trunc=0%  swp=12.9±17.7  fid=0.0000  rew=+23.09
step= 37120  rew=+20.398  swp=15.3  map=0.1  trunc=0%  pl=-0.011  vl=0.488  ent=1.273  kl=0.0219  gn=1.041
  line_20q       448ep | trunc=1%  swp=35.7±43.0  fid=0.0000  rew=+22.11
  ring_20q       435ep | trunc=0%  swp=27.7±28.8  fid=0.0000  rew=+22.82
  grid_5x4_20q   429ep | trunc=0%  swp=12.8±17.6  fid=0.0000  rew=+23.11
step= 37376  rew=+19.956  swp=12.4  map=0.1  trunc=0%  pl=0.001  vl=0.657  ent=1.314  kl=0.0212  gn=0.942
  line_20q       453ep | trunc=1%  swp=35.5±42.8  fid=0.0000  rew=+22.07
  ring_20q       442ep | trunc=0%  swp=27.5±28.7  fid=0.0000  rew=+22.79
  grid_5x4_20q   435ep | trunc=0%  swp=12.8±17.6  fid=0.0000  rew=+23.09
step= 37632  rew=+21.406  swp=17.4  map=0.1  trunc=0%  pl=-0.001  vl=0.548  ent=1.252  kl=0.0313  gn=1.039
  line_20q       453ep | trunc=1%  swp=35.5±42.8  fid=0.0000  rew=+22.07
  ring_20q       449ep | trunc=0%  swp=27.5±28.5  fid=0.0000  rew=+22.78
  grid_5x4_20q   439ep | trunc=0%  swp=12.8±17.5  fid=0.0000  rew=+23.11
step= 37888  rew=+22.116  swp=17.9  map=0.0  trunc=0%  pl=-0.002  vl=0.559  ent=1.378  kl=0.0584  gn=1.000
  line_20q       456ep | trunc=1%  swp=35.3±42.7  fid=0.0000  rew=+22.06
  ring_20q       454ep | trunc=0%  swp=27.5±28.4  fid=0.0000  rew=+22.73
  grid_5x4_20q   444ep | trunc=0%  swp=12.8±17.4  fid=0.0000  rew=+23.13
step= 38144  rew=+23.616  swp=22.9  map=0.0  trunc=0%  pl=0.001  vl=0.772  ent=1.303  kl=0.0499  gn=0.881
  line_20q       461ep | trunc=1%  swp=35.4±42.6  fid=0.0000  rew=+22.12
  ring_20q       457ep | trunc=0%  swp=27.5±28.3  fid=0.0000  rew=+22.76
  grid_5x4_20q   446ep | trunc=0%  swp=12.7±17.4  fid=0.0000  rew=+23.08
step= 38400  rew=+21.560  swp=16.6  map=0.1  trunc=0%  pl=-0.001  vl=0.549  ent=1.106  kl=0.0193  gn=1.008
  line_20q       466ep | trunc=1%  swp=35.2±42.5  fid=0.0000  rew=+22.10
  ring_20q       461ep | trunc=0%  swp=27.4±28.2  fid=0.0000  rew=+22.75
  grid_5x4_20q   455ep | trunc=0%  swp=12.6±17.2  fid=0.0000  rew=+23.02
step= 38656  rew=+23.152  swp=17.2  map=0.1  trunc=0%  pl=0.014  vl=0.717  ent=1.392  kl=0.0586  gn=1.250
  line_20q       472ep | trunc=1%  swp=35.2±42.3  fid=0.0000  rew=+22.20
  ring_20q       461ep | trunc=0%  swp=27.4±28.2  fid=0.0000  rew=+22.75
  grid_5x4_20q   459ep | trunc=0%  swp=12.6±17.2  fid=0.0000  rew=+22.98
step= 38912  rew=+23.548  swp=21.1  map=0.1  trunc=0%  pl=0.024  vl=0.708  ent=1.166  kl=0.0478  gn=1.057
  line_20q       478ep | trunc=1%  swp=35.0±42.0  fid=0.0000  rew=+22.22
  ring_20q       467ep | trunc=0%  swp=27.2±28.1  fid=0.0000  rew=+22.72
  grid_5x4_20q   462ep | trunc=0%  swp=12.5±17.1  fid=0.0000  rew=+22.97
step= 39168  rew=+22.812  swp=15.3  map=0.0  trunc=0%  pl=0.006  vl=0.634  ent=1.263  kl=0.0421  gn=0.980
  line_20q       484ep | trunc=1%  swp=34.8±41.9  fid=0.0000  rew=+22.20
  ring_20q       470ep | trunc=0%  swp=27.2±28.0  fid=0.0000  rew=+22.74
  grid_5x4_20q   468ep | trunc=0%  swp=12.5±17.0  fid=0.0000  rew=+22.97
step= 39424  rew=+23.779  swp=18.4  map=0.1  trunc=0%  pl=-0.006  vl=0.582  ent=1.319  kl=0.0274  gn=1.045
  line_20q       489ep | trunc=1%  swp=34.9±41.7  fid=0.0000  rew=+22.29
  ring_20q       473ep | trunc=0%  swp=27.1±28.0  fid=0.0000  rew=+22.72
  grid_5x4_20q   474ep | trunc=0%  swp=12.4±16.9  fid=0.0000  rew=+22.96
step= 39680  rew=+20.882  swp=15.7  map=0.1  trunc=0%  pl=0.007  vl=0.487  ent=1.388  kl=0.0277  gn=0.972
  line_20q       491ep | trunc=1%  swp=34.9±41.7  fid=0.0000  rew=+22.27
  ring_20q       478ep | trunc=0%  swp=27.0±27.9  fid=0.0000  rew=+22.70
  grid_5x4_20q   480ep | trunc=0%  swp=12.3±16.9  fid=0.0000  rew=+22.94
step= 39936  rew=+25.473  swp=17.4  map=0.1  trunc=0%  pl=-0.004  vl=0.594  ent=1.421  kl=0.0268  gn=1.129
  line_20q       494ep | trunc=1%  swp=34.9±41.6  fid=0.0000  rew=+22.31
  ring_20q       483ep | trunc=0%  swp=27.0±27.8  fid=0.0000  rew=+22.74
  grid_5x4_20q   485ep | trunc=0%  swp=12.3±16.8  fid=0.0000  rew=+22.97
step= 40192  rew=+23.404  swp=16.1  map=0.1  trunc=0%  pl=-0.010  vl=0.431  ent=1.359  kl=0.0322  gn=1.066
  line_20q       499ep | trunc=1%  swp=34.8±41.4  fid=0.0000  rew=+22.30
  ring_20q       486ep | trunc=0%  swp=26.9±27.7  fid=0.0000  rew=+22.73
  grid_5x4_20q   491ep | trunc=0%  swp=12.3±16.7  fid=0.0000  rew=+23.02
step= 40448  rew=+22.348  swp=18.9  map=0.2  trunc=0%  pl=-0.007  vl=0.495  ent=1.591  kl=0.0570  gn=1.051
  line_20q       502ep | trunc=1%  swp=34.7±41.3  fid=0.0000  rew=+22.29
  ring_20q       488ep | trunc=0%  swp=27.0±27.7  fid=0.0000  rew=+22.75
  grid_5x4_20q   496ep | trunc=0%  swp=12.2±16.6  fid=0.0000  rew=+23.01
step= 40704  rew=+22.523  swp=21.9  map=0.1  trunc=0%  pl=-0.017  vl=0.268  ent=1.501  kl=0.0676  gn=1.008
  line_20q       506ep | trunc=1%  swp=34.8±41.3  fid=0.0000  rew=+22.34
  ring_20q       489ep | trunc=0%  swp=27.0±27.7  fid=0.0000  rew=+22.79
  grid_5x4_20q   505ep | trunc=0%  swp=12.1±16.5  fid=0.0000  rew=+22.93
step= 40960  rew=+22.033  swp=23.1  map=0.1  trunc=0%  pl=-0.011  vl=0.794  ent=1.343  kl=0.0428  gn=1.039
  line_20q       513ep | trunc=1%  swp=34.7±41.0  fid=0.0000  rew=+22.33
  ring_20q       491ep | trunc=0%  swp=27.0±27.6  fid=0.0000  rew=+22.77
  grid_5x4_20q   505ep | trunc=0%  swp=12.1±16.5  fid=0.0000  rew=+22.93
step= 41216  rew=+20.277  swp=12.0  map=0.1  trunc=0%  pl=-0.023  vl=0.492  ent=1.259  kl=0.0552  gn=0.970
  line_20q       520ep | trunc=1%  swp=34.4±40.8  fid=0.0000  rew=+22.30
  ring_20q       494ep | trunc=0%  swp=27.0±27.5  fid=0.0000  rew=+22.77
  grid_5x4_20q   515ep | trunc=0%  swp=12.0±16.4  fid=0.0000  rew=+22.87
step= 41472  rew=+24.290  swp=17.6  map=0.0  trunc=0%  pl=-0.004  vl=0.608  ent=1.074  kl=0.0336  gn=0.833
  line_20q       525ep | trunc=1%  swp=34.3±40.6  fid=0.0000  rew=+22.28
  ring_20q       498ep | trunc=0%  swp=26.9±27.4  fid=0.0000  rew=+22.71
  grid_5x4_20q   520ep | trunc=0%  swp=12.0±16.3  fid=0.0000  rew=+22.96
step= 41728  rew=+23.811  swp=17.2  map=0.2  trunc=0%  pl=0.007  vl=0.540  ent=1.328  kl=0.0367  gn=1.161
  line_20q       525ep | trunc=1%  swp=34.3±40.6  fid=0.0000  rew=+22.28
  ring_20q       502ep | trunc=0%  swp=27.1±27.4  fid=0.0000  rew=+22.83
  grid_5x4_20q   528ep | trunc=0%  swp=11.9±16.2  fid=0.0000  rew=+22.90
step= 41984  rew=+20.903  swp=16.1  map=0.1  trunc=0%  pl=-0.002  vl=0.599  ent=1.279  kl=0.0600  gn=1.041
  line_20q       529ep | trunc=1%  swp=34.4±40.6  fid=0.0000  rew=+22.32
  ring_20q       507ep | trunc=0%  swp=26.9±27.3  fid=0.0000  rew=+22.77
  grid_5x4_20q   532ep | trunc=0%  swp=11.9±16.2  fid=0.0000  rew=+22.88
step= 42240  rew=+21.855  swp=15.6  map=0.1  trunc=0%  pl=-0.010  vl=0.394  ent=1.162  kl=0.0349  gn=0.906
  line_20q       537ep | trunc=1%  swp=34.1±40.4  fid=0.0000  rew=+22.27
  ring_20q       508ep | trunc=0%  swp=26.9±27.3  fid=0.0000  rew=+22.79
  grid_5x4_20q   539ep | trunc=0%  swp=11.8±16.1  fid=0.0000  rew=+22.89
step= 42496  rew=+23.479  swp=18.6  map=0.1  trunc=0%  pl=-0.002  vl=0.432  ent=1.106  kl=0.0250  gn=1.173
  line_20q       540ep | trunc=1%  swp=34.1±40.3  fid=0.0000  rew=+22.27
  ring_20q       513ep | trunc=0%  swp=26.9±27.2  fid=0.0000  rew=+22.82
  grid_5x4_20q   546ep | trunc=0%  swp=11.8±16.0  fid=0.0000  rew=+22.92
step= 42752  rew=+24.922  swp=18.1  map=0.1  trunc=0%  pl=-0.016  vl=0.550  ent=1.248  kl=0.0605  gn=0.947
  line_20q       544ep | trunc=1%  swp=34.0±40.2  fid=0.0000  rew=+22.29
  ring_20q       516ep | trunc=0%  swp=26.9±27.1  fid=0.0000  rew=+22.83
  grid_5x4_20q   550ep | trunc=0%  swp=11.8±15.9  fid=0.0000  rew=+22.95
step= 43008  rew=+20.341  swp=12.9  map=0.1  trunc=0%  pl=0.003  vl=0.565  ent=1.117  kl=0.0632  gn=1.016
  line_20q       550ep | trunc=1%  swp=33.9±40.0  fid=0.0000  rew=+22.24
  ring_20q       519ep | trunc=0%  swp=26.8±27.1  fid=0.0000  rew=+22.81
  grid_5x4_20q   560ep | trunc=0%  swp=11.7±15.8  fid=0.0000  rew=+22.94
step= 43264  rew=+19.785  swp=12.6  map=0.0  trunc=0%  pl=-0.005  vl=0.610  ent=1.118  kl=0.0347  gn=0.985
  line_20q       555ep | trunc=1%  swp=33.7±39.9  fid=0.0000  rew=+22.18
  ring_20q       524ep | trunc=0%  swp=26.8±27.0  fid=0.0000  rew=+22.82
  grid_5x4_20q   568ep | trunc=0%  swp=11.7±15.7  fid=0.0000  rew=+22.91
step= 43520  rew=+23.298  swp=18.7  map=0.0  trunc=0%  pl=0.022  vl=0.743  ent=1.025  kl=0.1076  gn=1.099
  line_20q       560ep | trunc=1%  swp=33.6±39.8  fid=0.0000  rew=+22.18
  ring_20q       527ep | trunc=0%  swp=26.8±26.9  fid=0.0000  rew=+22.84
  grid_5x4_20q   570ep | trunc=0%  swp=11.7±15.7  fid=0.0000  rew=+22.90
step= 43776  rew=+21.770  swp=21.7  map=0.0  trunc=0%  pl=-0.001  vl=0.367  ent=0.906  kl=0.0387  gn=0.833
  line_20q       561ep | trunc=1%  swp=33.7±39.8  fid=0.0000  rew=+22.18
  ring_20q       532ep | trunc=0%  swp=26.8±26.8  fid=0.0000  rew=+22.81
  grid_5x4_20q   575ep | trunc=0%  swp=11.6±15.7  fid=0.0000  rew=+22.88
step= 44032  rew=+22.838  swp=19.4  map=0.0  trunc=0%  pl=-0.005  vl=0.559  ent=0.858  kl=0.0368  gn=0.872
  line_20q       566ep | trunc=1%  swp=33.7±39.7  fid=0.0000  rew=+22.21
  ring_20q       537ep | trunc=0%  swp=26.7±26.7  fid=0.0000  rew=+22.79
  grid_5x4_20q   578ep | trunc=0%  swp=11.6±15.6  fid=0.0000  rew=+22.89
step= 44288  rew=+22.463  swp=19.0  map=0.0  trunc=0%  pl=0.013  vl=0.626  ent=1.128  kl=0.0353  gn=0.969
  line_20q       569ep | trunc=1%  swp=33.6±39.6  fid=0.0000  rew=+22.17
  ring_20q       543ep | trunc=0%  swp=26.7±26.6  fid=0.0000  rew=+22.84
  grid_5x4_20q   581ep | trunc=0%  swp=11.6±15.6  fid=0.0000  rew=+22.88
step= 44544  rew=+24.625  swp=21.4  map=0.1  trunc=0%  pl=0.005  vl=0.535  ent=1.136  kl=0.0305  gn=0.949
  line_20q       573ep | trunc=1%  swp=33.5±39.5  fid=0.0000  rew=+22.18
  ring_20q       547ep | trunc=0%  swp=26.7±26.6  fid=0.0000  rew=+22.90
  grid_5x4_20q   584ep | trunc=0%  swp=11.5±15.6  fid=0.0000  rew=+22.90
step= 44800  rew=+24.217  swp=17.1  map=0.2  trunc=0%  pl=0.000  vl=0.369  ent=1.070  kl=0.0250  gn=0.942
  line_20q       576ep | trunc=1%  swp=33.5±39.5  fid=0.0000  rew=+22.20
  ring_20q       551ep | trunc=0%  swp=26.7±26.5  fid=0.0000  rew=+22.89
  grid_5x4_20q   591ep | trunc=0%  swp=11.5±15.5  fid=0.0000  rew=+22.90
step= 45056  rew=+20.232  swp=15.3  map=0.3  trunc=0%  pl=0.004  vl=0.464  ent=0.802  kl=0.1081  gn=1.064
  line_20q       582ep | trunc=1%  swp=33.4±39.4  fid=0.0000  rew=+22.21
  ring_20q       556ep | trunc=0%  swp=26.6±26.4  fid=0.0000  rew=+22.88
  grid_5x4_20q   596ep | trunc=0%  swp=11.4±15.4  fid=0.0000  rew=+22.86
step= 45312  rew=+20.001  swp=13.7  map=0.3  trunc=0%  pl=-0.003  vl=0.495  ent=0.853  kl=0.0468  gn=1.043
  line_20q       586ep | trunc=1%  swp=33.3±39.3  fid=0.0000  rew=+22.22
  ring_20q       561ep | trunc=0%  swp=26.5±26.3  fid=0.0000  rew=+22.81
  grid_5x4_20q   598ep | trunc=0%  swp=11.5±15.4  fid=0.0000  rew=+22.91
step= 45568  rew=+25.313  swp=18.5  map=0.2  trunc=0%  pl=0.013  vl=0.732  ent=0.801  kl=0.0250  gn=0.935
  line_20q       589ep | trunc=1%  swp=33.4±39.2  fid=0.0000  rew=+22.24
  ring_20q       564ep | trunc=0%  swp=26.5±26.3  fid=0.0000  rew=+22.85
  grid_5x4_20q   605ep | trunc=0%  swp=11.4±15.3  fid=0.0000  rew=+22.92
step= 45824  rew=+21.028  swp=13.8  map=0.0  trunc=0%  pl=-0.010  vl=0.667  ent=0.857  kl=0.0312  gn=0.948
  line_20q       596ep | trunc=1%  swp=33.1±39.1  fid=0.0000  rew=+22.20
  ring_20q       570ep | trunc=0%  swp=26.4±26.2  fid=0.0000  rew=+22.87
  grid_5x4_20q   611ep | trunc=0%  swp=11.4±15.3  fid=0.0000  rew=+22.89
step= 46080  rew=+20.531  swp=13.9  map=0.1  trunc=0%  pl=0.004  vl=0.634  ent=0.980  kl=0.0201  gn=1.074
  line_20q       600ep | trunc=1%  swp=33.0±39.0  fid=0.0000  rew=+22.21
  ring_20q       575ep | trunc=0%  swp=26.4±26.1  fid=0.0000  rew=+22.88
  grid_5x4_20q   616ep | trunc=0%  swp=11.3±15.2  fid=0.0000  rew=+22.88
step= 46336  rew=+20.801  swp=18.6  map=0.1  trunc=0%  pl=0.031  vl=0.512  ent=0.934  kl=0.0387  gn=1.118
  line_20q       602ep | trunc=1%  swp=33.1±38.9  fid=0.0000  rew=+22.25
  ring_20q       582ep | trunc=0%  swp=26.3±26.0  fid=0.0000  rew=+22.77
  grid_5x4_20q   620ep | trunc=0%  swp=11.3±15.2  fid=0.0000  rew=+22.86
step= 46592  rew=+19.458  swp=16.9  map=0.0  trunc=0%  pl=-0.008  vl=0.598  ent=1.116  kl=0.0499  gn=0.963
  line_20q       607ep | trunc=1%  swp=32.9±38.8  fid=0.0000  rew=+22.20
  ring_20q       587ep | trunc=0%  swp=26.3±25.9  fid=0.0000  rew=+22.78
  grid_5x4_20q   624ep | trunc=0%  swp=11.3±15.1  fid=0.0000  rew=+22.88
step= 46848  rew=+22.837  swp=19.1  map=0.1  trunc=0%  pl=-0.022  vl=0.835  ent=1.186  kl=0.1215  gn=1.178
  line_20q       611ep | trunc=1%  swp=32.9±38.7  fid=0.0000  rew=+22.20
  ring_20q       592ep | trunc=0%  swp=26.4±25.9  fid=0.0000  rew=+22.83
  grid_5x4_20q   625ep | trunc=0%  swp=11.3±15.1  fid=0.0000  rew=+22.88
step= 47104  rew=+25.475  swp=23.5  map=0.1  trunc=0%  pl=0.000  vl=0.331  ent=1.193  kl=0.0334  gn=0.847
  line_20q       614ep | trunc=1%  swp=32.9±38.6  fid=0.0000  rew=+22.20
  ring_20q       596ep | trunc=0%  swp=26.3±25.8  fid=0.0000  rew=+22.83
  grid_5x4_20q   628ep | trunc=0%  swp=11.3±15.1  fid=0.0000  rew=+22.91
step= 47360  rew=+18.844  swp=14.1  map=0.1  trunc=0%  pl=-0.004  vl=0.446  ent=1.008  kl=0.0434  gn=1.245
  line_20q       622ep | trunc=1%  swp=32.5±38.5  fid=0.0000  rew=+22.13
  ring_20q       600ep | trunc=0%  swp=26.4±25.8  fid=0.0000  rew=+22.84
  grid_5x4_20q   632ep | trunc=0%  swp=11.2±15.1  fid=0.0000  rew=+22.89
step= 47616  rew=+22.513  swp=18.8  map=0.0  trunc=0%  pl=0.007  vl=0.591  ent=0.984  kl=0.0307  gn=1.048
  line_20q       627ep | trunc=1%  swp=32.5±38.5  fid=0.0000  rew=+22.13
  ring_20q       603ep | trunc=0%  swp=26.3±25.7  fid=0.0000  rew=+22.81
  grid_5x4_20q   638ep | trunc=0%  swp=11.3±15.0  fid=0.0000  rew=+22.93
step= 47872  rew=+23.700  swp=16.9  map=0.0  trunc=0%  pl=-0.021  vl=0.449  ent=0.831  kl=0.0319  gn=1.049
  line_20q       633ep | trunc=1%  swp=32.4±38.3  fid=0.0000  rew=+22.14
  ring_20q       608ep | trunc=0%  swp=26.2±25.7  fid=0.0000  rew=+22.82
  grid_5x4_20q   643ep | trunc=0%  swp=11.2±15.0  fid=0.0000  rew=+22.92
step= 48128  rew=+22.873  swp=16.4  map=0.0  trunc=0%  pl=0.021  vl=0.449  ent=1.091  kl=0.0509  gn=1.068
  line_20q       635ep | trunc=1%  swp=32.4±38.2  fid=0.0000  rew=+22.16
  ring_20q       612ep | trunc=0%  swp=26.2±25.6  fid=0.0000  rew=+22.81
  grid_5x4_20q   646ep | trunc=0%  swp=11.2±14.9  fid=0.0000  rew=+22.93
step= 48384  rew=+24.038  swp=23.1  map=0.0  trunc=0%  pl=0.023  vl=0.618  ent=1.014  kl=0.0617  gn=0.940
  line_20q       642ep | trunc=1%  swp=32.4±38.1  fid=0.0000  rew=+22.18
  ring_20q       614ep | trunc=0%  swp=26.2±25.6  fid=0.0000  rew=+22.85
  grid_5x4_20q   649ep | trunc=0%  swp=11.2±14.9  fid=0.0000  rew=+22.89
step= 48640  rew=+20.409  swp=16.6  map=0.1  trunc=0%  pl=0.000  vl=0.350  ent=0.978  kl=0.0454  gn=1.044
  line_20q       646ep | trunc=1%  swp=32.4±38.1  fid=0.0000  rew=+22.17
  ring_20q       618ep | trunc=0%  swp=26.1±25.5  fid=0.0000  rew=+22.83
  grid_5x4_20q   655ep | trunc=0%  swp=11.2±14.9  fid=0.0000  rew=+22.86
step= 48896  rew=+24.451  swp=21.4  map=0.1  trunc=0%  pl=-0.007  vl=0.751  ent=1.249  kl=0.0592  gn=1.121
  line_20q       650ep | trunc=1%  swp=32.4±38.0  fid=0.0000  rew=+22.16
  ring_20q       621ep | trunc=0%  swp=26.2±25.5  fid=0.0000  rew=+22.93
  grid_5x4_20q   659ep | trunc=0%  swp=11.1±14.8  fid=0.0000  rew=+22.86
step= 49152  rew=+24.647  swp=18.9  map=0.1  trunc=0%  pl=-0.011  vl=0.527  ent=1.155  kl=0.0398  gn=1.025
  line_20q       651ep | trunc=1%  swp=32.3±37.9  fid=0.0000  rew=+22.17
  ring_20q       628ep | trunc=0%  swp=26.2±25.4  fid=0.0000  rew=+22.95
  grid_5x4_20q   664ep | trunc=0%  swp=11.1±14.8  fid=0.0000  rew=+22.83
step= 49408  rew=+22.458  swp=12.9  map=0.1  trunc=0%  pl=0.006  vl=0.481  ent=1.087  kl=0.0254  gn=1.150
  line_20q       655ep | trunc=1%  swp=32.3±37.9  fid=0.0000  rew=+22.16
  ring_20q       632ep | trunc=0%  swp=26.2±25.3  fid=0.0000  rew=+22.93
  grid_5x4_20q   676ep | trunc=0%  swp=11.1±14.7  fid=0.0000  rew=+22.85
step= 49664  rew=+24.318  swp=17.2  map=0.1  trunc=0%  pl=0.015  vl=0.421  ent=1.313  kl=0.0267  gn=1.359
  line_20q       658ep | trunc=1%  swp=32.3±37.8  fid=0.0000  rew=+22.18
  ring_20q       636ep | trunc=0%  swp=26.1±25.2  fid=0.0000  rew=+22.94
  grid_5x4_20q   680ep | trunc=0%  swp=11.1±14.6  fid=0.0000  rew=+22.86
step= 49920  rew=+23.289  swp=19.4  map=0.1  trunc=0%  pl=-0.022  vl=0.162  ent=1.295  kl=0.0220  gn=1.174
  line_20q       662ep | trunc=1%  swp=32.3±37.8  fid=0.0000  rew=+22.20
  ring_20q       641ep | trunc=0%  swp=26.0±25.2  fid=0.0000  rew=+22.92
  grid_5x4_20q   686ep | trunc=0%  swp=11.1±14.6  fid=0.0000  rew=+22.86
step= 50176  rew=+24.886  swp=17.1  map=0.1  trunc=0%  pl=-0.001  vl=0.482  ent=1.255  kl=0.0313  gn=1.221
  line_20q       666ep | trunc=1%  swp=32.3±37.7  fid=0.0000  rew=+22.23
  ring_20q       644ep | trunc=0%  swp=26.0±25.1  fid=0.0000  rew=+22.94
  grid_5x4_20q   690ep | trunc=0%  swp=11.1±14.5  fid=0.0000  rew=+22.90
step= 50432  rew=+24.613  swp=19.9  map=0.1  trunc=0%  pl=-0.006  vl=0.691  ent=1.259  kl=0.0254  gn=0.952
  line_20q       669ep | trunc=1%  swp=32.3±37.7  fid=0.0000  rew=+22.26
  ring_20q       652ep | trunc=0%  swp=25.9±25.0  fid=0.0000  rew=+22.93
  grid_5x4_20q   692ep | trunc=0%  swp=11.1±14.5  fid=0.0000  rew=+22.88
step= 50688  rew=+23.901  swp=20.4  map=0.1  trunc=0%  pl=-0.000  vl=0.295  ent=1.188  kl=0.0288  gn=1.093
  line_20q       675ep | trunc=1%  swp=32.2±37.6  fid=0.0000  rew=+22.27
  ring_20q       655ep | trunc=0%  swp=25.9±25.0  fid=0.0000  rew=+22.93
  grid_5x4_20q   695ep | trunc=0%  swp=11.1±14.5  fid=0.0000  rew=+22.90
step= 50944  rew=+22.529  swp=22.0  map=0.0  trunc=0%  pl=0.008  vl=0.273  ent=1.203  kl=0.0658  gn=0.979
  line_20q       680ep | trunc=1%  swp=32.2±37.5  fid=0.0000  rew=+22.26
  ring_20q       657ep | trunc=0%  swp=25.9±25.0  fid=0.0000  rew=+22.94
  grid_5x4_20q   698ep | trunc=0%  swp=11.0±14.5  fid=0.0000  rew=+22.88
step= 51200  rew=+20.607  swp=17.9  map=0.0  trunc=0%  pl=0.001  vl=0.321  ent=1.246  kl=0.0533  gn=1.006
  line_20q       684ep | trunc=1%  swp=32.2±37.5  fid=0.0000  rew=+22.29
  ring_20q       662ep | trunc=0%  swp=25.9±24.9  fid=0.0000  rew=+22.94
  grid_5x4_20q   701ep | trunc=0%  swp=11.0±14.4  fid=0.0000  rew=+22.86
step= 51456  rew=+19.629  swp=13.4  map=0.0  trunc=0%  pl=0.010  vl=0.705  ent=0.865  kl=0.0160  gn=1.396
  line_20q       688ep | trunc=1%  swp=32.1±37.5  fid=0.0000  rew=+22.25
  ring_20q       669ep | trunc=0%  swp=25.8±24.8  fid=0.0000  rew=+22.91
  grid_5x4_20q   706ep | trunc=0%  swp=11.0±14.4  fid=0.0000  rew=+22.86
step= 51712  rew=+20.203  swp=20.1  map=0.1  trunc=0%  pl=-0.000  vl=0.425  ent=1.177  kl=0.0208  gn=1.424
  line_20q       693ep | trunc=1%  swp=32.1±37.4  fid=0.0000  rew=+22.27
  ring_20q       673ep | trunc=0%  swp=25.7±24.8  fid=0.0000  rew=+22.90
  grid_5x4_20q   708ep | trunc=0%  swp=11.0±14.4  fid=0.0000  rew=+22.84
step= 51968  rew=+21.113  swp=15.1  map=0.2  trunc=0%  pl=-0.001  vl=0.414  ent=1.222  kl=0.0346  gn=1.059
  line_20q       695ep | trunc=1%  swp=32.1±37.4  fid=0.0000  rew=+22.29
  ring_20q       677ep | trunc=0%  swp=25.7±24.7  fid=0.0000  rew=+22.91
  grid_5x4_20q   715ep | trunc=0%  swp=10.9±14.3  fid=0.0000  rew=+22.82
step= 52224  rew=+23.742  swp=15.9  map=0.1  trunc=0%  pl=0.002  vl=0.565  ent=1.052  kl=0.0209  gn=1.289
  line_20q       702ep | trunc=1%  swp=32.0±37.3  fid=0.0000  rew=+22.27
  ring_20q       680ep | trunc=0%  swp=25.7±24.7  fid=0.0000  rew=+22.94
  grid_5x4_20q   720ep | trunc=0%  swp=10.9±14.3  fid=0.0000  rew=+22.82
step= 52480  rew=+21.892  swp=14.1  map=0.1  trunc=0%  pl=0.006  vl=0.598  ent=1.025  kl=0.0274  gn=1.121
  line_20q       703ep | trunc=1%  swp=32.0±37.2  fid=0.0000  rew=+22.27
  ring_20q       691ep | trunc=0%  swp=25.6±24.6  fid=0.0000  rew=+22.90
  grid_5x4_20q   725ep | trunc=0%  swp=10.9±14.2  fid=0.0000  rew=+22.80
step= 52736  rew=+21.322  swp=14.7  map=0.1  trunc=0%  pl=0.015  vl=0.593  ent=0.958  kl=0.0455  gn=1.119
  line_20q       712ep | trunc=1%  swp=31.8±37.1  fid=0.0000  rew=+22.24
  ring_20q       694ep | trunc=0%  swp=25.6±24.5  fid=0.0000  rew=+22.92
  grid_5x4_20q   729ep | trunc=0%  swp=10.8±14.2  fid=0.0000  rew=+22.77
step= 52992  rew=+21.017  swp=19.4  map=0.0  trunc=0%  pl=0.002  vl=0.233  ent=1.439  kl=0.0357  gn=1.114
  line_20q       716ep | trunc=1%  swp=31.9±37.1  fid=0.0000  rew=+22.27
  ring_20q       697ep | trunc=0%  swp=25.5±24.5  fid=0.0000  rew=+22.89
  grid_5x4_20q   732ep | trunc=0%  swp=10.8±14.2  fid=0.0000  rew=+22.78
step= 53248  rew=+22.924  swp=22.6  map=0.0  trunc=0%  pl=0.006  vl=0.210  ent=1.158  kl=0.0326  gn=1.039
  line_20q       719ep | trunc=1%  swp=31.9±37.0  fid=0.0000  rew=+22.28
  ring_20q       700ep | trunc=0%  swp=25.5±24.4  fid=0.0000  rew=+22.90
  grid_5x4_20q   738ep | trunc=0%  swp=10.8±14.1  fid=0.0000  rew=+22.74
step= 53504  rew=+24.851  swp=19.8  map=0.1  trunc=0%  pl=0.001  vl=0.393  ent=1.044  kl=0.0235  gn=0.994
  line_20q       723ep | trunc=1%  swp=31.8±36.9  fid=0.0000  rew=+22.31
  ring_20q       707ep | trunc=0%  swp=25.5±24.4  fid=0.0000  rew=+22.94
  grid_5x4_20q   740ep | trunc=0%  swp=10.8±14.1  fid=0.0000  rew=+22.74
step= 53760  rew=+23.179  swp=19.1  map=0.1  trunc=0%  pl=0.008  vl=0.477  ent=1.250  kl=0.0279  gn=1.095
  line_20q       727ep | trunc=1%  swp=31.8±36.9  fid=0.0000  rew=+22.32
  ring_20q       710ep | trunc=0%  swp=25.5±24.3  fid=0.0000  rew=+22.94
  grid_5x4_20q   744ep | trunc=0%  swp=10.8±14.1  fid=0.0000  rew=+22.73
step= 54016  rew=+23.295  swp=23.1  map=0.1  trunc=0%  pl=0.007  vl=0.549  ent=1.001  kl=0.0194  gn=0.988
  line_20q       732ep | trunc=1%  swp=31.8±36.8  fid=0.0000  rew=+22.32
  ring_20q       715ep | trunc=0%  swp=25.5±24.3  fid=0.0000  rew=+22.94
  grid_5x4_20q   745ep | trunc=0%  swp=10.8±14.1  fid=0.0000  rew=+22.74
step= 54272  rew=+21.166  swp=20.6  map=0.1  trunc=0%  pl=0.000  vl=0.295  ent=1.306  kl=0.0322  gn=1.069
  line_20q       737ep | trunc=1%  swp=31.8±36.8  fid=0.0000  rew=+22.31
  ring_20q       720ep | trunc=0%  swp=25.4±24.2  fid=0.0000  rew=+22.94
  grid_5x4_20q   747ep | trunc=0%  swp=10.8±14.1  fid=0.0000  rew=+22.72
step= 54528  rew=+23.566  swp=21.6  map=0.0  trunc=0%  pl=0.000  vl=0.413  ent=1.140  kl=0.0348  gn=0.867
  line_20q       741ep | trunc=1%  swp=31.6±36.7  fid=0.0000  rew=+22.27
  ring_20q       724ep | trunc=0%  swp=25.5±24.2  fid=0.0000  rew=+22.98
  grid_5x4_20q   751ep | trunc=0%  swp=10.7±14.0  fid=0.0000  rew=+22.73
step= 54784  rew=+21.952  swp=19.1  map=0.1  trunc=0%  pl=-0.008  vl=0.441  ent=1.058  kl=0.0192  gn=0.991
  line_20q       747ep | trunc=1%  swp=31.6±36.6  fid=0.0000  rew=+22.27
  ring_20q       728ep | trunc=0%  swp=25.5±24.1  fid=0.0000  rew=+22.96
  grid_5x4_20q   754ep | trunc=0%  swp=10.7±14.0  fid=0.0000  rew=+22.72
step= 55040  rew=+20.543  swp=14.3  map=0.1  trunc=0%  pl=-0.007  vl=0.355  ent=0.971  kl=0.0208  gn=0.843
  line_20q       754ep | trunc=1%  swp=31.4±36.5  fid=0.0000  rew=+22.20
  ring_20q       731ep | trunc=0%  swp=25.5±24.1  fid=0.0000  rew=+22.99
  grid_5x4_20q   762ep | trunc=0%  swp=10.7±13.9  fid=0.0000  rew=+22.71
step= 55296  rew=+23.744  swp=18.4  map=0.0  trunc=0%  pl=0.009  vl=0.507  ent=0.889  kl=0.0762  gn=0.860
  line_20q       760ep | trunc=1%  swp=31.4±36.4  fid=0.0000  rew=+22.22
  ring_20q       735ep | trunc=0%  swp=25.5±24.1  fid=0.0000  rew=+22.97
  grid_5x4_20q   766ep | trunc=0%  swp=10.7±13.9  fid=0.0000  rew=+22.74
step= 55552  rew=+22.797  swp=17.0  map=0.1  trunc=0%  pl=0.002  vl=0.449  ent=1.227  kl=0.0329  gn=1.043
  line_20q       763ep | trunc=1%  swp=31.4±36.3  fid=0.0000  rew=+22.23
  ring_20q       737ep | trunc=0%  swp=25.5±24.0  fid=0.0000  rew=+23.00
  grid_5x4_20q   770ep | trunc=0%  swp=10.7±13.9  fid=0.0000  rew=+22.70
step= 55808  rew=+24.108  swp=20.9  map=0.1  trunc=0%  pl=-0.001  vl=0.575  ent=0.915  kl=0.0346  gn=1.255
  line_20q       768ep | trunc=1%  swp=31.4±36.2  fid=0.0000  rew=+22.27
  ring_20q       741ep | trunc=0%  swp=25.4±24.0  fid=0.0000  rew=+22.98
  grid_5x4_20q   777ep | trunc=0%  swp=10.6±13.8  fid=0.0000  rew=+22.70
step= 56064  rew=+23.662  swp=18.9  map=0.0  trunc=0%  pl=0.012  vl=0.256  ent=1.098  kl=0.0299  gn=1.123
  line_20q       773ep | trunc=1%  swp=31.3±36.2  fid=0.0000  rew=+22.29
  ring_20q       744ep | trunc=0%  swp=25.4±23.9  fid=0.0000  rew=+22.97
  grid_5x4_20q   782ep | trunc=0%  swp=10.7±13.8  fid=0.0000  rew=+22.75
step= 56320  rew=+21.573  swp=14.8  map=0.0  trunc=0%  pl=0.006  vl=0.443  ent=0.790  kl=0.0355  gn=1.231
  line_20q       778ep | trunc=1%  swp=31.2±36.1  fid=0.0000  rew=+22.27
  ring_20q       750ep | trunc=0%  swp=25.3±23.9  fid=0.0000  rew=+22.94
  grid_5x4_20q   787ep | trunc=0%  swp=10.7±13.8  fid=0.0000  rew=+22.74
step= 56576  rew=+23.618  swp=20.9  map=0.0  trunc=0%  pl=0.015  vl=0.619  ent=0.973  kl=0.0463  gn=1.290
  line_20q       782ep | trunc=1%  swp=31.2±36.0  fid=0.0000  rew=+22.28
  ring_20q       754ep | trunc=0%  swp=25.3±23.8  fid=0.0000  rew=+22.96
  grid_5x4_20q   789ep | trunc=0%  swp=10.7±13.8  fid=0.0000  rew=+22.73
step= 56832  rew=+23.409  swp=18.4  map=0.1  trunc=0%  pl=0.002  vl=0.499  ent=0.955  kl=0.0282  gn=1.080
  line_20q       786ep | trunc=1%  swp=31.1±35.9  fid=0.0000  rew=+22.24
  ring_20q       760ep | trunc=0%  swp=25.3±23.8  fid=0.0000  rew=+22.97
  grid_5x4_20q   795ep | trunc=0%  swp=10.7±13.7  fid=0.0000  rew=+22.76
step= 57088  rew=+22.752  swp=17.8  map=0.0  trunc=0%  pl=0.010  vl=0.376  ent=1.205  kl=0.0528  gn=1.077
  line_20q       790ep | trunc=1%  swp=31.1±35.9  fid=0.0000  rew=+22.26
  ring_20q       763ep | trunc=0%  swp=25.3±23.8  fid=0.0000  rew=+22.99
  grid_5x4_20q   799ep | trunc=0%  swp=10.6±13.7  fid=0.0000  rew=+22.76
step= 57344  rew=+22.359  swp=22.4  map=0.0  trunc=0%  pl=0.010  vl=0.405  ent=0.901  kl=0.0944  gn=1.166
  line_20q       792ep | trunc=1%  swp=31.2±35.9  fid=0.0000  rew=+22.28
  ring_20q       773ep | trunc=0%  swp=25.2±23.7  fid=0.0000  rew=+22.91
  grid_5x4_20q   799ep | trunc=0%  swp=10.6±13.7  fid=0.0000  rew=+22.76
step= 57600  rew=+21.817  swp=15.4  map=0.0  trunc=0%  pl=0.034  vl=0.437  ent=0.882  kl=0.0445  gn=1.160
  line_20q       799ep | trunc=1%  swp=31.1±35.8  fid=0.0000  rew=+22.27
  ring_20q       776ep | trunc=0%  swp=25.2±23.7  fid=0.0000  rew=+22.92
  grid_5x4_20q   803ep | trunc=0%  swp=10.6±13.7  fid=0.0000  rew=+22.79
step= 57856  rew=+20.775  swp=14.7  map=0.1  trunc=0%  pl=0.014  vl=0.464  ent=0.714  kl=0.0257  gn=1.192
  line_20q       805ep | trunc=0%  swp=30.9±35.7  fid=0.0000  rew=+22.24
  ring_20q       782ep | trunc=0%  swp=25.1±23.6  fid=0.0000  rew=+22.91
  grid_5x4_20q   807ep | trunc=0%  swp=10.6±13.6  fid=0.0000  rew=+22.79
step= 58112  rew=+24.324  swp=17.9  map=0.2  trunc=0%  pl=0.015  vl=0.360  ent=1.138  kl=0.0616  gn=1.140
  line_20q       806ep | trunc=0%  swp=30.9±35.7  fid=0.0000  rew=+22.23
  ring_20q       791ep | trunc=0%  swp=25.1±23.6  fid=0.0000  rew=+22.95
  grid_5x4_20q   810ep | trunc=0%  swp=10.6±13.6  fid=0.0000  rew=+22.79
step= 58368  rew=+21.240  swp=13.8  map=0.1  trunc=0%  pl=0.008  vl=0.561  ent=1.051  kl=0.0416  gn=1.453
  line_20q       812ep | trunc=0%  swp=30.8±35.6  fid=0.0000  rew=+22.18
  ring_20q       795ep | trunc=0%  swp=25.1±23.5  fid=0.0000  rew=+22.94
  grid_5x4_20q   814ep | trunc=0%  swp=10.7±13.6  fid=0.0000  rew=+22.86
step= 58624  rew=+22.452  swp=19.2  map=0.1  trunc=0%  pl=-0.004  vl=0.339  ent=0.980  kl=0.0335  gn=1.132
  line_20q       819ep | trunc=0%  swp=30.7±35.5  fid=0.0000  rew=+22.15
  ring_20q       797ep | trunc=0%  swp=25.1±23.6  fid=0.0000  rew=+22.93
  grid_5x4_20q   818ep | trunc=0%  swp=10.7±13.6  fid=0.0000  rew=+22.85
step= 58880  rew=+22.196  swp=13.9  map=0.2  trunc=0%  pl=-0.009  vl=0.369  ent=0.910  kl=0.0531  gn=1.055
  line_20q       824ep | trunc=0%  swp=30.6±35.4  fid=0.0000  rew=+22.15
  ring_20q       799ep | trunc=0%  swp=25.1±23.6  fid=0.0000  rew=+22.94
  grid_5x4_20q   825ep | trunc=0%  swp=10.6±13.5  fid=0.0000  rew=+22.86
step= 59136  rew=+24.260  swp=17.5  map=0.0  trunc=0%  pl=-0.020  vl=0.236  ent=1.149  kl=0.0408  gn=0.810
  line_20q       826ep | trunc=0%  swp=30.7±35.5  fid=0.0000  rew=+22.19
  ring_20q       803ep | trunc=0%  swp=25.1±23.5  fid=0.0000  rew=+22.93
  grid_5x4_20q   830ep | trunc=0%  swp=10.6±13.5  fid=0.0000  rew=+22.86
step= 59392  rew=+23.859  swp=15.7  map=0.1  trunc=0%  pl=0.001  vl=0.346  ent=1.002  kl=0.0232  gn=0.988
  line_20q       829ep | trunc=0%  swp=30.7±35.4  fid=0.0000  rew=+22.18
  ring_20q       809ep | trunc=0%  swp=25.1±23.5  fid=0.0000  rew=+22.95
  grid_5x4_20q   836ep | trunc=0%  swp=10.6±13.5  fid=0.0000  rew=+22.87
step= 59648  rew=+25.426  swp=20.6  map=0.1  trunc=0%  pl=-0.005  vl=0.440  ent=0.996  kl=0.0554  gn=0.988
  line_20q       832ep | trunc=0%  swp=30.7±35.4  fid=0.0000  rew=+22.22
  ring_20q       812ep | trunc=0%  swp=25.1±23.5  fid=0.0000  rew=+22.97
  grid_5x4_20q   839ep | trunc=0%  swp=10.6±13.5  fid=0.0000  rew=+22.88
step= 59904  rew=+28.528  swp=26.8  map=0.1  trunc=0%  pl=0.002  vl=0.319  ent=1.232  kl=0.0251  gn=1.182
  line_20q       833ep | trunc=0%  swp=30.7±35.3  fid=0.0000  rew=+22.22
  ring_20q       817ep | trunc=0%  swp=25.2±23.4  fid=0.0000  rew=+23.03
  grid_5x4_20q   843ep | trunc=0%  swp=10.6±13.4  fid=0.0000  rew=+22.87
step= 60160  rew=+27.795  swp=27.2  map=0.1  trunc=0%  pl=-0.007  vl=0.502  ent=0.972  kl=0.0583  gn=1.256
  line_20q       836ep | trunc=0%  swp=30.7±35.3  fid=0.0000  rew=+22.24
  ring_20q       820ep | trunc=0%  swp=25.2±23.4  fid=0.0000  rew=+23.05
  grid_5x4_20q   845ep | trunc=0%  swp=10.6±13.4  fid=0.0000  rew=+22.87
step= 60416  rew=+23.580  swp=19.4  map=0.1  trunc=0%  pl=0.004  vl=0.529  ent=0.773  kl=0.0168  gn=1.250
  line_20q       840ep | trunc=0%  swp=30.7±35.2  fid=0.0000  rew=+22.24
  ring_20q       827ep | trunc=0%  swp=25.2±23.3  fid=0.0000  rew=+23.05
  grid_5x4_20q   849ep | trunc=0%  swp=10.6±13.4  fid=0.0000  rew=+22.88
step= 60672  rew=+22.011  swp=14.6  map=0.1  trunc=0%  pl=0.004  vl=0.403  ent=0.937  kl=0.0153  gn=1.332
  line_20q       844ep | trunc=0%  swp=30.7±35.2  fid=0.0000  rew=+22.25
  ring_20q       833ep | trunc=0%  swp=25.1±23.3  fid=0.0000  rew=+23.02
  grid_5x4_20q   856ep | trunc=0%  swp=10.6±13.3  fid=0.0000  rew=+22.88
step= 60928  rew=+22.237  swp=14.0  map=0.1  trunc=0%  pl=0.001  vl=0.230  ent=0.973  kl=0.0209  gn=1.066
  line_20q       846ep | trunc=0%  swp=30.6±35.1  fid=0.0000  rew=+22.23
  ring_20q       838ep | trunc=0%  swp=25.1±23.3  fid=0.0000  rew=+23.03
  grid_5x4_20q   864ep | trunc=0%  swp=10.5±13.3  fid=0.0000  rew=+22.88
step= 61184  rew=+22.277  swp=17.2  map=0.0  trunc=0%  pl=0.030  vl=0.411  ent=0.875  kl=0.0589  gn=1.026
  line_20q       854ep | trunc=0%  swp=30.6±35.0  fid=0.0000  rew=+22.27
  ring_20q       841ep | trunc=0%  swp=25.0±23.2  fid=0.0000  rew=+22.99
  grid_5x4_20q   869ep | trunc=0%  swp=10.5±13.3  fid=0.0000  rew=+22.85
step= 61440  rew=+19.957  swp=12.8  map=0.2  trunc=0%  pl=-0.009  vl=0.201  ent=0.984  kl=0.0243  gn=1.046
  line_20q       856ep | trunc=0%  swp=30.6±35.0  fid=0.0000  rew=+22.27
  ring_20q       849ep | trunc=0%  swp=24.9±23.2  fid=0.0000  rew=+22.98
  grid_5x4_20q   874ep | trunc=0%  swp=10.5±13.2  fid=0.0000  rew=+22.85
step= 61696  rew=+21.204  swp=21.1  map=0.0  trunc=0%  pl=0.010  vl=0.460  ent=1.111  kl=0.0680  gn=1.202
  line_20q       857ep | trunc=0%  swp=30.6±35.0  fid=0.0000  rew=+22.29
  ring_20q       857ep | trunc=0%  swp=24.9±23.1  fid=0.0000  rew=+22.97
  grid_5x4_20q   874ep | trunc=0%  swp=10.5±13.2  fid=0.0000  rew=+22.85
step= 61952  rew=+25.992  swp=28.7  map=0.0  trunc=0%  pl=-0.004  vl=0.225  ent=1.055  kl=0.0219  gn=0.891
  line_20q       862ep | trunc=0%  swp=30.6±34.9  fid=0.0000  rew=+22.30
  ring_20q       859ep | trunc=0%  swp=25.0±23.1  fid=0.0000  rew=+22.99
  grid_5x4_20q   877ep | trunc=0%  swp=10.5±13.2  fid=0.0000  rew=+22.87
step= 62208  rew=+24.925  swp=25.6  map=0.0  trunc=0%  pl=0.016  vl=0.414  ent=1.046  kl=0.0654  gn=1.241
  line_20q       865ep | trunc=0%  swp=30.7±34.9  fid=0.0000  rew=+22.33
  ring_20q       864ep | trunc=0%  swp=24.9±23.1  fid=0.0000  rew=+22.97
  grid_5x4_20q   878ep | trunc=0%  swp=10.5±13.2  fid=0.0000  rew=+22.86
step= 62464  rew=+21.008  swp=15.9  map=0.0  trunc=0%  pl=0.024  vl=0.579  ent=0.845  kl=0.0505  gn=1.413
  line_20q       868ep | trunc=0%  swp=30.6±34.9  fid=0.0000  rew=+22.30
  ring_20q       873ep | trunc=0%  swp=24.8±23.0  fid=0.0000  rew=+22.94
  grid_5x4_20q   884ep | trunc=0%  swp=10.5±13.2  fid=0.0000  rew=+22.87
step= 62720  rew=+22.856  swp=17.2  map=0.1  trunc=0%  pl=-0.004  vl=0.364  ent=1.096  kl=0.0436  gn=1.487
  line_20q       871ep | trunc=0%  swp=30.6±34.8  fid=0.0000  rew=+22.34
  ring_20q       875ep | trunc=0%  swp=24.8±23.0  fid=0.0000  rew=+22.94
  grid_5x4_20q   889ep | trunc=0%  swp=10.5±13.1  fid=0.0000  rew=+22.85
step= 62976  rew=+25.683  swp=23.2  map=0.1  trunc=0%  pl=-0.013  vl=0.336  ent=1.182  kl=0.0440  gn=1.064
  line_20q       874ep | trunc=0%  swp=30.6±34.8  fid=0.0000  rew=+22.35
  ring_20q       880ep | trunc=0%  swp=24.9±22.9  fid=0.0000  rew=+22.97
  grid_5x4_20q   890ep | trunc=0%  swp=10.5±13.1  fid=0.0000  rew=+22.85
step= 63232  rew=+23.378  swp=19.2  map=0.0  trunc=0%  pl=0.005  vl=0.460  ent=0.840  kl=0.0283  gn=0.967
  line_20q       881ep | trunc=0%  swp=30.6±34.7  fid=0.0000  rew=+22.37
  ring_20q       883ep | trunc=0%  swp=24.8±22.9  fid=0.0000  rew=+22.95
  grid_5x4_20q   893ep | trunc=0%  swp=10.5±13.1  fid=0.0000  rew=+22.86
step= 63488  rew=+22.767  swp=16.6  map=0.0  trunc=0%  pl=-0.010  vl=0.319  ent=0.921  kl=0.0290  gn=1.112
  line_20q       886ep | trunc=0%  swp=30.5±34.6  fid=0.0000  rew=+22.37
  ring_20q       886ep | trunc=0%  swp=24.8±22.9  fid=0.0000  rew=+22.94
  grid_5x4_20q   901ep | trunc=0%  swp=10.4±13.1  fid=0.0000  rew=+22.85
step= 63744  rew=+21.882  swp=18.2  map=0.0  trunc=0%  pl=0.023  vl=0.351  ent=1.218  kl=0.0498  gn=1.110
  line_20q       892ep | trunc=0%  swp=30.5±34.5  fid=0.0000  rew=+22.38
  ring_20q       890ep | trunc=0%  swp=24.8±22.8  fid=0.0000  rew=+22.92
  grid_5x4_20q   903ep | trunc=0%  swp=10.4±13.1  fid=0.0000  rew=+22.87
step= 64000  rew=+22.083  swp=17.5  map=0.1  trunc=0%  pl=-0.000  vl=0.417  ent=1.141  kl=0.0336  gn=1.096
  line_20q       896ep | trunc=0%  swp=30.5±34.5  fid=0.0000  rew=+22.37
  ring_20q       896ep | trunc=0%  swp=24.7±22.8  fid=0.0000  rew=+22.88
  grid_5x4_20q   910ep | trunc=0%  swp=10.4±13.0  fid=0.0000  rew=+22.87
step= 64256  rew=+22.533  swp=15.6  map=0.1  trunc=0%  pl=-0.031  vl=0.454  ent=1.339  kl=0.0494  gn=0.989
  line_20q       901ep | trunc=0%  swp=30.5±34.4  fid=0.0000  rew=+22.39
  ring_20q       900ep | trunc=0%  swp=24.7±22.8  fid=0.0000  rew=+22.88
  grid_5x4_20q   913ep | trunc=0%  swp=10.4±13.0  fid=0.0000  rew=+22.86
step= 64512  rew=+24.279  swp=21.9  map=0.0  trunc=0%  pl=0.020  vl=0.333  ent=1.116  kl=0.0357  gn=1.071
  line_20q       907ep | trunc=0%  swp=30.5±34.3  fid=0.0000  rew=+22.41
  ring_20q       903ep | trunc=0%  swp=24.7±22.8  fid=0.0000  rew=+22.88
  grid_5x4_20q   915ep | trunc=0%  swp=10.4±13.0  fid=0.0000  rew=+22.88
step= 64768  rew=+24.055  swp=21.1  map=0.0  trunc=0%  pl=0.002  vl=0.225  ent=1.204  kl=0.0649  gn=1.137
  line_20q       909ep | trunc=0%  swp=30.5±34.3  fid=0.0000  rew=+22.42
  ring_20q       908ep | trunc=0%  swp=24.7±22.7  fid=0.0000  rew=+22.89
  grid_5x4_20q   920ep | trunc=0%  swp=10.4±13.0  fid=0.0000  rew=+22.85
step= 65024  rew=+24.550  swp=24.9  map=0.1  trunc=0%  pl=-0.011  vl=0.294  ent=1.450  kl=0.0517  gn=1.255
  line_20q       913ep | trunc=0%  swp=30.6±34.3  fid=0.0000  rew=+22.48
  ring_20q       910ep | trunc=0%  swp=24.7±22.7  fid=0.0000  rew=+22.89
  grid_5x4_20q   922ep | trunc=0%  swp=10.4±13.0  fid=0.0000  rew=+22.84
step= 65280  rew=+25.010  swp=24.8  map=0.1  trunc=0%  pl=-0.003  vl=0.321  ent=1.243  kl=0.0404  gn=1.307
  line_20q       917ep | trunc=0%  swp=30.6±34.2  fid=0.0000  rew=+22.49
  ring_20q       913ep | trunc=0%  swp=24.7±22.7  fid=0.0000  rew=+22.88
  grid_5x4_20q   927ep | trunc=0%  swp=10.4±12.9  fid=0.0000  rew=+22.85
step= 65536  rew=+17.963  swp=12.9  map=0.0  trunc=0%  pl=0.015  vl=0.352  ent=0.985  kl=0.0245  gn=1.133
  line_20q       925ep | trunc=0%  swp=30.4±34.1  fid=0.0000  rew=+22.43
  ring_20q       916ep | trunc=0%  swp=24.7±22.7  fid=0.0000  rew=+22.89
  grid_5x4_20q   934ep | trunc=0%  swp=10.3±12.9  fid=0.0000  rew=+22.81
step= 65792  rew=+22.814  swp=20.8  map=0.0  trunc=0%  pl=-0.005  vl=0.429  ent=1.312  kl=0.0323  gn=1.004
  line_20q       929ep | trunc=0%  swp=30.5±34.1  fid=0.0000  rew=+22.48
  ring_20q       917ep | trunc=0%  swp=24.7±22.7  fid=0.0000  rew=+22.91
  grid_5x4_20q   938ep | trunc=0%  swp=10.3±12.9  fid=0.0000  rew=+22.80
step= 66048  rew=+21.801  swp=15.6  map=0.1  trunc=0%  pl=-0.004  vl=0.446  ent=1.042  kl=0.0212  gn=1.153
  line_20q       933ep | trunc=0%  swp=30.4±34.0  fid=0.0000  rew=+22.46
  ring_20q       922ep | trunc=0%  swp=24.7±22.6  fid=0.0000  rew=+22.89
  grid_5x4_20q   944ep | trunc=0%  swp=10.3±12.8  fid=0.0000  rew=+22.81
step= 66304  rew=+23.481  swp=19.9  map=0.1  trunc=0%  pl=0.002  vl=0.576  ent=1.043  kl=0.0239  gn=1.266
  line_20q       937ep | trunc=0%  swp=30.4±34.0  fid=0.0000  rew=+22.47
  ring_20q       928ep | trunc=0%  swp=24.7±22.6  fid=0.0000  rew=+22.93
  grid_5x4_20q   947ep | trunc=0%  swp=10.3±12.8  fid=0.0000  rew=+22.81
step= 66560  rew=+23.997  swp=21.4  map=0.0  trunc=0%  pl=0.021  vl=0.594  ent=1.160  kl=0.0282  gn=0.986
  line_20q       940ep | trunc=0%  swp=30.4±33.9  fid=0.0000  rew=+22.48
  ring_20q       932ep | trunc=0%  swp=24.7±22.6  fid=0.0000  rew=+22.95
  grid_5x4_20q   949ep | trunc=0%  swp=10.3±12.8  fid=0.0000  rew=+22.80
step= 66816  rew=+22.605  swp=17.6  map=0.0  trunc=0%  pl=-0.003  vl=0.469  ent=0.889  kl=0.0209  gn=1.054
  line_20q       946ep | trunc=0%  swp=30.3±33.9  fid=0.0000  rew=+22.44
  ring_20q       937ep | trunc=0%  swp=24.7±22.5  fid=0.0000  rew=+22.98
  grid_5x4_20q   954ep | trunc=0%  swp=10.3±12.8  fid=0.0000  rew=+22.80
step= 67072  rew=+23.921  swp=16.5  map=0.1  trunc=0%  pl=-0.008  vl=0.272  ent=1.094  kl=0.0329  gn=1.161
  line_20q       948ep | trunc=0%  swp=30.3±33.8  fid=0.0000  rew=+22.45
  ring_20q       942ep | trunc=0%  swp=24.7±22.5  fid=0.0000  rew=+22.96
  grid_5x4_20q   958ep | trunc=0%  swp=10.3±12.8  fid=0.0000  rew=+22.82
step= 67328  rew=+22.536  swp=17.3  map=0.1  trunc=0%  pl=0.008  vl=0.500  ent=0.915  kl=0.0274  gn=0.977
  line_20q       954ep | trunc=0%  swp=30.2±33.8  fid=0.0000  rew=+22.44
  ring_20q       950ep | trunc=0%  swp=24.7±22.4  fid=0.0000  rew=+22.98
  grid_5x4_20q   960ep | trunc=0%  swp=10.3±12.8  fid=0.0000  rew=+22.81
step= 67584  rew=+22.911  swp=17.6  map=0.1  trunc=0%  pl=0.005  vl=0.349  ent=0.968  kl=0.0240  gn=1.068
  line_20q       959ep | trunc=0%  swp=30.1±33.7  fid=0.0000  rew=+22.40
  ring_20q       956ep | trunc=0%  swp=24.7±22.4  fid=0.0000  rew=+22.99
  grid_5x4_20q   964ep | trunc=0%  swp=10.3±12.7  fid=0.0000  rew=+22.83
step= 67840  rew=+23.969  swp=14.7  map=0.0  trunc=0%  pl=0.009  vl=0.398  ent=1.076  kl=0.0249  gn=1.049
  line_20q       961ep | trunc=0%  swp=30.1±33.7  fid=0.0000  rew=+22.38
  ring_20q       960ep | trunc=0%  swp=24.7±22.4  fid=0.0000  rew=+23.01
  grid_5x4_20q   976ep | trunc=0%  swp=10.3±12.7  fid=0.0000  rew=+22.85
step= 68096  rew=+18.424  swp=12.3  map=0.0  trunc=0%  pl=-0.009  vl=0.488  ent=0.919  kl=0.0326  gn=1.461
  line_20q       965ep | trunc=0%  swp=30.0±33.6  fid=0.0000  rew=+22.37
  ring_20q       968ep | trunc=0%  swp=24.6±22.3  fid=0.0000  rew=+22.96
  grid_5x4_20q   979ep | trunc=0%  swp=10.2±12.7  fid=0.0000  rew=+22.82
step= 68352  rew=+20.487  swp=17.9  map=0.0  trunc=0%  pl=0.003  vl=0.331  ent=1.061  kl=0.0322  gn=1.023
  line_20q       970ep | trunc=0%  swp=30.1±33.6  fid=0.0000  rew=+22.40
  ring_20q       972ep | trunc=0%  swp=24.6±22.3  fid=0.0000  rew=+22.95
  grid_5x4_20q   983ep | trunc=0%  swp=10.2±12.6  fid=0.0000  rew=+22.80
step= 68608  rew=+19.942  swp=14.3  map=0.0  trunc=0%  pl=-0.007  vl=0.257  ent=1.117  kl=0.0387  gn=1.059
  line_20q       975ep | trunc=0%  swp=30.0±33.5  fid=0.0000  rew=+22.37
  ring_20q       979ep | trunc=0%  swp=24.5±22.3  fid=0.0000  rew=+22.95
  grid_5x4_20q   986ep | trunc=0%  swp=10.2±12.6  fid=0.0000  rew=+22.80
step= 68864  rew=+20.943  swp=17.9  map=0.1  trunc=0%  pl=-0.007  vl=0.245  ent=0.917  kl=0.0318  gn=1.046
  line_20q       980ep | trunc=0%  swp=30.0±33.5  fid=0.0000  rew=+22.37
  ring_20q       983ep | trunc=0%  swp=24.5±22.2  fid=0.0000  rew=+22.94
  grid_5x4_20q   990ep | trunc=0%  swp=10.2±12.6  fid=0.0000  rew=+22.78
step= 69120  rew=+21.276  swp=18.0  map=0.1  trunc=0%  pl=-0.012  vl=0.210  ent=0.954  kl=0.0202  gn=0.819
  line_20q       987ep | trunc=0%  swp=29.9±33.4  fid=0.0000  rew=+22.35
  ring_20q       986ep | trunc=0%  swp=24.5±22.2  fid=0.0000  rew=+22.95
  grid_5x4_20q   994ep | trunc=0%  swp=10.2±12.6  fid=0.0000  rew=+22.79
step= 69376  rew=+21.739  swp=13.5  map=0.0  trunc=0%  pl=-0.037  vl=0.385  ent=1.065  kl=0.0727  gn=1.067
  line_20q       990ep | trunc=0%  swp=29.9±33.4  fid=0.0000  rew=+22.33
  ring_20q       992ep | trunc=0%  swp=24.5±22.2  fid=0.0000  rew=+22.95
  grid_5x4_20q  1003ep | trunc=0%  swp=10.2±12.5  fid=0.0000  rew=+22.78
step= 69632  rew=+18.743  swp=14.4  map=0.1  trunc=0%  pl=0.021  vl=0.276  ent=0.840  kl=0.0720  gn=1.035
  line_20q       993ep | trunc=0%  swp=29.9±33.4  fid=0.0000  rew=+22.33
  ring_20q       999ep | trunc=0%  swp=24.4±22.2  fid=0.0000  rew=+22.94
  grid_5x4_20q  1009ep | trunc=0%  swp=10.1±12.5  fid=0.0000  rew=+22.73
step= 69888  rew=+19.717  swp=18.1  map=0.1  trunc=0%  pl=-0.004  vl=0.261  ent=0.904  kl=0.0697  gn=1.120
  line_20q       996ep | trunc=0%  swp=29.9±33.4  fid=0.0000  rew=+22.36
  ring_20q      1002ep | trunc=0%  swp=24.4±22.1  fid=0.0000  rew=+22.92
  grid_5x4_20q  1011ep | trunc=0%  swp=10.1±12.5  fid=0.0000  rew=+22.74
step= 70144  rew=+21.779  swp=24.4  map=0.0  trunc=0%  pl=0.000  vl=0.368  ent=0.873  kl=0.0611  gn=1.068
  line_20q      1001ep | trunc=0%  swp=29.9±33.3  fid=0.0000  rew=+22.36
  ring_20q      1006ep | trunc=0%  swp=24.4±22.1  fid=0.0000  rew=+22.90
  grid_5x4_20q  1013ep | trunc=0%  swp=10.1±12.5  fid=0.0000  rew=+22.72
step= 70400  rew=+21.528  swp=18.4  map=0.0  trunc=0%  pl=-0.001  vl=0.477  ent=0.878  kl=0.1004  gn=1.338
  line_20q      1007ep | trunc=0%  swp=29.9±33.3  fid=0.0000  rew=+22.35
  ring_20q      1010ep | trunc=0%  swp=24.4±22.1  fid=0.0000  rew=+22.92
  grid_5x4_20q  1019ep | trunc=0%  swp=10.1±12.4  fid=0.0000  rew=+22.70
step= 70656  rew=+20.851  swp=14.8  map=0.0  trunc=0%  pl=0.012  vl=0.445  ent=0.886  kl=0.0416  gn=1.094
  line_20q      1014ep | trunc=0%  swp=29.8±33.2  fid=0.0000  rew=+22.35
  ring_20q      1014ep | trunc=0%  swp=24.4±22.1  fid=0.0000  rew=+22.92
  grid_5x4_20q  1023ep | trunc=0%  swp=10.1±12.4  fid=0.0000  rew=+22.68
step= 70912  rew=+20.962  swp=17.1  map=0.0  trunc=0%  pl=0.041  vl=0.403  ent=0.858  kl=0.0848  gn=1.214
  line_20q      1018ep | trunc=0%  swp=29.8±33.1  fid=0.0000  rew=+22.34
  ring_20q      1018ep | trunc=0%  swp=24.4±22.0  fid=0.0000  rew=+22.93
  grid_5x4_20q  1024ep | trunc=0%  swp=10.1±12.4  fid=0.0000  rew=+22.68
step= 71168  rew=+21.735  swp=19.7  map=0.0  trunc=0%  pl=-0.013  vl=0.605  ent=0.678  kl=0.0318  gn=0.988
  line_20q      1023ep | trunc=0%  swp=29.7±33.1  fid=0.0000  rew=+22.35
  ring_20q      1025ep | trunc=0%  swp=24.4±22.0  fid=0.0000  rew=+22.93
  grid_5x4_20q  1027ep | trunc=0%  swp=10.1±12.4  fid=0.0000  rew=+22.66
step= 71424  rew=+22.342  swp=16.4  map=0.0  trunc=0%  pl=0.021  vl=0.260  ent=0.918  kl=0.0985  gn=1.206
  line_20q      1025ep | trunc=0%  swp=29.8±33.1  fid=0.0000  rew=+22.38
  ring_20q      1031ep | trunc=0%  swp=24.4±22.0  fid=0.0000  rew=+22.94
  grid_5x4_20q  1030ep | trunc=0%  swp=10.1±12.4  fid=0.0000  rew=+22.66
step= 71680  rew=+23.591  swp=23.1  map=0.1  trunc=0%  pl=0.025  vl=0.669  ent=0.787  kl=0.0441  gn=1.196
  line_20q      1030ep | trunc=0%  swp=29.7±33.0  fid=0.0000  rew=+22.36
  ring_20q      1037ep | trunc=0%  swp=24.4±21.9  fid=0.0000  rew=+22.95
  grid_5x4_20q  1030ep | trunc=0%  swp=10.1±12.4  fid=0.0000  rew=+22.66
step= 71936  rew=+24.673  swp=28.0  map=0.1  trunc=0%  pl=0.023  vl=0.353  ent=1.195  kl=0.0432  gn=1.114
  line_20q      1031ep | trunc=0%  swp=29.8±33.1  fid=0.0000  rew=+22.38
  ring_20q      1043ep | trunc=0%  swp=24.4±21.9  fid=0.0000  rew=+22.96
  grid_5x4_20q  1031ep | trunc=0%  swp=10.1±12.4  fid=0.0000  rew=+22.65
step= 72192  rew=+26.630  swp=24.1  map=0.1  trunc=0%  pl=-0.004  vl=0.333  ent=0.891  kl=0.0230  gn=1.233
  line_20q      1035ep | trunc=0%  swp=29.8±33.0  fid=0.0000  rew=+22.41
  ring_20q      1046ep | trunc=0%  swp=24.3±21.9  fid=0.0000  rew=+22.95
  grid_5x4_20q  1036ep | trunc=0%  swp=10.1±12.4  fid=0.0000  rew=+22.69
step= 72448  rew=+23.129  swp=20.1  map=0.1  trunc=0%  pl=-0.000  vl=0.259  ent=0.873  kl=0.0232  gn=0.920
  line_20q      1039ep | trunc=0%  swp=29.8±33.0  fid=0.0000  rew=+22.41
  ring_20q      1051ep | trunc=0%  swp=24.3±21.8  fid=0.0000  rew=+22.94
  grid_5x4_20q  1039ep | trunc=0%  swp=10.1±12.4  fid=0.0000  rew=+22.68
step= 72704  rew=+20.773  swp=14.4  map=0.1  trunc=0%  pl=0.007  vl=0.180  ent=1.030  kl=0.0261  gn=1.185
  line_20q      1043ep | trunc=0%  swp=29.8±33.0  fid=0.0000  rew=+22.42
  ring_20q      1056ep | trunc=0%  swp=24.3±21.8  fid=0.0000  rew=+22.91
  grid_5x4_20q  1045ep | trunc=0%  swp=10.1±12.3  fid=0.0000  rew=+22.69
step= 72960  rew=+17.321  swp=11.8  map=0.0  trunc=0%  pl=-0.020  vl=0.545  ent=0.814  kl=0.0244  gn=1.026
  line_20q      1050ep | trunc=0%  swp=29.7±32.9  fid=0.0000  rew=+22.37
  ring_20q      1064ep | trunc=0%  swp=24.2±21.7  fid=0.0000  rew=+22.85
  grid_5x4_20q  1050ep | trunc=0%  swp=10.0±12.3  fid=0.0000  rew=+22.69
step= 73216  rew=+21.875  swp=15.8  map=0.1  trunc=0%  pl=-0.017  vl=0.270  ent=1.274  kl=0.0506  gn=1.260
  line_20q      1054ep | trunc=0%  swp=29.7±32.9  fid=0.0000  rew=+22.40
  ring_20q      1069ep | trunc=0%  swp=24.1±21.7  fid=0.0000  rew=+22.82
  grid_5x4_20q  1057ep | trunc=0%  swp=10.0±12.3  fid=0.0000  rew=+22.71
step= 73472  rew=+27.006  swp=21.3  map=0.1  trunc=0%  pl=0.002  vl=0.325  ent=1.418  kl=0.0289  gn=1.148
  line_20q      1056ep | trunc=0%  swp=29.7±32.8  fid=0.0000  rew=+22.39
  ring_20q      1074ep | trunc=0%  swp=24.2±21.7  fid=0.0000  rew=+22.88
  grid_5x4_20q  1058ep | trunc=0%  swp=10.1±12.3  fid=0.0000  rew=+22.72
step= 73728  rew=+25.128  swp=24.3  map=0.0  trunc=0%  pl=-0.001  vl=0.221  ent=1.219  kl=0.0714  gn=1.107
  line_20q      1062ep | trunc=0%  swp=29.7±32.8  fid=0.0000  rew=+22.37
  ring_20q      1077ep | trunc=0%  swp=24.2±21.7  fid=0.0000  rew=+22.87
  grid_5x4_20q  1061ep | trunc=0%  swp=10.1±12.3  fid=0.0000  rew=+22.74
step= 73984  rew=+21.910  swp=17.3  map=0.0  trunc=0%  pl=0.002  vl=0.590  ent=1.078  kl=0.0217  gn=1.248
  line_20q      1067ep | trunc=0%  swp=29.6±32.7  fid=0.0000  rew=+22.35
  ring_20q      1083ep | trunc=0%  swp=24.2±21.6  fid=0.0000  rew=+22.87
  grid_5x4_20q  1064ep | trunc=0%  swp=10.1±12.2  fid=0.0000  rew=+22.74
step= 74240  rew=+24.139  swp=21.9  map=0.0  trunc=0%  pl=0.006  vl=0.349  ent=1.465  kl=0.0336  gn=1.501
  line_20q      1069ep | trunc=0%  swp=29.6±32.7  fid=0.0000  rew=+22.37
  ring_20q      1089ep | trunc=0%  swp=24.1±21.6  fid=0.0000  rew=+22.88
  grid_5x4_20q  1064ep | trunc=0%  swp=10.1±12.2  fid=0.0000  rew=+22.74
step= 74496  rew=+22.735  swp=14.7  map=0.0  trunc=0%  pl=0.002  vl=0.396  ent=1.175  kl=0.0390  gn=1.689
  line_20q      1072ep | trunc=0%  swp=29.6±32.7  fid=0.0000  rew=+22.37
  ring_20q      1095ep | trunc=0%  swp=24.1±21.5  fid=0.0000  rew=+22.89
  grid_5x4_20q  1071ep | trunc=0%  swp=10.1±12.2  fid=0.0000  rew=+22.75
step= 74752  rew=+19.011  swp=13.5  map=0.0  trunc=0%  pl=-0.015  vl=0.172  ent=1.227  kl=0.0743  gn=1.237
  line_20q      1076ep | trunc=0%  swp=29.6±32.6  fid=0.0000  rew=+22.38
  ring_20q      1100ep | trunc=0%  swp=24.1±21.5  fid=0.0000  rew=+22.86
  grid_5x4_20q  1078ep | trunc=0%  swp=10.0±12.2  fid=0.0000  rew=+22.71
step= 75008  rew=+19.177  swp=14.2  map=0.0  trunc=0%  pl=0.004  vl=0.226  ent=1.210  kl=0.0656  gn=1.116
  line_20q      1082ep | trunc=0%  swp=29.6±32.6  fid=0.0000  rew=+22.36
  ring_20q      1105ep | trunc=0%  swp=24.0±21.5  fid=0.0000  rew=+22.84
  grid_5x4_20q  1082ep | trunc=0%  swp=10.0±12.2  fid=0.0000  rew=+22.71
step= 75264  rew=+21.628  swp=20.8  map=0.0  trunc=0%  pl=0.012  vl=0.308  ent=1.443  kl=0.0617  gn=1.243
  line_20q      1083ep | trunc=0%  swp=29.6±32.6  fid=0.0000  rew=+22.37
  ring_20q      1109ep | trunc=0%  swp=24.1±21.5  fid=0.0000  rew=+22.86
  grid_5x4_20q  1085ep | trunc=0%  swp=10.0±12.2  fid=0.0000  rew=+22.71
step= 75520  rew=+24.151  swp=18.6  map=0.0  trunc=0%  pl=0.007  vl=0.308  ent=1.290  kl=0.0565  gn=1.829
  line_20q      1089ep | trunc=0%  swp=29.5±32.5  fid=0.0000  rew=+22.36
  ring_20q      1112ep | trunc=0%  swp=24.1±21.5  fid=0.0000  rew=+22.88
  grid_5x4_20q  1090ep | trunc=0%  swp=10.0±12.1  fid=0.0000  rew=+22.71
step= 75776  rew=+22.827  swp=19.1  map=0.0  trunc=0%  pl=-0.004  vl=0.235  ent=1.324  kl=0.0338  gn=1.265
  line_20q      1092ep | trunc=0%  swp=29.6±32.5  fid=0.0000  rew=+22.36
  ring_20q      1114ep | trunc=0%  swp=24.1±21.5  fid=0.0000  rew=+22.91
  grid_5x4_20q  1099ep | trunc=0%  swp=10.0±12.1  fid=0.0000  rew=+22.68
step= 76032  rew=+20.335  swp=14.2  map=0.0  trunc=0%  pl=-0.024  vl=0.335  ent=1.280  kl=0.0378  gn=0.948
  line_20q      1097ep | trunc=0%  swp=29.5±32.4  fid=0.0000  rew=+22.33
  ring_20q      1120ep | trunc=0%  swp=24.1±21.4  fid=0.0000  rew=+22.91
  grid_5x4_20q  1106ep | trunc=0%  swp=10.0±12.1  fid=0.0000  rew=+22.66
step= 76288  rew=+19.286  swp=15.2  map=0.0  trunc=0%  pl=-0.014  vl=0.240  ent=1.373  kl=0.0454  gn=1.104
  line_20q      1100ep | trunc=0%  swp=29.5±32.4  fid=0.0000  rew=+22.34
  ring_20q      1126ep | trunc=0%  swp=24.1±21.4  fid=0.0000  rew=+22.88
  grid_5x4_20q  1111ep | trunc=0%  swp=10.0±12.0  fid=0.0000  rew=+22.65
step= 76544  rew=+21.552  swp=21.6  map=0.0  trunc=0%  pl=0.003  vl=0.377  ent=1.565  kl=0.0401  gn=1.732
  line_20q      1103ep | trunc=0%  swp=29.6±32.5  fid=0.0000  rew=+22.38
  ring_20q      1130ep | trunc=0%  swp=24.0±21.4  fid=0.0000  rew=+22.85
  grid_5x4_20q  1112ep | trunc=0%  swp=9.9±12.0  fid=0.0000  rew=+22.64
step= 76800  rew=+20.780  swp=18.3  map=0.0  trunc=0%  pl=-0.003  vl=0.273  ent=1.455  kl=0.0327  gn=1.649
  line_20q      1108ep | trunc=0%  swp=29.5±32.4  fid=0.0000  rew=+22.37
  ring_20q      1136ep | trunc=0%  swp=24.0±21.3  fid=0.0000  rew=+22.85
  grid_5x4_20q  1115ep | trunc=0%  swp=9.9±12.0  fid=0.0000  rew=+22.62
step= 77056  rew=+20.621  swp=16.6  map=0.0  trunc=0%  pl=-0.025  vl=0.212  ent=1.338  kl=0.0434  gn=0.981
  line_20q      1114ep | trunc=0%  swp=29.5±32.4  fid=0.0000  rew=+22.36
  ring_20q      1138ep | trunc=0%  swp=24.0±21.3  fid=0.0000  rew=+22.85
  grid_5x4_20q  1121ep | trunc=0%  swp=9.9±12.0  fid=0.0000  rew=+22.61
step= 77312  rew=+23.492  swp=17.9  map=0.0  trunc=0%  pl=-0.020  vl=0.180  ent=1.507  kl=0.0319  gn=1.152
  line_20q      1118ep | trunc=0%  swp=29.5±32.4  fid=0.0000  rew=+22.38
  ring_20q      1140ep | trunc=0%  swp=24.0±21.3  fid=0.0000  rew=+22.87
  grid_5x4_20q  1126ep | trunc=0%  swp=9.9±12.0  fid=0.0000  rew=+22.62
step= 77568  rew=+24.203  swp=21.1  map=0.1  trunc=0%  pl=-0.033  vl=0.162  ent=1.493  kl=0.0371  gn=0.961
  line_20q      1125ep | trunc=0%  swp=29.5±32.3  fid=0.0000  rew=+22.37
  ring_20q      1143ep | trunc=0%  swp=24.0±21.3  fid=0.0000  rew=+22.88
  grid_5x4_20q  1128ep | trunc=0%  swp=9.9±12.0  fid=0.0000  rew=+22.61
step= 77824  rew=+21.485  swp=14.6  map=0.0  trunc=0%  pl=0.000  vl=0.420  ent=1.278  kl=0.0219  gn=1.558
  line_20q      1129ep | trunc=0%  swp=29.4±32.3  fid=0.0000  rew=+22.35
  ring_20q      1151ep | trunc=0%  swp=24.0±21.3  fid=0.0000  rew=+22.87
  grid_5x4_20q  1134ep | trunc=0%  swp=9.9±11.9  fid=0.0000  rew=+22.62
step= 78080  rew=+21.968  swp=18.1  map=0.1  trunc=0%  pl=0.003  vl=0.244  ent=1.291  kl=0.0203  gn=1.426
  line_20q      1134ep | trunc=0%  swp=29.4±32.2  fid=0.0000  rew=+22.36
  ring_20q      1154ep | trunc=0%  swp=24.0±21.3  fid=0.0000  rew=+22.86
  grid_5x4_20q  1137ep | trunc=0%  swp=9.9±11.9  fid=0.0000  rew=+22.63
step= 78336  rew=+20.751  swp=14.6  map=0.1  trunc=0%  pl=-0.011  vl=0.205  ent=1.220  kl=0.0165  gn=1.106
  line_20q      1140ep | trunc=0%  swp=29.3±32.2  fid=0.0000  rew=+22.34
  ring_20q      1157ep | trunc=0%  swp=24.0±21.2  fid=0.0000  rew=+22.87
  grid_5x4_20q  1142ep | trunc=0%  swp=9.9±11.9  fid=0.0000  rew=+22.63
step= 78592  rew=+19.792  swp=14.8  map=0.0  trunc=0%  pl=-0.018  vl=0.138  ent=1.505  kl=0.0192  gn=1.396
  line_20q      1144ep | trunc=0%  swp=29.4±32.2  fid=0.0000  rew=+22.35
  ring_20q      1161ep | trunc=0%  swp=23.9±21.2  fid=0.0000  rew=+22.84
  grid_5x4_20q  1150ep | trunc=0%  swp=9.9±11.9  fid=0.0000  rew=+22.62
step= 78848  rew=+20.096  swp=13.8  map=0.1  trunc=0%  pl=-0.021  vl=0.226  ent=1.090  kl=0.0264  gn=1.145
  line_20q      1148ep | trunc=0%  swp=29.3±32.2  fid=0.0000  rew=+22.34
  ring_20q      1170ep | trunc=0%  swp=23.9±21.2  fid=0.0000  rew=+22.82
  grid_5x4_20q  1155ep | trunc=0%  swp=9.9±11.9  fid=0.0000  rew=+22.62
step= 79104  rew=+21.756  swp=14.8  map=0.1  trunc=0%  pl=-0.004  vl=0.143  ent=1.450  kl=0.0226  gn=1.354
  line_20q      1153ep | trunc=0%  swp=29.3±32.1  fid=0.0000  rew=+22.33
  ring_20q      1174ep | trunc=0%  swp=23.9±21.2  fid=0.0000  rew=+22.82
  grid_5x4_20q  1158ep | trunc=0%  swp=9.9±11.8  fid=0.0000  rew=+22.62
step= 79360  rew=+23.846  swp=20.0  map=0.1  trunc=0%  pl=-0.008  vl=0.196  ent=1.459  kl=0.0183  gn=1.139
  line_20q      1160ep | trunc=0%  swp=29.3±32.1  fid=0.0000  rew=+22.35
  ring_20q      1177ep | trunc=0%  swp=23.8±21.1  fid=0.0000  rew=+22.83
  grid_5x4_20q  1160ep | trunc=0%  swp=9.9±11.8  fid=0.0000  rew=+22.62
step= 79616  rew=+21.175  swp=16.2  map=0.0  trunc=0%  pl=-0.007  vl=0.322  ent=1.487  kl=0.0443  gn=1.046
  line_20q      1162ep | trunc=0%  swp=29.3±32.1  fid=0.0000  rew=+22.35
  ring_20q      1183ep | trunc=0%  swp=23.8±21.1  fid=0.0000  rew=+22.81
  grid_5x4_20q  1165ep | trunc=0%  swp=9.9±11.8  fid=0.0000  rew=+22.61
step= 79872  rew=+21.483  swp=14.4  map=0.1  trunc=0%  pl=-0.017  vl=0.530  ent=1.414  kl=0.0332  gn=1.539
  line_20q      1167ep | trunc=0%  swp=29.2±32.0  fid=0.0000  rew=+22.34
  ring_20q      1190ep | trunc=0%  swp=23.8±21.1  fid=0.0000  rew=+22.83
  grid_5x4_20q  1170ep | trunc=0%  swp=9.8±11.8  fid=0.0000  rew=+22.60
step= 80128  rew=+21.080  swp=12.3  map=0.1  trunc=0%  pl=-0.005  vl=0.270  ent=1.354  kl=0.0445  gn=1.331
  line_20q      1171ep | trunc=0%  swp=29.2±32.0  fid=0.0000  rew=+22.33
  ring_20q      1198ep | trunc=0%  swp=23.8±21.1  fid=0.0000  rew=+22.84
  grid_5x4_20q  1177ep | trunc=0%  swp=9.8±11.8  fid=0.0000  rew=+22.57
step= 80384  rew=+22.776  swp=19.6  map=0.1  trunc=0%  pl=-0.020  vl=0.398  ent=1.463  kl=0.0344  gn=1.238
  line_20q      1175ep | trunc=0%  swp=29.2±32.0  fid=0.0000  rew=+22.34
  ring_20q      1202ep | trunc=0%  swp=23.8±21.1  fid=0.0000  rew=+22.85
  grid_5x4_20q  1179ep | trunc=0%  swp=9.8±11.8  fid=0.0000  rew=+22.58
step= 80640  rew=+25.167  swp=24.9  map=0.1  trunc=0%  pl=0.007  vl=0.328  ent=1.561  kl=0.0254  gn=2.346
  line_20q      1180ep | trunc=0%  swp=29.2±32.0  fid=0.0000  rew=+22.36
  ring_20q      1204ep | trunc=0%  swp=23.8±21.0  fid=0.0000  rew=+22.85
  grid_5x4_20q  1182ep | trunc=0%  swp=9.8±11.7  fid=0.0000  rew=+22.58
step= 80896  rew=+25.705  swp=29.2  map=0.1  trunc=0%  pl=-0.022  vl=0.218  ent=1.695  kl=0.0667  gn=0.994
  line_20q      1183ep | trunc=0%  swp=29.3±32.0  fid=0.0000  rew=+22.38
  ring_20q      1207ep | trunc=0%  swp=23.8±21.0  fid=0.0000  rew=+22.86
  grid_5x4_20q  1182ep | trunc=0%  swp=9.8±11.7  fid=0.0000  rew=+22.58
step= 81152  rew=+22.076  swp=17.9  map=0.0  trunc=0%  pl=-0.003  vl=0.634  ent=1.271  kl=0.0332  gn=2.142
  line_20q      1190ep | trunc=0%  swp=29.2±31.9  fid=0.0000  rew=+22.35
  ring_20q      1208ep | trunc=0%  swp=23.8±21.0  fid=0.0000  rew=+22.85
  grid_5x4_20q  1191ep | trunc=0%  swp=9.8±11.7  fid=0.0000  rew=+22.58
step= 81408  rew=+22.996  swp=20.1  map=0.0  trunc=0%  pl=0.011  vl=0.372  ent=1.286  kl=0.0331  gn=1.784
  line_20q      1191ep | trunc=0%  swp=29.3±32.0  fid=0.0000  rew=+22.36
  ring_20q      1215ep | trunc=0%  swp=23.8±21.0  fid=0.0000  rew=+22.86
  grid_5x4_20q  1192ep | trunc=0%  swp=9.8±11.7  fid=0.0000  rew=+22.57
step= 81664  rew=+20.587  swp=14.7  map=0.0  trunc=0%  pl=-0.015  vl=0.247  ent=1.254  kl=0.0422  gn=1.099
  line_20q      1194ep | trunc=0%  swp=29.3±31.9  fid=0.0000  rew=+22.35
  ring_20q      1223ep | trunc=0%  swp=23.7±20.9  fid=0.0000  rew=+22.85
  grid_5x4_20q  1199ep | trunc=0%  swp=9.8±11.7  fid=0.0000  rew=+22.56
step= 81920  rew=+23.456  swp=16.7  map=0.0  trunc=0%  pl=-0.019  vl=0.146  ent=1.411  kl=0.0547  gn=0.960
  line_20q      1197ep | trunc=0%  swp=29.3±31.9  fid=0.0000  rew=+22.36
  ring_20q      1227ep | trunc=0%  swp=23.7±20.9  fid=0.0000  rew=+22.84
  grid_5x4_20q  1206ep | trunc=0%  swp=9.8±11.6  fid=0.0000  rew=+22.59
step= 82176  rew=+24.539  swp=20.6  map=0.0  trunc=0%  pl=0.003  vl=0.275  ent=1.505  kl=0.0688  gn=1.677
  line_20q      1202ep | trunc=0%  swp=29.3±31.9  fid=0.0000  rew=+22.38
  ring_20q      1230ep | trunc=0%  swp=23.7±20.9  fid=0.0000  rew=+22.85
  grid_5x4_20q  1207ep | trunc=0%  swp=9.8±11.6  fid=0.0000  rew=+22.58
step= 82432  rew=+18.392  swp=11.8  map=0.1  trunc=0%  pl=0.011  vl=0.623  ent=1.032  kl=0.0233  gn=1.899
  line_20q      1207ep | trunc=0%  swp=29.2±31.8  fid=0.0000  rew=+22.37
  ring_20q      1239ep | trunc=0%  swp=23.6±20.8  fid=0.0000  rew=+22.81
  grid_5x4_20q  1213ep | trunc=0%  swp=9.8±11.6  fid=0.0000  rew=+22.56
step= 82688  rew=+20.067  swp=14.7  map=0.1  trunc=0%  pl=-0.020  vl=0.290  ent=1.303  kl=0.0369  gn=1.185
  line_20q      1211ep | trunc=0%  swp=29.2±31.8  fid=0.0000  rew=+22.35
  ring_20q      1244ep | trunc=0%  swp=23.6±20.8  fid=0.0000  rew=+22.80
  grid_5x4_20q  1218ep | trunc=0%  swp=9.8±11.6  fid=0.0000  rew=+22.57
step= 82944  rew=+23.071  swp=15.1  map=0.0  trunc=0%  pl=-0.027  vl=0.371  ent=1.326  kl=0.0734  gn=1.092
  line_20q      1217ep | trunc=0%  swp=29.1±31.7  fid=0.0000  rew=+22.33
  ring_20q      1249ep | trunc=0%  swp=23.6±20.8  fid=0.0000  rew=+22.82
  grid_5x4_20q  1220ep | trunc=0%  swp=9.8±11.6  fid=0.0000  rew=+22.60
step= 83200  rew=+24.456  swp=21.5  map=0.0  trunc=0%  pl=-0.009  vl=0.272  ent=1.530  kl=0.0871  gn=1.672
  line_20q      1221ep | trunc=0%  swp=29.1±31.7  fid=0.0000  rew=+22.35
  ring_20q      1252ep | trunc=0%  swp=23.6±20.8  fid=0.0000  rew=+22.82
  grid_5x4_20q  1223ep | trunc=0%  swp=9.8±11.6  fid=0.0000  rew=+22.60
step= 83456  rew=+24.742  swp=20.1  map=0.1  trunc=0%  pl=0.003  vl=0.376  ent=1.171  kl=0.0332  gn=1.312
  line_20q      1226ep | trunc=0%  swp=29.1±31.7  fid=0.0000  rew=+22.34
  ring_20q      1257ep | trunc=0%  swp=23.6±20.8  fid=0.0000  rew=+22.82
  grid_5x4_20q  1229ep | trunc=0%  swp=9.8±11.6  fid=0.0000  rew=+22.60
step= 83712  rew=+22.541  swp=13.3  map=0.1  trunc=0%  pl=-0.001  vl=0.443  ent=1.069  kl=0.0496  gn=1.467
  line_20q      1234ep | trunc=0%  swp=29.0±31.6  fid=0.0000  rew=+22.32
  ring_20q      1259ep | trunc=0%  swp=23.6±20.8  fid=0.0000  rew=+22.85
  grid_5x4_20q  1237ep | trunc=0%  swp=9.8±11.6  fid=0.0000  rew=+22.59
step= 83968  rew=+23.307  swp=17.1  map=0.1  trunc=0%  pl=0.013  vl=0.319  ent=1.266  kl=0.0398  gn=1.886
  line_20q      1238ep | trunc=0%  swp=29.0±31.6  fid=0.0000  rew=+22.33
  ring_20q      1265ep | trunc=0%  swp=23.6±20.7  fid=0.0000  rew=+22.87
  grid_5x4_20q  1240ep | trunc=0%  swp=9.8±11.5  fid=0.0000  rew=+22.59
step= 84224  rew=+20.704  swp=16.1  map=0.0  trunc=0%  pl=-0.010  vl=0.398  ent=1.192  kl=0.0401  gn=1.052
  line_20q      1244ep | trunc=0%  swp=28.9±31.5  fid=0.0000  rew=+22.31
  ring_20q      1272ep | trunc=0%  swp=23.6±20.7  fid=0.0000  rew=+22.86
  grid_5x4_20q  1243ep | trunc=0%  swp=9.8±11.5  fid=0.0000  rew=+22.57
step= 84480  rew=+22.552  swp=17.1  map=0.0  trunc=0%  pl=-0.032  vl=0.229  ent=1.412  kl=0.1282  gn=0.825
  line_20q      1249ep | trunc=0%  swp=28.9±31.5  fid=0.0000  rew=+22.30
  ring_20q      1276ep | trunc=0%  swp=23.6±20.7  fid=0.0000  rew=+22.87
  grid_5x4_20q  1248ep | trunc=0%  swp=9.8±11.5  fid=0.0000  rew=+22.59
step= 84736  rew=+20.712  swp=12.5  map=0.0  trunc=0%  pl=-0.023  vl=0.494  ent=1.198  kl=0.0387  gn=1.051
  line_20q      1255ep | trunc=0%  swp=28.8±31.4  fid=0.0000  rew=+22.29
  ring_20q      1284ep | trunc=0%  swp=23.5±20.6  fid=0.0000  rew=+22.85
  grid_5x4_20q  1253ep | trunc=0%  swp=9.7±11.5  fid=0.0000  rew=+22.59
step= 84992  rew=+22.178  swp=15.1  map=0.0  trunc=0%  pl=0.014  vl=0.272  ent=1.379  kl=0.0844  gn=1.253
  line_20q      1261ep | trunc=0%  swp=28.8±31.3  fid=0.0000  rew=+22.28
  ring_20q      1288ep | trunc=0%  swp=23.5±20.6  fid=0.0000  rew=+22.85
  grid_5x4_20q  1257ep | trunc=0%  swp=9.7±11.5  fid=0.0000  rew=+22.60
step= 85248  rew=+22.899  swp=18.5  map=0.0  trunc=0%  pl=-0.012  vl=0.333  ent=1.313  kl=0.0524  gn=1.245
  line_20q      1264ep | trunc=0%  swp=28.7±31.3  fid=0.0000  rew=+22.28
  ring_20q      1296ep | trunc=0%  swp=23.5±20.6  fid=0.0000  rew=+22.86
  grid_5x4_20q  1257ep | trunc=0%  swp=9.7±11.5  fid=0.0000  rew=+22.60
step= 85504  rew=+21.992  swp=19.6  map=0.0  trunc=0%  pl=-0.019  vl=0.418  ent=1.446  kl=0.0292  gn=1.151
  line_20q      1268ep | trunc=0%  swp=28.7±31.3  fid=0.0000  rew=+22.26
  ring_20q      1300ep | trunc=0%  swp=23.6±20.6  fid=0.0000  rew=+22.88
  grid_5x4_20q  1262ep | trunc=0%  swp=9.7±11.5  fid=0.0000  rew=+22.59
step= 85760  rew=+24.392  swp=17.7  map=0.0  trunc=0%  pl=0.005  vl=0.269  ent=1.297  kl=0.0478  gn=1.227
  line_20q      1271ep | trunc=0%  swp=28.7±31.3  fid=0.0000  rew=+22.25
  ring_20q      1307ep | trunc=0%  swp=23.6±20.6  fid=0.0000  rew=+22.91
  grid_5x4_20q  1266ep | trunc=0%  swp=9.7±11.4  fid=0.0000  rew=+22.61
step= 86016  rew=+21.685  swp=16.6  map=0.1  trunc=0%  pl=-0.039  vl=0.308  ent=1.438  kl=0.1058  gn=1.684
  line_20q      1274ep | trunc=0%  swp=28.7±31.3  fid=0.0000  rew=+22.25
  ring_20q      1312ep | trunc=0%  swp=23.6±20.5  fid=0.0000  rew=+22.90
  grid_5x4_20q  1272ep | trunc=0%  swp=9.7±11.4  fid=0.0000  rew=+22.60
step= 86272  rew=+26.306  swp=22.4  map=0.1  trunc=0%  pl=0.014  vl=0.387  ent=1.377  kl=0.0271  gn=1.536
  line_20q      1278ep | trunc=0%  swp=28.7±31.2  fid=0.0000  rew=+22.26
  ring_20q      1316ep | trunc=0%  swp=23.6±20.5  fid=0.0000  rew=+22.93
  grid_5x4_20q  1274ep | trunc=0%  swp=9.7±11.4  fid=0.0000  rew=+22.62
step= 86528  rew=+28.798  swp=24.5  map=0.1  trunc=0%  pl=-0.012  vl=0.215  ent=1.327  kl=0.0560  gn=1.082
  line_20q      1281ep | trunc=0%  swp=28.7±31.2  fid=0.0000  rew=+22.27
  ring_20q      1320ep | trunc=0%  swp=23.6±20.5  fid=0.0000  rew=+22.93
  grid_5x4_20q  1277ep | trunc=0%  swp=9.7±11.4  fid=0.0000  rew=+22.64
step= 86784  rew=+25.230  swp=22.4  map=0.0  trunc=0%  pl=-0.011  vl=0.279  ent=1.435  kl=0.0646  gn=0.982
  line_20q      1284ep | trunc=0%  swp=28.7±31.2  fid=0.0000  rew=+22.27
  ring_20q      1326ep | trunc=0%  swp=23.6±20.5  fid=0.0000  rew=+22.93
  grid_5x4_20q  1280ep | trunc=0%  swp=9.7±11.4  fid=0.0000  rew=+22.64
step= 87040  rew=+21.370  swp=15.6  map=0.1  trunc=0%  pl=-0.009  vl=0.501  ent=1.348  kl=0.0666  gn=1.290
  line_20q      1288ep | trunc=0%  swp=28.6±31.2  fid=0.0000  rew=+22.26
  ring_20q      1332ep | trunc=0%  swp=23.6±20.4  fid=0.0000  rew=+22.94
  grid_5x4_20q  1284ep | trunc=0%  swp=9.7±11.4  fid=0.0000  rew=+22.63
step= 87296  rew=+21.839  swp=19.6  map=0.1  trunc=0%  pl=-0.005  vl=0.209  ent=1.337  kl=0.0418  gn=1.295
  line_20q      1292ep | trunc=0%  swp=28.7±31.1  fid=0.0000  rew=+22.27
  ring_20q      1336ep | trunc=0%  swp=23.6±20.4  fid=0.0000  rew=+22.95
  grid_5x4_20q  1286ep | trunc=0%  swp=9.7±11.4  fid=0.0000  rew=+22.62
step= 87552  rew=+24.799  swp=23.6  map=0.0  trunc=0%  pl=0.016  vl=0.401  ent=1.207  kl=0.0412  gn=1.095
  line_20q      1296ep | trunc=0%  swp=28.6±31.1  fid=0.0000  rew=+22.28
  ring_20q      1340ep | trunc=0%  swp=23.6±20.4  fid=0.0000  rew=+22.96
  grid_5x4_20q  1288ep | trunc=0%  swp=9.7±11.4  fid=0.0000  rew=+22.62
step= 87808  rew=+25.384  swp=19.4  map=0.0  trunc=0%  pl=-0.006  vl=0.413  ent=1.160  kl=0.0458  gn=1.361
  line_20q      1302ep | trunc=0%  swp=28.6±31.0  fid=0.0000  rew=+22.28
  ring_20q      1344ep | trunc=0%  swp=23.6±20.4  fid=0.0000  rew=+22.96
  grid_5x4_20q  1293ep | trunc=0%  swp=9.7±11.4  fid=0.0000  rew=+22.65
step= 88064  rew=+25.245  swp=19.7  map=0.0  trunc=0%  pl=-0.001  vl=0.270  ent=1.309  kl=0.0523  gn=1.479
  line_20q      1306ep | trunc=0%  swp=28.6±31.0  fid=0.0000  rew=+22.29
  ring_20q      1346ep | trunc=0%  swp=23.6±20.4  fid=0.0000  rew=+22.97
  grid_5x4_20q  1297ep | trunc=0%  swp=9.7±11.3  fid=0.0000  rew=+22.65
step= 88320  rew=+23.314  swp=20.6  map=0.0  trunc=0%  pl=-0.012  vl=0.235  ent=1.354  kl=0.0410  gn=1.114
  line_20q      1308ep | trunc=0%  swp=28.6±31.0  fid=0.0000  rew=+22.29
  ring_20q      1352ep | trunc=0%  swp=23.6±20.4  fid=0.0000  rew=+22.96
  grid_5x4_20q  1303ep | trunc=0%  swp=9.7±11.3  fid=0.0000  rew=+22.64
step= 88576  rew=+20.797  swp=16.1  map=0.0  trunc=0%  pl=-0.024  vl=0.304  ent=1.126  kl=0.0395  gn=1.165
  line_20q      1312ep | trunc=0%  swp=28.6±30.9  fid=0.0000  rew=+22.29
  ring_20q      1360ep | trunc=0%  swp=23.6±20.3  fid=0.0000  rew=+22.95
  grid_5x4_20q  1304ep | trunc=0%  swp=9.7±11.3  fid=0.0000  rew=+22.63
step= 88832  rew=+22.489  swp=21.7  map=0.0  trunc=0%  pl=-0.004  vl=0.439  ent=1.287  kl=0.0972  gn=1.438
  line_20q      1314ep | trunc=0%  swp=28.6±30.9  fid=0.0000  rew=+22.27
  ring_20q      1367ep | trunc=0%  swp=23.6±20.3  fid=0.0000  rew=+22.97
  grid_5x4_20q  1306ep | trunc=0%  swp=9.7±11.3  fid=0.0000  rew=+22.63
step= 89088  rew=+21.638  swp=17.4  map=0.0  trunc=0%  pl=-0.003  vl=0.278  ent=1.088  kl=0.1033  gn=1.131
  line_20q      1321ep | trunc=0%  swp=28.5±30.9  fid=0.0000  rew=+22.27
  ring_20q      1372ep | trunc=0%  swp=23.6±20.3  fid=0.0000  rew=+22.96
  grid_5x4_20q  1309ep | trunc=0%  swp=9.7±11.3  fid=0.0000  rew=+22.63
step= 89344  rew=+21.686  swp=12.4  map=0.1  trunc=0%  pl=0.007  vl=0.495  ent=1.214  kl=0.0426  gn=2.025
  line_20q      1326ep | trunc=0%  swp=28.5±30.8  fid=0.0000  rew=+22.27
  ring_20q      1375ep | trunc=0%  swp=23.6±20.3  fid=0.0000  rew=+22.96
  grid_5x4_20q  1319ep | trunc=0%  swp=9.7±11.3  fid=0.0000  rew=+22.63
step= 89600  rew=+20.316  swp=12.6  map=0.0  trunc=0%  pl=0.013  vl=0.464  ent=1.230  kl=0.0358  gn=1.676
  line_20q      1329ep | trunc=0%  swp=28.5±30.8  fid=0.0000  rew=+22.26
  ring_20q      1381ep | trunc=0%  swp=23.5±20.2  fid=0.0000  rew=+22.95
  grid_5x4_20q  1329ep | trunc=0%  swp=9.7±11.3  fid=0.0000  rew=+22.62
step= 89856  rew=+19.507  swp=13.3  map=0.0  trunc=0%  pl=0.001  vl=0.362  ent=1.117  kl=0.0309  gn=1.589
  line_20q      1337ep | trunc=0%  swp=28.4±30.7  fid=0.0000  rew=+22.24
  ring_20q      1383ep | trunc=0%  swp=23.5±20.2  fid=0.0000  rew=+22.96
  grid_5x4_20q  1335ep | trunc=0%  swp=9.7±11.2  fid=0.0000  rew=+22.61
step= 90112  rew=+22.302  swp=18.6  map=0.0  trunc=0%  pl=-0.005  vl=0.237  ent=1.190  kl=0.0407  gn=1.304
  line_20q      1340ep | trunc=0%  swp=28.4±30.7  fid=0.0000  rew=+22.25
  ring_20q      1387ep | trunc=0%  swp=23.5±20.2  fid=0.0000  rew=+22.95
  grid_5x4_20q  1340ep | trunc=0%  swp=9.7±11.2  fid=0.0000  rew=+22.63
step= 90368  rew=+22.358  swp=14.2  map=0.0  trunc=0%  pl=-0.002  vl=0.319  ent=1.306  kl=0.0483  gn=1.174
  line_20q      1343ep | trunc=0%  swp=28.4±30.7  fid=0.0000  rew=+22.24
  ring_20q      1392ep | trunc=0%  swp=23.5±20.2  fid=0.0000  rew=+22.97
  grid_5x4_20q  1346ep | trunc=0%  swp=9.7±11.2  fid=0.0000  rew=+22.63
step= 90624  rew=+24.665  swp=21.1  map=0.0  trunc=0%  pl=0.015  vl=0.404  ent=1.365  kl=0.0829  gn=1.185
  line_20q      1347ep | trunc=0%  swp=28.4±30.7  fid=0.0000  rew=+22.24
  ring_20q      1398ep | trunc=0%  swp=23.6±20.2  fid=0.0000  rew=+22.98
  grid_5x4_20q  1349ep | trunc=0%  swp=9.6±11.2  fid=0.0000  rew=+22.62
step= 90880  rew=+19.370  swp=14.7  map=0.0  trunc=0%  pl=0.003  vl=0.273  ent=1.170  kl=0.0255  gn=1.208
  line_20q      1349ep | trunc=0%  swp=28.3±30.6  fid=0.0000  rew=+22.23
  ring_20q      1405ep | trunc=0%  swp=23.6±20.1  fid=0.0000  rew=+22.99
  grid_5x4_20q  1357ep | trunc=0%  swp=9.6±11.2  fid=0.0000  rew=+22.59
step= 91136  rew=+23.204  swp=19.5  map=0.0  trunc=0%  pl=-0.001  vl=0.211  ent=1.194  kl=0.0874  gn=1.453
  line_20q      1352ep | trunc=0%  swp=28.4±30.6  fid=0.0000  rew=+22.24
  ring_20q      1409ep | trunc=0%  swp=23.6±20.1  fid=0.0000  rew=+22.99
  grid_5x4_20q  1361ep | trunc=0%  swp=9.6±11.2  fid=0.0000  rew=+22.60
step= 91392  rew=+21.005  swp=19.6  map=0.0  trunc=0%  pl=-0.021  vl=0.208  ent=1.209  kl=0.0477  gn=0.992
  line_20q      1359ep | trunc=0%  swp=28.3±30.6  fid=0.0000  rew=+22.23
  ring_20q      1414ep | trunc=0%  swp=23.5±20.1  fid=0.0000  rew=+22.95
  grid_5x4_20q  1361ep | trunc=0%  swp=9.6±11.2  fid=0.0000  rew=+22.60
step= 91648  rew=+21.133  swp=13.2  map=0.0  trunc=0%  pl=0.013  vl=0.541  ent=1.059  kl=0.0255  gn=1.709
  line_20q      1363ep | trunc=0%  swp=28.3±30.5  fid=0.0000  rew=+22.22
  ring_20q      1422ep | trunc=0%  swp=23.5±20.1  fid=0.0000  rew=+22.96
  grid_5x4_20q  1369ep | trunc=0%  swp=9.6±11.1  fid=0.0000  rew=+22.58
step= 91904  rew=+20.900  swp=16.4  map=0.0  trunc=0%  pl=0.005  vl=0.435  ent=1.189  kl=0.0563  gn=1.589
  line_20q      1368ep | trunc=0%  swp=28.2±30.5  fid=0.0000  rew=+22.21
  ring_20q      1426ep | trunc=0%  swp=23.5±20.1  fid=0.0000  rew=+22.98
  grid_5x4_20q  1373ep | trunc=0%  swp=9.6±11.1  fid=0.0000  rew=+22.56
step= 92160  rew=+22.880  swp=23.0  map=0.1  trunc=0%  pl=0.021  vl=0.480  ent=1.580  kl=0.0979  gn=1.486
  line_20q      1370ep | trunc=0%  swp=28.3±30.6  fid=0.0000  rew=+22.22
  ring_20q      1431ep | trunc=0%  swp=23.5±20.1  fid=0.0000  rew=+22.99
  grid_5x4_20q  1374ep | trunc=0%  swp=9.6±11.1  fid=0.0000  rew=+22.56
step= 92416  rew=+22.994  swp=22.6  map=0.0  trunc=0%  pl=-0.008  vl=0.315  ent=1.157  kl=0.0166  gn=1.166
  line_20q      1374ep | trunc=0%  swp=28.2±30.5  fid=0.0000  rew=+22.20
  ring_20q      1437ep | trunc=0%  swp=23.6±20.0  fid=0.0000  rew=+23.02
  grid_5x4_20q  1378ep | trunc=0%  swp=9.6±11.1  fid=0.0000  rew=+22.54
step= 92672  rew=+22.464  swp=16.9  map=0.0  trunc=0%  pl=-0.019  vl=0.357  ent=1.290  kl=0.0668  gn=1.268
  line_20q      1379ep | trunc=0%  swp=28.2±30.5  fid=0.0000  rew=+22.20
  ring_20q      1441ep | trunc=0%  swp=23.6±20.0  fid=0.0000  rew=+23.04
  grid_5x4_20q  1384ep | trunc=0%  swp=9.6±11.1  fid=0.0000  rew=+22.53
step= 92928  rew=+23.609  swp=17.7  map=0.0  trunc=0%  pl=-0.018  vl=0.246  ent=1.330  kl=0.0921  gn=0.990
  line_20q      1381ep | trunc=0%  swp=28.2±30.5  fid=0.0000  rew=+22.18
  ring_20q      1446ep | trunc=0%  swp=23.6±20.0  fid=0.0000  rew=+23.05
  grid_5x4_20q  1387ep | trunc=0%  swp=9.6±11.1  fid=0.0000  rew=+22.56
step= 93184  rew=+24.221  swp=24.6  map=0.0  trunc=0%  pl=-0.003  vl=0.353  ent=1.180  kl=0.0528  gn=1.849
  line_20q      1386ep | trunc=0%  swp=28.3±30.5  fid=0.0000  rew=+22.20
  ring_20q      1449ep | trunc=0%  swp=23.5±20.0  fid=0.0000  rew=+23.03
  grid_5x4_20q  1389ep | trunc=0%  swp=9.6±11.1  fid=0.0000  rew=+22.56
step= 93440  rew=+22.427  swp=19.6  map=0.1  trunc=0%  pl=-0.007  vl=0.183  ent=1.128  kl=0.0778  gn=1.074
  line_20q      1389ep | trunc=0%  swp=28.3±30.5  fid=0.0000  rew=+22.21
  ring_20q      1454ep | trunc=0%  swp=23.5±20.0  fid=0.0000  rew=+23.02
  grid_5x4_20q  1394ep | trunc=0%  swp=9.6±11.1  fid=0.0000  rew=+22.56
step= 93696  rew=+20.819  swp=19.7  map=0.1  trunc=0%  pl=-0.044  vl=0.172  ent=1.151  kl=0.1332  gn=0.982
  line_20q      1397ep | trunc=0%  swp=28.3±30.5  fid=0.0000  rew=+22.20
  ring_20q      1456ep | trunc=0%  swp=23.5±20.0  fid=0.0000  rew=+23.01
  grid_5x4_20q  1398ep | trunc=0%  swp=9.6±11.0  fid=0.0000  rew=+22.56
step= 93952  rew=+21.746  swp=14.8  map=0.1  trunc=0%  pl=0.000  vl=0.288  ent=1.263  kl=0.0430  gn=1.232
  line_20q      1402ep | trunc=0%  swp=28.2±30.4  fid=0.0000  rew=+22.18
  ring_20q      1459ep | trunc=0%  swp=23.5±20.0  fid=0.0000  rew=+23.02
  grid_5x4_20q  1404ep | trunc=0%  swp=9.6±11.0  fid=0.0000  rew=+22.58
step= 94208  rew=+24.153  swp=18.4  map=0.1  trunc=0%  pl=0.017  vl=0.375  ent=1.178  kl=0.0969  gn=1.019
  line_20q      1404ep | trunc=0%  swp=28.2±30.4  fid=0.0000  rew=+22.18
  ring_20q      1466ep | trunc=0%  swp=23.5±19.9  fid=0.0000  rew=+23.04
  grid_5x4_20q  1409ep | trunc=0%  swp=9.6±11.0  fid=0.0000  rew=+22.57
step= 94464  rew=+24.067  swp=18.6  map=0.1  trunc=0%  pl=-0.025  vl=0.308  ent=1.132  kl=0.0578  gn=0.939
  line_20q      1409ep | trunc=0%  swp=28.2±30.4  fid=0.0000  rew=+22.18
  ring_20q      1473ep | trunc=0%  swp=23.5±19.9  fid=0.0000  rew=+23.03
  grid_5x4_20q  1412ep | trunc=0%  swp=9.6±11.0  fid=0.0000  rew=+22.58
step= 94720  rew=+21.170  swp=13.8  map=0.0  trunc=0%  pl=0.011  vl=0.419  ent=1.299  kl=0.1333  gn=1.168
  line_20q      1413ep | trunc=0%  swp=28.2±30.3  fid=0.0000  rew=+22.18
  ring_20q      1477ep | trunc=0%  swp=23.4±19.9  fid=0.0000  rew=+23.01
  grid_5x4_20q  1420ep | trunc=0%  swp=9.6±11.0  fid=0.0000  rew=+22.59
step= 94976  rew=+21.631  swp=15.1  map=0.1  trunc=0%  pl=-0.011  vl=0.135  ent=1.332  kl=0.0362  gn=1.217
  line_20q      1414ep | trunc=0%  swp=28.2±30.3  fid=0.0000  rew=+22.18
  ring_20q      1483ep | trunc=0%  swp=23.4±19.9  fid=0.0000  rew=+23.01
  grid_5x4_20q  1428ep | trunc=0%  swp=9.6±11.0  fid=0.0000  rew=+22.58
step= 95232  rew=+19.912  swp=12.9  map=0.1  trunc=0%  pl=-0.002  vl=0.290  ent=0.968  kl=0.0893  gn=0.888
  line_20q      1420ep | trunc=0%  swp=28.1±30.3  fid=0.0000  rew=+22.15
  ring_20q      1490ep | trunc=0%  swp=23.4±19.8  fid=0.0000  rew=+23.01
  grid_5x4_20q  1434ep | trunc=0%  swp=9.6±11.0  fid=0.0000  rew=+22.57
step= 95488  rew=+17.859  swp=12.8  map=0.1  trunc=0%  pl=-0.023  vl=0.198  ent=0.918  kl=0.0710  gn=0.841
  line_20q      1428ep | trunc=0%  swp=28.1±30.2  fid=0.0000  rew=+22.14
  ring_20q      1497ep | trunc=0%  swp=23.4±19.8  fid=0.0000  rew=+22.97
  grid_5x4_20q  1439ep | trunc=0%  swp=9.5±10.9  fid=0.0000  rew=+22.55
step= 95744  rew=+22.694  swp=14.9  map=0.1  trunc=0%  pl=-0.029  vl=0.233  ent=1.241  kl=0.0731  gn=1.053
  line_20q      1430ep | trunc=0%  swp=28.1±30.2  fid=0.0000  rew=+22.15
  ring_20q      1501ep | trunc=0%  swp=23.4±19.8  fid=0.0000  rew=+22.98
  grid_5x4_20q  1446ep | trunc=0%  swp=9.5±10.9  fid=0.0000  rew=+22.56
step= 96000  rew=+20.929  swp=13.6  map=0.1  trunc=0%  pl=-0.019  vl=0.212  ent=0.934  kl=0.0834  gn=1.009
  line_20q      1435ep | trunc=0%  swp=28.0±30.2  fid=0.0000  rew=+22.14
  ring_20q      1509ep | trunc=0%  swp=23.3±19.8  fid=0.0000  rew=+22.95
  grid_5x4_20q  1452ep | trunc=0%  swp=9.5±10.9  fid=0.0000  rew=+22.56
step= 96256  rew=+22.413  swp=15.7  map=0.1  trunc=0%  pl=-0.001  vl=0.174  ent=1.144  kl=0.0502  gn=1.515
  line_20q      1437ep | trunc=0%  swp=28.0±30.1  fid=0.0000  rew=+22.14
  ring_20q      1515ep | trunc=0%  swp=23.3±19.8  fid=0.0000  rew=+22.95
  grid_5x4_20q  1459ep | trunc=0%  swp=9.5±10.9  fid=0.0000  rew=+22.56
step= 96512  rew=+21.920  swp=18.0  map=0.1  trunc=0%  pl=0.024  vl=0.208  ent=1.013  kl=0.0813  gn=1.208
  line_20q      1439ep | trunc=0%  swp=28.0±30.1  fid=0.0000  rew=+22.15
  ring_20q      1522ep | trunc=0%  swp=23.3±19.7  fid=0.0000  rew=+22.93
  grid_5x4_20q  1464ep | trunc=0%  swp=9.5±10.9  fid=0.0000  rew=+22.57
step= 96768  rew=+22.972  swp=19.5  map=0.1  trunc=0%  pl=0.012  vl=0.254  ent=1.203  kl=0.0384  gn=1.364
  line_20q      1444ep | trunc=0%  swp=28.0±30.1  fid=0.0000  rew=+22.15
  ring_20q      1526ep | trunc=0%  swp=23.3±19.7  fid=0.0000  rew=+22.94
  grid_5x4_20q  1466ep | trunc=0%  swp=9.5±10.9  fid=0.0000  rew=+22.59
step= 97024  rew=+22.172  swp=16.1  map=0.0  trunc=0%  pl=-0.019  vl=0.362  ent=1.239  kl=0.0650  gn=1.266
  line_20q      1448ep | trunc=0%  swp=28.0±30.1  fid=0.0000  rew=+22.13
  ring_20q      1534ep | trunc=0%  swp=23.3±19.7  fid=0.0000  rew=+22.94
  grid_5x4_20q  1470ep | trunc=0%  swp=9.5±10.9  fid=0.0000  rew=+22.59
step= 97280  rew=+21.972  swp=13.8  map=0.3  trunc=0%  pl=-0.014  vl=0.170  ent=1.111  kl=0.0993  gn=1.069
  line_20q      1451ep | trunc=0%  swp=28.0±30.1  fid=0.0000  rew=+22.13
  ring_20q      1539ep | trunc=0%  swp=23.3±19.7  fid=0.0000  rew=+22.95
  grid_5x4_20q  1475ep | trunc=0%  swp=9.5±10.8  fid=0.0000  rew=+22.58
step= 97536  rew=+25.705  swp=21.8  map=0.2  trunc=0%  pl=-0.000  vl=0.293  ent=1.299  kl=0.1523  gn=1.239
  line_20q      1454ep | trunc=0%  swp=28.0±30.1  fid=0.0000  rew=+22.13
  ring_20q      1542ep | trunc=0%  swp=23.3±19.7  fid=0.0000  rew=+22.97
  grid_5x4_20q  1480ep | trunc=0%  swp=9.5±10.8  fid=0.0000  rew=+22.58
step= 97792  rew=+19.185  swp=10.8  map=0.0  trunc=0%  pl=-0.008  vl=0.342  ent=0.917  kl=0.1273  gn=1.293
  line_20q      1460ep | trunc=0%  swp=27.9±30.0  fid=0.0000  rew=+22.13
  ring_20q      1548ep | trunc=0%  swp=23.3±19.6  fid=0.0000  rew=+22.94
  grid_5x4_20q  1489ep | trunc=0%  swp=9.5±10.8  fid=0.0000  rew=+22.57
step= 98048  rew=+22.073  swp=15.8  map=0.1  trunc=0%  pl=0.002  vl=0.308  ent=0.966  kl=0.0576  gn=1.553
  line_20q      1466ep | trunc=0%  swp=27.9±30.0  fid=0.0000  rew=+22.12
  ring_20q      1554ep | trunc=0%  swp=23.2±19.6  fid=0.0000  rew=+22.96
  grid_5x4_20q  1491ep | trunc=0%  swp=9.5±10.8  fid=0.0000  rew=+22.57
step= 98304  rew=+19.255  swp=11.3  map=0.1  trunc=0%  pl=0.000  vl=0.165  ent=1.034  kl=0.0641  gn=1.418
  line_20q      1472ep | trunc=0%  swp=27.8±29.9  fid=0.0000  rew=+22.10
  ring_20q      1559ep | trunc=0%  swp=23.2±19.6  fid=0.0000  rew=+22.93
  grid_5x4_20q  1497ep | trunc=0%  swp=9.5±10.8  fid=0.0000  rew=+22.56
step= 98560  rew=+21.173  swp=19.2  map=0.0  trunc=0%  pl=0.008  vl=0.245  ent=1.012  kl=0.0324  gn=1.331
  line_20q      1479ep | trunc=0%  swp=27.8±29.9  fid=0.0000  rew=+22.12
  ring_20q      1564ep | trunc=0%  swp=23.2±19.6  fid=0.0000  rew=+22.91
  grid_5x4_20q  1498ep | trunc=0%  swp=9.5±10.8  fid=0.0000  rew=+22.55
step= 98816  rew=+20.860  swp=16.3  map=0.0  trunc=0%  pl=0.015  vl=0.378  ent=0.854  kl=0.0351  gn=1.151
  line_20q      1483ep | trunc=0%  swp=27.8±29.9  fid=0.0000  rew=+22.11
  ring_20q      1570ep | trunc=0%  swp=23.2±19.5  fid=0.0000  rew=+22.92
  grid_5x4_20q  1500ep | trunc=0%  swp=9.5±10.8  fid=0.0000  rew=+22.55
step= 99072  rew=+19.327  swp=13.3  map=0.1  trunc=0%  pl=-0.009  vl=0.284  ent=0.850  kl=0.0486  gn=1.274
  line_20q      1493ep | trunc=0%  swp=27.8±29.8  fid=0.0000  rew=+22.09
  ring_20q      1573ep | trunc=0%  swp=23.1±19.5  fid=0.0000  rew=+22.92
  grid_5x4_20q  1507ep | trunc=0%  swp=9.5±10.7  fid=0.0000  rew=+22.53
step= 99328  rew=+19.487  swp=13.8  map=0.1  trunc=0%  pl=0.006  vl=0.473  ent=0.983  kl=0.0494  gn=1.239
  line_20q      1496ep | trunc=0%  swp=27.8±29.8  fid=0.0000  rew=+22.10
  ring_20q      1580ep | trunc=0%  swp=23.1±19.5  fid=0.0000  rew=+22.90
  grid_5x4_20q  1512ep | trunc=0%  swp=9.5±10.7  fid=0.0000  rew=+22.53
step= 99584  rew=+20.291  swp=13.4  map=0.0  trunc=0%  pl=0.024  vl=0.354  ent=0.994  kl=0.0705  gn=1.389
  line_20q      1499ep | trunc=0%  swp=27.8±29.8  fid=0.0000  rew=+22.11
  ring_20q      1588ep | trunc=0%  swp=23.1±19.5  fid=0.0000  rew=+22.89
  grid_5x4_20q  1517ep | trunc=0%  swp=9.4±10.7  fid=0.0000  rew=+22.52
step= 99840  rew=+19.448  swp=15.1  map=0.0  trunc=0%  pl=0.019  vl=0.391  ent=0.957  kl=0.0480  gn=1.268
  line_20q      1505ep | trunc=0%  swp=27.7±29.7  fid=0.0000  rew=+22.09
  ring_20q      1593ep | trunc=0%  swp=23.1±19.5  fid=0.0000  rew=+22.89
  grid_5x4_20q  1523ep | trunc=0%  swp=9.4±10.7  fid=0.0000  rew=+22.50
step=100096  rew=+23.895  swp=18.4  map=0.0  trunc=0%  pl=-0.029  vl=0.329  ent=1.311  kl=0.1444  gn=1.549
  line_20q      1509ep | trunc=0%  swp=27.7±29.7  fid=0.0000  rew=+22.09
  ring_20q      1595ep | trunc=0%  swp=23.1±19.5  fid=0.0000  rew=+22.90
  grid_5x4_20q  1529ep | trunc=0%  swp=9.4±10.7  fid=0.0000  rew=+22.52
step=100352  rew=+25.922  swp=22.6  map=0.0  trunc=0%  pl=0.006  vl=0.196  ent=1.275  kl=0.0502  gn=1.283
  line_20q      1511ep | trunc=0%  swp=27.7±29.7  fid=0.0000  rew=+22.10
  ring_20q      1602ep | trunc=0%  swp=23.1±19.5  fid=0.0000  rew=+22.90
  grid_5x4_20q  1531ep | trunc=0%  swp=9.4±10.7  fid=0.0000  rew=+22.53
step=100608  rew=+25.584  swp=18.5  map=0.0  trunc=0%  pl=-0.005  vl=0.211  ent=1.297  kl=0.1062  gn=1.059
  line_20q      1517ep | trunc=0%  swp=27.7±29.7  fid=0.0000  rew=+22.09
  ring_20q      1605ep | trunc=0%  swp=23.1±19.4  fid=0.0000  rew=+22.92
  grid_5x4_20q  1535ep | trunc=0%  swp=9.4±10.7  fid=0.0000  rew=+22.54
step=100864  rew=+25.550  swp=23.4  map=0.0  trunc=0%  pl=0.024  vl=0.392  ent=1.215  kl=0.0594  gn=1.569
  line_20q      1522ep | trunc=0%  swp=27.7±29.7  fid=0.0000  rew=+22.10
  ring_20q      1608ep | trunc=0%  swp=23.1±19.4  fid=0.0000  rew=+22.92
  grid_5x4_20q  1535ep | trunc=0%  swp=9.4±10.7  fid=0.0000  rew=+22.54
step=101120  rew=+18.562  swp=8.8  map=0.1  trunc=0%  pl=-0.043  vl=0.533  ent=1.129  kl=0.0493  gn=2.051
  line_20q      1531ep | trunc=0%  swp=27.6±29.6  fid=0.0000  rew=+22.07
  ring_20q      1611ep | trunc=0%  swp=23.1±19.4  fid=0.0000  rew=+22.90
  grid_5x4_20q  1544ep | trunc=0%  swp=9.4±10.7  fid=0.0000  rew=+22.55
step=101376  rew=+19.409  swp=13.6  map=0.1  trunc=0%  pl=-0.003  vl=0.349  ent=0.956  kl=0.0544  gn=1.846
  line_20q      1540ep | trunc=0%  swp=27.6±29.6  fid=0.0000  rew=+22.07
  ring_20q      1615ep | trunc=0%  swp=23.0±19.4  fid=0.0000  rew=+22.89
  grid_5x4_20q  1549ep | trunc=0%  swp=9.4±10.6  fid=0.0000  rew=+22.53
step=101632  rew=+24.994  swp=17.6  map=0.0  trunc=0%  pl=-0.024  vl=0.234  ent=1.288  kl=0.0577  gn=1.230
  line_20q      1544ep | trunc=0%  swp=27.6±29.5  fid=0.0000  rew=+22.06
  ring_20q      1620ep | trunc=0%  swp=23.0±19.4  fid=0.0000  rew=+22.90
  grid_5x4_20q  1553ep | trunc=0%  swp=9.4±10.6  fid=0.0000  rew=+22.55
step=101888  rew=+23.272  swp=15.8  map=0.0  trunc=0%  pl=-0.011  vl=0.182  ent=1.134  kl=0.0951  gn=1.152
  line_20q      1549ep | trunc=0%  swp=27.6±29.5  fid=0.0000  rew=+22.08
  ring_20q      1625ep | trunc=0%  swp=23.0±19.4  fid=0.0000  rew=+22.88
  grid_5x4_20q  1558ep | trunc=0%  swp=9.4±10.6  fid=0.0000  rew=+22.56
step=102144  rew=+21.968  swp=13.6  map=0.0  trunc=0%  pl=-0.011  vl=0.168  ent=1.139  kl=0.0422  gn=1.193
  line_20q      1552ep | trunc=0%  swp=27.5±29.5  fid=0.0000  rew=+22.08
  ring_20q      1632ep | trunc=0%  swp=23.0±19.4  fid=0.0000  rew=+22.88
  grid_5x4_20q  1563ep | trunc=0%  swp=9.4±10.6  fid=0.0000  rew=+22.55
step=102400  rew=+20.359  swp=14.1  map=0.1  trunc=0%  pl=-0.014  vl=0.136  ent=0.964  kl=0.0587  gn=1.143
  line_20q      1558ep | trunc=0%  swp=27.5±29.4  fid=0.0000  rew=+22.08
  ring_20q      1637ep | trunc=0%  swp=22.9±19.4  fid=0.0000  rew=+22.86
  grid_5x4_20q  1568ep | trunc=0%  swp=9.4±10.6  fid=0.0000  rew=+22.54
step=102656  rew=+22.826  swp=14.5  map=0.1  trunc=0%  pl=-0.014  vl=0.380  ent=1.039  kl=0.0618  gn=1.404
  line_20q      1562ep | trunc=0%  swp=27.6±29.4  fid=0.0000  rew=+22.09
  ring_20q      1642ep | trunc=0%  swp=22.9±19.3  fid=0.0000  rew=+22.85
  grid_5x4_20q  1578ep | trunc=0%  swp=9.4±10.6  fid=0.0000  rew=+22.56
step=102912  rew=+20.706  swp=14.6  map=0.1  trunc=0%  pl=-0.006  vl=0.278  ent=1.062  kl=0.1132  gn=1.866
  line_20q      1567ep | trunc=0%  swp=27.5±29.4  fid=0.0000  rew=+22.10
  ring_20q      1650ep | trunc=0%  swp=22.8±19.3  fid=0.0000  rew=+22.83
  grid_5x4_20q  1581ep | trunc=0%  swp=9.4±10.6  fid=0.0000  rew=+22.55
step=103168  rew=+21.313  swp=13.2  map=0.0  trunc=0%  pl=-0.023  vl=0.230  ent=1.050  kl=0.0847  gn=1.233
  line_20q      1571ep | trunc=0%  swp=27.5±29.4  fid=0.0000  rew=+22.10
  ring_20q      1656ep | trunc=0%  swp=22.8±19.3  fid=0.0000  rew=+22.82
  grid_5x4_20q  1585ep | trunc=0%  swp=9.4±10.6  fid=0.0000  rew=+22.57
step=103424  rew=+23.796  swp=14.3  map=0.0  trunc=0%  pl=0.014  vl=0.317  ent=1.062  kl=0.0533  gn=1.842
  line_20q      1575ep | trunc=0%  swp=27.5±29.4  fid=0.0000  rew=+22.10
  ring_20q      1661ep | trunc=0%  swp=22.8±19.3  fid=0.0000  rew=+22.80
  grid_5x4_20q  1595ep | trunc=0%  swp=9.4±10.6  fid=0.0000  rew=+22.60
step=103680  rew=+21.863  swp=15.0  map=0.0  trunc=0%  pl=0.013  vl=0.240  ent=1.268  kl=0.0475  gn=1.591
  line_20q      1577ep | trunc=0%  swp=27.5±29.3  fid=0.0000  rew=+22.10
  ring_20q      1665ep | trunc=0%  swp=22.8±19.3  fid=0.0000  rew=+22.81
  grid_5x4_20q  1603ep | trunc=0%  swp=9.4±10.5  fid=0.0000  rew=+22.58
step=103936  rew=+22.556  swp=21.2  map=0.0  trunc=0%  pl=0.007  vl=0.389  ent=1.313  kl=0.0533  gn=2.033
  line_20q      1582ep | trunc=0%  swp=27.5±29.3  fid=0.0000  rew=+22.11
  ring_20q      1667ep | trunc=0%  swp=22.8±19.3  fid=0.0000  rew=+22.81
  grid_5x4_20q  1604ep | trunc=0%  swp=9.4±10.5  fid=0.0000  rew=+22.57
step=104192  rew=+22.808  swp=21.9  map=0.1  trunc=0%  pl=0.010  vl=0.745  ent=1.102  kl=0.0385  gn=1.701
  line_20q      1587ep | trunc=0%  swp=27.6±29.3  fid=0.0000  rew=+22.12
  ring_20q      1670ep | trunc=0%  swp=22.8±19.3  fid=0.0000  rew=+22.82
  grid_5x4_20q  1609ep | trunc=0%  swp=9.4±10.5  fid=0.0000  rew=+22.56
step=104448  rew=+24.593  swp=17.9  map=0.1  trunc=0%  pl=0.004  vl=0.303  ent=1.015  kl=0.0367  gn=1.178
  line_20q      1592ep | trunc=0%  swp=27.5±29.3  fid=0.0000  rew=+22.13
  ring_20q      1676ep | trunc=0%  swp=22.8±19.3  fid=0.0000  rew=+22.82
  grid_5x4_20q  1613ep | trunc=0%  swp=9.4±10.5  fid=0.0000  rew=+22.57
step=104704  rew=+21.728  swp=14.8  map=0.0  trunc=0%  pl=0.009  vl=0.222  ent=1.198  kl=0.0409  gn=1.223
  line_20q      1598ep | trunc=0%  swp=27.5±29.3  fid=0.0000  rew=+22.13
  ring_20q      1678ep | trunc=0%  swp=22.8±19.3  fid=0.0000  rew=+22.83
  grid_5x4_20q  1619ep | trunc=0%  swp=9.4±10.5  fid=0.0000  rew=+22.55
step=104960  rew=+24.211  swp=17.9  map=0.1  trunc=0%  pl=0.012  vl=0.318  ent=0.972  kl=0.0296  gn=1.043
  line_20q      1603ep | trunc=0%  swp=27.4±29.2  fid=0.0000  rew=+22.11
  ring_20q      1686ep | trunc=0%  swp=22.8±19.2  fid=0.0000  rew=+22.86
  grid_5x4_20q  1622ep | trunc=0%  swp=9.4±10.5  fid=0.0000  rew=+22.55
step=105216  rew=+24.247  swp=14.4  map=0.0  trunc=0%  pl=-0.000  vl=0.177  ent=1.100  kl=0.0277  gn=1.275
  line_20q      1607ep | trunc=0%  swp=27.4±29.2  fid=0.0000  rew=+22.12
  ring_20q      1690ep | trunc=0%  swp=22.8±19.2  fid=0.0000  rew=+22.85
  grid_5x4_20q  1628ep | trunc=0%  swp=9.4±10.5  fid=0.0000  rew=+22.56
step=105472  rew=+25.388  swp=20.6  map=0.0  trunc=0%  pl=-0.004  vl=0.355  ent=1.339  kl=0.1217  gn=1.408
  line_20q      1611ep | trunc=0%  swp=27.4±29.2  fid=0.0000  rew=+22.12
  ring_20q      1694ep | trunc=0%  swp=22.8±19.2  fid=0.0000  rew=+22.87
  grid_5x4_20q  1630ep | trunc=0%  swp=9.4±10.5  fid=0.0000  rew=+22.56
step=105728  rew=+22.729  swp=21.0  map=0.0  trunc=0%  pl=-0.007  vl=0.494  ent=1.115  kl=0.1248  gn=1.201
  line_20q      1618ep | trunc=0%  swp=27.4±29.1  fid=0.0000  rew=+22.11
  ring_20q      1698ep | trunc=0%  swp=22.8±19.2  fid=0.0000  rew=+22.86
  grid_5x4_20q  1632ep | trunc=0%  swp=9.4±10.5  fid=0.0000  rew=+22.56
step=105984  rew=+22.485  swp=20.7  map=0.0  trunc=0%  pl=0.003  vl=0.200  ent=1.296  kl=0.0671  gn=1.260
  line_20q      1622ep | trunc=0%  swp=27.4±29.1  fid=0.0000  rew=+22.13
  ring_20q      1704ep | trunc=0%  swp=22.8±19.2  fid=0.0000  rew=+22.85
  grid_5x4_20q  1634ep | trunc=0%  swp=9.4±10.4  fid=0.0000  rew=+22.56
step=106240  rew=+22.856  swp=17.1  map=0.0  trunc=0%  pl=-0.036  vl=0.403  ent=1.231  kl=0.1702  gn=1.022
  line_20q      1626ep | trunc=0%  swp=27.4±29.1  fid=0.0000  rew=+22.12
  ring_20q      1710ep | trunc=0%  swp=22.8±19.2  fid=0.0000  rew=+22.87
  grid_5x4_20q  1637ep | trunc=0%  swp=9.4±10.4  fid=0.0000  rew=+22.57
step=106496  rew=+26.554  swp=25.3  map=0.0  trunc=0%  pl=0.021  vl=0.291  ent=1.523  kl=0.0683  gn=1.580
  line_20q      1629ep | trunc=0%  swp=27.4±29.1  fid=0.0000  rew=+22.14
  ring_20q      1712ep | trunc=0%  swp=22.8±19.2  fid=0.0000  rew=+22.88
  grid_5x4_20q  1638ep | trunc=0%  swp=9.4±10.4  fid=0.0000  rew=+22.57
step=106752  rew=+24.921  swp=24.9  map=0.0  trunc=0%  pl=-0.006  vl=0.192  ent=1.366  kl=0.0466  gn=1.336
  line_20q      1633ep | trunc=0%  swp=27.5±29.1  fid=0.0000  rew=+22.14
  ring_20q      1717ep | trunc=0%  swp=22.8±19.2  fid=0.0000  rew=+22.88
  grid_5x4_20q  1641ep | trunc=0%  swp=9.4±10.4  fid=0.0000  rew=+22.56
step=107008  rew=+24.045  swp=19.6  map=0.0  trunc=0%  pl=0.000  vl=0.274  ent=1.347  kl=0.0447  gn=1.634
  line_20q      1638ep | trunc=0%  swp=27.4±29.1  fid=0.0000  rew=+22.14
  ring_20q      1719ep | trunc=0%  swp=22.8±19.2  fid=0.0000  rew=+22.89
  grid_5x4_20q  1646ep | trunc=0%  swp=9.4±10.4  fid=0.0000  rew=+22.57
step=107264  rew=+23.400  swp=21.0  map=0.0  trunc=0%  pl=-0.023  vl=0.230  ent=1.351  kl=0.0507  gn=1.146
  line_20q      1646ep | trunc=0%  swp=27.4±29.0  fid=0.0000  rew=+22.13
  ring_20q      1723ep | trunc=0%  swp=22.8±19.2  fid=0.0000  rew=+22.89
  grid_5x4_20q  1647ep | trunc=0%  swp=9.4±10.4  fid=0.0000  rew=+22.57
step=107520  rew=+21.831  swp=17.3  map=0.1  trunc=0%  pl=-0.007  vl=0.198  ent=1.258  kl=0.0262  gn=1.191
  line_20q      1651ep | trunc=0%  swp=27.4±29.0  fid=0.0000  rew=+22.14
  ring_20q      1726ep | trunc=0%  swp=22.8±19.1  fid=0.0000  rew=+22.88
  grid_5x4_20q  1653ep | trunc=0%  swp=9.3±10.4  fid=0.0000  rew=+22.57
step=107776  rew=+19.743  swp=15.2  map=0.1  trunc=0%  pl=-0.011  vl=0.351  ent=1.198  kl=0.0472  gn=1.313
  line_20q      1654ep | trunc=0%  swp=27.4±29.0  fid=0.0000  rew=+22.14
  ring_20q      1732ep | trunc=0%  swp=22.8±19.1  fid=0.0000  rew=+22.87
  grid_5x4_20q  1659ep | trunc=0%  swp=9.3±10.4  fid=0.0000  rew=+22.56
step=108032  rew=+20.804  swp=15.6  map=0.1  trunc=0%  pl=0.007  vl=0.182  ent=1.212  kl=0.0475  gn=1.390
  line_20q      1657ep | trunc=0%  swp=27.4±29.0  fid=0.0000  rew=+22.14
  ring_20q      1738ep | trunc=0%  swp=22.8±19.1  fid=0.0000  rew=+22.86
  grid_5x4_20q  1664ep | trunc=0%  swp=9.3±10.4  fid=0.0000  rew=+22.57
step=108288  rew=+21.917  swp=15.8  map=0.1  trunc=0%  pl=-0.025  vl=0.346  ent=1.188  kl=0.1577  gn=1.140
  line_20q      1662ep | trunc=0%  swp=27.4±28.9  fid=0.0000  rew=+22.14
  ring_20q      1744ep | trunc=0%  swp=22.7±19.1  fid=0.0000  rew=+22.84
  grid_5x4_20q  1667ep | trunc=0%  swp=9.3±10.4  fid=0.0000  rew=+22.58
step=108544  rew=+20.989  swp=15.1  map=0.0  trunc=0%  pl=-0.059  vl=0.154  ent=1.187  kl=0.2260  gn=0.950
  line_20q      1665ep | trunc=0%  swp=27.4±28.9  fid=0.0000  rew=+22.13
  ring_20q      1749ep | trunc=0%  swp=22.7±19.1  fid=0.0000  rew=+22.85
  grid_5x4_20q  1671ep | trunc=0%  swp=9.3±10.4  fid=0.0000  rew=+22.58
step=108800  rew=+22.941  swp=22.8  map=0.0  trunc=0%  pl=0.012  vl=0.095  ent=1.266  kl=0.0589  gn=1.266
  line_20q      1671ep | trunc=0%  swp=27.5±29.0  fid=0.0000  rew=+22.14
  ring_20q      1752ep | trunc=0%  swp=22.7±19.0  fid=0.0000  rew=+22.85
  grid_5x4_20q  1673ep | trunc=0%  swp=9.3±10.4  fid=0.0000  rew=+22.58
step=109056  rew=+17.505  swp=10.3  map=0.1  trunc=0%  pl=0.008  vl=0.132  ent=0.972  kl=0.0450  gn=1.474
  line_20q      1677ep | trunc=0%  swp=27.4±29.0  fid=0.0000  rew=+22.13
  ring_20q      1756ep | trunc=0%  swp=22.7±19.0  fid=0.0000  rew=+22.83
  grid_5x4_20q  1683ep | trunc=0%  swp=9.3±10.4  fid=0.0000  rew=+22.56
step=109312  rew=+19.796  swp=14.8  map=0.0  trunc=0%  pl=-0.013  vl=0.306  ent=1.059  kl=0.0479  gn=1.499
  line_20q      1684ep | trunc=0%  swp=27.4±28.9  fid=0.0000  rew=+22.13
  ring_20q      1759ep | trunc=0%  swp=22.7±19.0  fid=0.0000  rew=+22.81
  grid_5x4_20q  1687ep | trunc=0%  swp=9.3±10.3  fid=0.0000  rew=+22.56
step=109568  rew=+20.727  swp=15.6  map=0.0  trunc=0%  pl=-0.005  vl=0.221  ent=0.949  kl=0.0317  gn=1.238
  line_20q      1688ep | trunc=0%  swp=27.4±28.9  fid=0.0000  rew=+22.14
  ring_20q      1767ep | trunc=0%  swp=22.6±19.0  fid=0.0000  rew=+22.80
  grid_5x4_20q  1691ep | trunc=0%  swp=9.3±10.3  fid=0.0000  rew=+22.55
step=109824  rew=+20.867  swp=15.5  map=0.0  trunc=0%  pl=0.014  vl=0.308  ent=1.185  kl=0.0394  gn=1.448
  line_20q      1696ep | trunc=0%  swp=27.4±28.9  fid=0.0000  rew=+22.13
  ring_20q      1771ep | trunc=0%  swp=22.6±19.0  fid=0.0000  rew=+22.78
  grid_5x4_20q  1692ep | trunc=0%  swp=9.3±10.3  fid=0.0000  rew=+22.56
step=110080  rew=+24.663  swp=23.4  map=0.0  trunc=0%  pl=0.008  vl=0.261  ent=1.088  kl=0.0621  gn=1.208
  line_20q      1700ep | trunc=0%  swp=27.4±28.9  fid=0.0000  rew=+22.15
  ring_20q      1774ep | trunc=0%  swp=22.6±19.0  fid=0.0000  rew=+22.79
  grid_5x4_20q  1695ep | trunc=0%  swp=9.3±10.3  fid=0.0000  rew=+22.56
step=110336  rew=+21.893  swp=18.4  map=0.0  trunc=0%  pl=0.005  vl=0.288  ent=1.094  kl=0.0499  gn=1.536
  line_20q      1706ep | trunc=0%  swp=27.4±28.8  fid=0.0000  rew=+22.14
  ring_20q      1776ep | trunc=0%  swp=22.6±19.0  fid=0.0000  rew=+22.79
  grid_5x4_20q  1700ep | trunc=0%  swp=9.3±10.3  fid=0.0000  rew=+22.54
step=110592  rew=+20.987  swp=18.1  map=0.0  trunc=0%  pl=0.026  vl=0.327  ent=1.112  kl=0.0713  gn=1.425
  line_20q      1709ep | trunc=0%  swp=27.4±28.8  fid=0.0000  rew=+22.15
  ring_20q      1782ep | trunc=0%  swp=22.6±19.0  fid=0.0000  rew=+22.80
  grid_5x4_20q  1704ep | trunc=0%  swp=9.3±10.3  fid=0.0000  rew=+22.53
step=110848  rew=+21.208  swp=18.6  map=0.1  trunc=0%  pl=0.007  vl=0.220  ent=0.914  kl=0.0750  gn=1.210
  line_20q      1716ep | trunc=0%  swp=27.4±28.8  fid=0.0000  rew=+22.14
  ring_20q      1784ep | trunc=0%  swp=22.6±19.0  fid=0.0000  rew=+22.80
  grid_5x4_20q  1708ep | trunc=0%  swp=9.3±10.3  fid=0.0000  rew=+22.52
step=111104  rew=+22.197  swp=18.4  map=0.1  trunc=0%  pl=-0.019  vl=0.164  ent=1.022  kl=0.1140  gn=1.022
  line_20q      1718ep | trunc=0%  swp=27.4±28.8  fid=0.0000  rew=+22.14
  ring_20q      1791ep | trunc=0%  swp=22.6±19.0  fid=0.0000  rew=+22.80
  grid_5x4_20q  1713ep | trunc=0%  swp=9.3±10.3  fid=0.0000  rew=+22.52
step=111360  rew=+21.357  swp=14.3  map=0.0  trunc=0%  pl=0.007  vl=0.249  ent=0.953  kl=0.0741  gn=1.067
  line_20q      1723ep | trunc=0%  swp=27.4±28.7  fid=0.0000  rew=+22.15
  ring_20q      1797ep | trunc=0%  swp=22.6±18.9  fid=0.0000  rew=+22.78
  grid_5x4_20q  1720ep | trunc=0%  swp=9.3±10.3  fid=0.0000  rew=+22.52
step=111616  rew=+23.892  swp=19.2  map=0.1  trunc=0%  pl=-0.004  vl=0.149  ent=1.108  kl=0.0349  gn=1.278
  line_20q      1726ep | trunc=0%  swp=27.4±28.7  fid=0.0000  rew=+22.16
  ring_20q      1802ep | trunc=0%  swp=22.5±18.9  fid=0.0000  rew=+22.78
  grid_5x4_20q  1724ep | trunc=0%  swp=9.3±10.3  fid=0.0000  rew=+22.53
step=111872  rew=+22.036  swp=18.6  map=0.0  trunc=0%  pl=-0.009  vl=0.165  ent=0.895  kl=0.0687  gn=0.946
  line_20q      1732ep | trunc=0%  swp=27.4±28.7  fid=0.0000  rew=+22.16
  ring_20q      1806ep | trunc=0%  swp=22.5±18.9  fid=0.0000  rew=+22.77
  grid_5x4_20q  1727ep | trunc=0%  swp=9.3±10.3  fid=0.0000  rew=+22.52
step=112128  rew=+22.399  swp=16.9  map=0.1  trunc=0%  pl=-0.004  vl=0.150  ent=1.129  kl=0.0609  gn=1.203
  line_20q      1735ep | trunc=0%  swp=27.4±28.7  fid=0.0000  rew=+22.18
  ring_20q      1809ep | trunc=0%  swp=22.5±18.9  fid=0.0000  rew=+22.77
  grid_5x4_20q  1733ep | trunc=0%  swp=9.3±10.2  fid=0.0000  rew=+22.52
step=112384  rew=+21.083  swp=16.8  map=0.1  trunc=0%  pl=-0.011  vl=0.379  ent=0.945  kl=0.0438  gn=1.276
  line_20q      1740ep | trunc=0%  swp=27.4±28.7  fid=0.0000  rew=+22.16
  ring_20q      1815ep | trunc=0%  swp=22.5±18.9  fid=0.0000  rew=+22.78
  grid_5x4_20q  1737ep | trunc=0%  swp=9.3±10.2  fid=0.0000  rew=+22.50
step=112640  rew=+17.821  swp=11.1  map=0.0  trunc=0%  pl=-0.004  vl=0.175  ent=0.964  kl=0.0892  gn=1.389
  line_20q      1746ep | trunc=0%  swp=27.4±28.6  fid=0.0000  rew=+22.15
  ring_20q      1821ep | trunc=0%  swp=22.5±18.9  fid=0.0000  rew=+22.76
  grid_5x4_20q  1742ep | trunc=0%  swp=9.2±10.2  fid=0.0000  rew=+22.49
step=112896  rew=+22.046  swp=21.2  map=0.0  trunc=0%  pl=-0.015  vl=0.234  ent=0.959  kl=0.0475  gn=1.013
  line_20q      1749ep | trunc=0%  swp=27.4±28.7  fid=0.0000  rew=+22.18
  ring_20q      1824ep | trunc=0%  swp=22.5±18.9  fid=0.0000  rew=+22.75
  grid_5x4_20q  1744ep | trunc=0%  swp=9.3±10.2  fid=0.0000  rew=+22.50
step=113152  rew=+25.673  swp=26.9  map=0.0  trunc=0%  pl=0.024  vl=0.307  ent=0.830  kl=0.0459  gn=1.412
  line_20q      1756ep | trunc=0%  swp=27.4±28.7  fid=0.0000  rew=+22.20
  ring_20q      1826ep | trunc=0%  swp=22.5±18.9  fid=0.0000  rew=+22.75
  grid_5x4_20q  1745ep | trunc=0%  swp=9.2±10.2  fid=0.0000  rew=+22.50
step=113408  rew=+22.052  swp=15.8  map=0.1  trunc=0%  pl=-0.007  vl=0.338  ent=0.866  kl=0.0548  gn=1.523
  line_20q      1762ep | trunc=0%  swp=27.4±28.6  fid=0.0000  rew=+22.20
  ring_20q      1829ep | trunc=0%  swp=22.5±18.8  fid=0.0000  rew=+22.74
  grid_5x4_20q  1752ep | trunc=0%  swp=9.2±10.2  fid=0.0000  rew=+22.49
step=113664  rew=+23.318  swp=18.2  map=0.1  trunc=0%  pl=0.050  vl=0.378  ent=0.953  kl=0.1230  gn=1.354
  line_20q      1769ep | trunc=0%  swp=27.4±28.6  fid=0.0000  rew=+22.23
  ring_20q      1831ep | trunc=0%  swp=22.5±18.8  fid=0.0000  rew=+22.75
  grid_5x4_20q  1755ep | trunc=0%  swp=9.2±10.2  fid=0.0000  rew=+22.48
step=113920  rew=+20.959  swp=14.0  map=0.1  trunc=0%  pl=0.024  vl=0.284  ent=0.764  kl=0.0540  gn=1.347
  line_20q      1773ep | trunc=0%  swp=27.4±28.6  fid=0.0000  rew=+22.21
  ring_20q      1836ep | trunc=0%  swp=22.5±18.8  fid=0.0000  rew=+22.75
  grid_5x4_20q  1763ep | trunc=0%  swp=9.2±10.2  fid=0.0000  rew=+22.47
step=114176  rew=+22.302  swp=17.1  map=0.1  trunc=0%  pl=0.033  vl=0.241  ent=0.790  kl=0.0648  gn=1.348
  line_20q      1776ep | trunc=0%  swp=27.4±28.6  fid=0.0000  rew=+22.22
  ring_20q      1842ep | trunc=0%  swp=22.5±18.8  fid=0.0000  rew=+22.75
  grid_5x4_20q  1767ep | trunc=0%  swp=9.2±10.2  fid=0.0000  rew=+22.46
step=114432  rew=+23.117  swp=16.8  map=0.0  trunc=0%  pl=0.001  vl=0.456  ent=0.923  kl=0.0516  gn=0.981
  line_20q      1780ep | trunc=0%  swp=27.4±28.5  fid=0.0000  rew=+22.22
  ring_20q      1848ep | trunc=0%  swp=22.5±18.8  fid=0.0000  rew=+22.77
  grid_5x4_20q  1769ep | trunc=0%  swp=9.2±10.2  fid=0.0000  rew=+22.46
step=114688  rew=+25.088  swp=24.6  map=0.0  trunc=0%  pl=-0.022  vl=0.235  ent=1.063  kl=0.1517  gn=1.226
  line_20q      1785ep | trunc=0%  swp=27.5±28.5  fid=0.0000  rew=+22.24
  ring_20q      1850ep | trunc=0%  swp=22.5±18.8  fid=0.0000  rew=+22.78
  grid_5x4_20q  1770ep | trunc=0%  swp=9.2±10.2  fid=0.0000  rew=+22.45
step=114944  rew=+23.184  swp=23.1  map=0.1  trunc=0%  pl=-0.002  vl=0.283  ent=0.839  kl=0.0229  gn=1.160
  line_20q      1791ep | trunc=0%  swp=27.4±28.5  fid=0.0000  rew=+22.23
  ring_20q      1854ep | trunc=0%  swp=22.5±18.8  fid=0.0000  rew=+22.78
  grid_5x4_20q  1773ep | trunc=0%  swp=9.2±10.2  fid=0.0000  rew=+22.45
step=115200  rew=+23.065  swp=20.4  map=0.0  trunc=0%  pl=-0.015  vl=0.256  ent=0.743  kl=0.0521  gn=1.326
  line_20q      1798ep | trunc=0%  swp=27.4±28.5  fid=0.0000  rew=+22.22
  ring_20q      1859ep | trunc=0%  swp=22.5±18.7  fid=0.0000  rew=+22.78
  grid_5x4_20q  1774ep | trunc=0%  swp=9.2±10.2  fid=0.0000  rew=+22.45
step=115456  rew=+20.534  swp=13.6  map=0.0  trunc=0%  pl=0.007  vl=0.385  ent=0.944  kl=0.0297  gn=1.511
  line_20q      1801ep | trunc=0%  swp=27.4±28.4  fid=0.0000  rew=+22.22
  ring_20q      1868ep | trunc=0%  swp=22.4±18.7  fid=0.0000  rew=+22.77
  grid_5x4_20q  1779ep | trunc=0%  swp=9.2±10.2  fid=0.0000  rew=+22.46
step=115712  rew=+21.816  swp=16.9  map=0.0  trunc=0%  pl=0.013  vl=0.486  ent=0.874  kl=0.0762  gn=1.402
  line_20q      1806ep | trunc=0%  swp=27.4±28.4  fid=0.0000  rew=+22.22
  ring_20q      1873ep | trunc=0%  swp=22.4±18.7  fid=0.0000  rew=+22.77
  grid_5x4_20q  1782ep | trunc=0%  swp=9.2±10.2  fid=0.0000  rew=+22.45
step=115968  rew=+20.617  swp=13.8  map=0.1  trunc=0%  pl=0.002  vl=0.125  ent=0.853  kl=0.0276  gn=1.203
  line_20q      1812ep | trunc=0%  swp=27.3±28.4  fid=0.0000  rew=+22.22
  ring_20q      1877ep | trunc=0%  swp=22.4±18.7  fid=0.0000  rew=+22.76
  grid_5x4_20q  1789ep | trunc=0%  swp=9.2±10.1  fid=0.0000  rew=+22.47
step=116224  rew=+22.100  swp=15.4  map=0.0  trunc=0%  pl=-0.016  vl=0.235  ent=0.866  kl=0.0474  gn=1.032
  line_20q      1819ep | trunc=0%  swp=27.3±28.3  fid=0.0000  rew=+22.20
  ring_20q      1880ep | trunc=0%  swp=22.4±18.7  fid=0.0000  rew=+22.76
  grid_5x4_20q  1793ep | trunc=0%  swp=9.2±10.1  fid=0.0000  rew=+22.49
step=116480  rew=+20.343  swp=13.6  map=0.0  trunc=0%  pl=0.002  vl=0.183  ent=0.942  kl=0.1217  gn=1.194
  line_20q      1825ep | trunc=0%  swp=27.3±28.3  fid=0.0000  rew=+22.21
  ring_20q      1883ep | trunc=0%  swp=22.4±18.7  fid=0.0000  rew=+22.75
  grid_5x4_20q  1801ep | trunc=0%  swp=9.2±10.1  fid=0.0000  rew=+22.47
step=116736  rew=+22.373  swp=11.1  map=0.1  trunc=0%  pl=-0.015  vl=0.252  ent=0.852  kl=0.0850  gn=0.783
  line_20q      1831ep | trunc=0%  swp=27.3±28.3  fid=0.0000  rew=+22.20
  ring_20q      1887ep | trunc=0%  swp=22.4±18.7  fid=0.0000  rew=+22.75
  grid_5x4_20q  1812ep | trunc=0%  swp=9.2±10.1  fid=0.0000  rew=+22.48
step=116992  rew=+20.248  swp=11.5  map=0.0  trunc=0%  pl=-0.005  vl=0.294  ent=1.116  kl=0.0721  gn=1.039
  line_20q      1835ep | trunc=0%  swp=27.2±28.3  fid=0.0000  rew=+22.19
  ring_20q      1893ep | trunc=0%  swp=22.4±18.7  fid=0.0000  rew=+22.75
  grid_5x4_20q  1819ep | trunc=0%  swp=9.2±10.1  fid=0.0000  rew=+22.48
step=117248  rew=+23.835  swp=17.0  map=0.1  trunc=0%  pl=-0.011  vl=0.199  ent=1.164  kl=0.0385  gn=1.073
  line_20q      1838ep | trunc=0%  swp=27.2±28.3  fid=0.0000  rew=+22.19
  ring_20q      1899ep | trunc=0%  swp=22.4±18.6  fid=0.0000  rew=+22.75
  grid_5x4_20q  1822ep | trunc=0%  swp=9.2±10.1  fid=0.0000  rew=+22.49
step=117504  rew=+22.978  swp=16.9  map=0.1  trunc=0%  pl=-0.013  vl=0.134  ent=1.019  kl=0.0437  gn=1.143
  line_20q      1842ep | trunc=0%  swp=27.2±28.3  fid=0.0000  rew=+22.20
  ring_20q      1905ep | trunc=0%  swp=22.4±18.6  fid=0.0000  rew=+22.75
  grid_5x4_20q  1826ep | trunc=0%  swp=9.2±10.1  fid=0.0000  rew=+22.49
step=117760  rew=+24.510  swp=19.4  map=0.0  trunc=0%  pl=0.000  vl=0.248  ent=1.146  kl=0.0340  gn=1.063
  line_20q      1847ep | trunc=0%  swp=27.2±28.2  fid=0.0000  rew=+22.20
  ring_20q      1908ep | trunc=0%  swp=22.4±18.6  fid=0.0000  rew=+22.76
  grid_5x4_20q  1829ep | trunc=0%  swp=9.2±10.1  fid=0.0000  rew=+22.49
step=118016  rew=+24.288  swp=20.1  map=0.0  trunc=0%  pl=0.017  vl=0.340  ent=1.058  kl=0.0924  gn=1.488
  line_20q      1850ep | trunc=0%  swp=27.2±28.2  fid=0.0000  rew=+22.20
  ring_20q      1912ep | trunc=0%  swp=22.4±18.6  fid=0.0000  rew=+22.79
  grid_5x4_20q  1835ep | trunc=0%  swp=9.2±10.1  fid=0.0000  rew=+22.48
step=118272  rew=+23.467  swp=17.2  map=0.0  trunc=0%  pl=-0.010  vl=0.345  ent=1.148  kl=0.0483  gn=1.499
  line_20q      1854ep | trunc=0%  swp=27.2±28.2  fid=0.0000  rew=+22.19
  ring_20q      1915ep | trunc=0%  swp=22.4±18.6  fid=0.0000  rew=+22.78
  grid_5x4_20q  1843ep | trunc=0%  swp=9.2±10.0  fid=0.0000  rew=+22.49
step=118528  rew=+23.201  swp=16.7  map=0.0  trunc=0%  pl=-0.018  vl=0.236  ent=1.281  kl=0.0742  gn=1.341
  line_20q      1858ep | trunc=0%  swp=27.2±28.2  fid=0.0000  rew=+22.19
  ring_20q      1918ep | trunc=0%  swp=22.4±18.6  fid=0.0000  rew=+22.79
  grid_5x4_20q  1849ep | trunc=0%  swp=9.2±10.0  fid=0.0000  rew=+22.50
step=118784  rew=+27.289  swp=22.1  map=0.0  trunc=0%  pl=-0.018  vl=0.191  ent=1.274  kl=0.0707  gn=1.283
  line_20q      1862ep | trunc=0%  swp=27.2±28.2  fid=0.0000  rew=+22.20
  ring_20q      1922ep | trunc=0%  swp=22.4±18.6  fid=0.0000  rew=+22.81
  grid_5x4_20q  1851ep | trunc=0%  swp=9.2±10.0  fid=0.0000  rew=+22.51
step=119040  rew=+22.222  swp=15.6  map=0.1  trunc=0%  pl=0.008  vl=0.129  ent=1.039  kl=0.0620  gn=1.129
  line_20q      1866ep | trunc=0%  swp=27.2±28.2  fid=0.0000  rew=+22.20
  ring_20q      1928ep | trunc=0%  swp=22.4±18.6  fid=0.0000  rew=+22.81
  grid_5x4_20q  1857ep | trunc=0%  swp=9.2±10.0  fid=0.0000  rew=+22.50
step=119296  rew=+21.606  swp=17.1  map=0.1  trunc=0%  pl=-0.025  vl=0.232  ent=1.071  kl=0.1086  gn=0.967
  line_20q      1873ep | trunc=0%  swp=27.2±28.1  fid=0.0000  rew=+22.19
  ring_20q      1931ep | trunc=0%  swp=22.4±18.6  fid=0.0000  rew=+22.82
  grid_5x4_20q  1861ep | trunc=0%  swp=9.2±10.0  fid=0.0000  rew=+22.49
step=119552  rew=+22.238  swp=20.1  map=0.0  trunc=0%  pl=0.017  vl=0.198  ent=1.198  kl=0.0612  gn=1.336
  line_20q      1876ep | trunc=0%  swp=27.2±28.1  fid=0.0000  rew=+22.20
  ring_20q      1935ep | trunc=0%  swp=22.4±18.6  fid=0.0000  rew=+22.81
  grid_5x4_20q  1863ep | trunc=0%  swp=9.2±10.0  fid=0.0000  rew=+22.49
step=119808  rew=+21.262  swp=13.2  map=0.1  trunc=0%  pl=-0.013  vl=0.335  ent=0.985  kl=0.0213  gn=1.610
  line_20q      1880ep | trunc=0%  swp=27.2±28.1  fid=0.0000  rew=+22.19
  ring_20q      1943ep | trunc=0%  swp=22.4±18.6  fid=0.0000  rew=+22.80
  grid_5x4_20q  1870ep | trunc=0%  swp=9.2±10.0  fid=0.0000  rew=+22.50
step=120064  rew=+21.820  swp=13.5  map=0.1  trunc=0%  pl=0.008  vl=0.138  ent=1.007  kl=0.0139  gn=1.023
  line_20q      1882ep | trunc=0%  swp=27.2±28.1  fid=0.0000  rew=+22.19
  ring_20q      1951ep | trunc=0%  swp=22.4±18.5  fid=0.0000  rew=+22.81
  grid_5x4_20q  1879ep | trunc=0%  swp=9.1±10.0  fid=0.0000  rew=+22.49
step=120320  rew=+18.810  swp=12.6  map=0.1  trunc=0%  pl=-0.003  vl=0.170  ent=0.941  kl=0.0194  gn=1.101
  line_20q      1890ep | trunc=0%  swp=27.1±28.0  fid=0.0000  rew=+22.18
  ring_20q      1955ep | trunc=0%  swp=22.3±18.5  fid=0.0000  rew=+22.79
  grid_5x4_20q  1886ep | trunc=0%  swp=9.1±10.0  fid=0.0000  rew=+22.48
step=120576  rew=+18.805  swp=13.6  map=0.1  trunc=0%  pl=-0.009  vl=0.323  ent=1.030  kl=0.0322  gn=1.060
  line_20q      1897ep | trunc=0%  swp=27.1±28.0  fid=0.0000  rew=+22.15
  ring_20q      1961ep | trunc=0%  swp=22.4±18.5  fid=0.0000  rew=+22.79
  grid_5x4_20q  1889ep | trunc=0%  swp=9.1±10.0  fid=0.0000  rew=+22.47
step=120832  rew=+21.251  swp=18.1  map=0.0  trunc=0%  pl=-0.016  vl=0.181  ent=1.204  kl=0.0838  gn=1.195
  line_20q      1903ep | trunc=0%  swp=27.0±28.0  fid=0.0000  rew=+22.15
  ring_20q      1964ep | trunc=0%  swp=22.4±18.5  fid=0.0000  rew=+22.80
  grid_5x4_20q  1892ep | trunc=0%  swp=9.1±10.0  fid=0.0000  rew=+22.48
step=121088  rew=+20.927  swp=18.2  map=0.1  trunc=0%  pl=-0.000  vl=0.140  ent=1.210  kl=0.0222  gn=1.176
  line_20q      1909ep | trunc=0%  swp=27.0±28.0  fid=0.0000  rew=+22.15
  ring_20q      1968ep | trunc=0%  swp=22.3±18.5  fid=0.0000  rew=+22.80
  grid_5x4_20q  1894ep | trunc=0%  swp=9.1±9.9  fid=0.0000  rew=+22.46
step=121344  rew=+21.616  swp=20.1  map=0.2  trunc=0%  pl=-0.016  vl=0.124  ent=1.180  kl=0.0222  gn=0.956
  line_20q      1911ep | trunc=0%  swp=27.1±28.0  fid=0.0000  rew=+22.16
  ring_20q      1973ep | trunc=0%  swp=22.3±18.5  fid=0.0000  rew=+22.79
  grid_5x4_20q  1897ep | trunc=0%  swp=9.1±9.9  fid=0.0000  rew=+22.47
step=121600  rew=+24.134  swp=19.3  map=0.0  trunc=0%  pl=-0.033  vl=0.208  ent=1.006  kl=0.0306  gn=1.221
  line_20q      1918ep | trunc=0%  swp=27.1±28.0  fid=0.0000  rew=+22.16
  ring_20q      1976ep | trunc=0%  swp=22.3±18.5  fid=0.0000  rew=+22.78
  grid_5x4_20q  1901ep | trunc=0%  swp=9.1±9.9  fid=0.0000  rew=+22.49
step=121856  rew=+19.818  swp=15.3  map=0.2  trunc=0%  pl=-0.019  vl=0.334  ent=0.940  kl=0.0841  gn=1.332
  line_20q      1924ep | trunc=0%  swp=27.0±27.9  fid=0.0000  rew=+22.16
  ring_20q      1981ep | trunc=0%  swp=22.3±18.5  fid=0.0000  rew=+22.78
  grid_5x4_20q  1906ep | trunc=0%  swp=9.1±9.9  fid=0.0000  rew=+22.47
step=122112  rew=+23.000  swp=16.0  map=0.2  trunc=0%  pl=-0.003  vl=0.180  ent=1.026  kl=0.0443  gn=1.239
  line_20q      1926ep | trunc=0%  swp=27.0±27.9  fid=0.0000  rew=+22.16
  ring_20q      1988ep | trunc=0%  swp=22.3±18.5  fid=0.0000  rew=+22.77
  grid_5x4_20q  1913ep | trunc=0%  swp=9.1±9.9  fid=0.0000  rew=+22.48
step=122368  rew=+20.158  swp=12.6  map=0.0  trunc=0%  pl=-0.012  vl=0.267  ent=0.862  kl=0.0559  gn=0.776
  line_20q      1935ep | trunc=0%  swp=27.0±27.9  fid=0.0000  rew=+22.14
  ring_20q      1994ep | trunc=0%  swp=22.3±18.4  fid=0.0000  rew=+22.76
  grid_5x4_20q  1917ep | trunc=0%  swp=9.1±9.9  fid=0.0000  rew=+22.48
step=122624  rew=+21.543  swp=14.1  map=0.0  trunc=0%  pl=-0.013  vl=0.331  ent=0.970  kl=0.0927  gn=1.032
  line_20q      1939ep | trunc=0%  swp=26.9±27.9  fid=0.0000  rew=+22.14
  ring_20q      1999ep | trunc=0%  swp=22.3±18.4  fid=0.0000  rew=+22.75
  grid_5x4_20q  1924ep | trunc=0%  swp=9.1±9.9  fid=0.0000  rew=+22.49
step=122880  rew=+22.749  swp=17.7  map=0.1  trunc=0%  pl=-0.028  vl=0.341  ent=1.076  kl=0.0419  gn=1.365
  line_20q      1945ep | trunc=0%  swp=26.9±27.8  fid=0.0000  rew=+22.14
  ring_20q      2002ep | trunc=0%  swp=22.3±18.4  fid=0.0000  rew=+22.74
  grid_5x4_20q  1926ep | trunc=0%  swp=9.1±9.9  fid=0.0000  rew=+22.49
step=123136  rew=+19.162  swp=17.5  map=0.1  trunc=0%  pl=-0.020  vl=0.201  ent=1.058  kl=0.0779  gn=1.074
  line_20q      1952ep | trunc=0%  swp=26.9±27.8  fid=0.0000  rew=+22.14
  ring_20q      2003ep | trunc=0%  swp=22.3±18.4  fid=0.0000  rew=+22.74
  grid_5x4_20q  1930ep | trunc=0%  swp=9.1±9.9  fid=0.0000  rew=+22.48
step=123392  rew=+20.239  swp=17.7  map=0.1  trunc=0%  pl=-0.023  vl=0.185  ent=0.952  kl=0.0745  gn=0.893
  line_20q      1957ep | trunc=0%  swp=26.9±27.8  fid=0.0000  rew=+22.14
  ring_20q      2009ep | trunc=0%  swp=22.3±18.4  fid=0.0000  rew=+22.73
  grid_5x4_20q  1933ep | trunc=0%  swp=9.1±9.9  fid=0.0000  rew=+22.47
step=123648  rew=+21.786  swp=20.9  map=0.1  trunc=0%  pl=-0.036  vl=0.296  ent=1.167  kl=0.1079  gn=0.983
  line_20q      1960ep | trunc=0%  swp=26.9±27.8  fid=0.0000  rew=+22.14
  ring_20q      2013ep | trunc=0%  swp=22.3±18.4  fid=0.0000  rew=+22.74
  grid_5x4_20q  1937ep | trunc=0%  swp=9.1±9.9  fid=0.0000  rew=+22.47
step=123904  rew=+23.247  swp=16.8  map=0.1  trunc=0%  pl=0.000  vl=0.278  ent=1.080  kl=0.0184  gn=1.574
  line_20q      1968ep | trunc=0%  swp=26.9±27.7  fid=0.0000  rew=+22.14
  ring_20q      2014ep | trunc=0%  swp=22.3±18.4  fid=0.0000  rew=+22.74
  grid_5x4_20q  1944ep | trunc=0%  swp=9.1±9.9  fid=0.0000  rew=+22.48
step=124160  rew=+25.744  swp=18.4  map=0.0  trunc=0%  pl=-0.006  vl=0.096  ent=0.988  kl=0.0463  gn=1.185
  line_20q      1977ep | trunc=0%  swp=26.9±27.7  fid=0.0000  rew=+22.13
  ring_20q      2014ep | trunc=0%  swp=22.3±18.4  fid=0.0000  rew=+22.74
  grid_5x4_20q  1948ep | trunc=0%  swp=9.1±9.9  fid=0.0000  rew=+22.50
step=124416  rew=+21.860  swp=17.1  map=0.1  trunc=0%  pl=-0.007  vl=0.183  ent=1.043  kl=0.0568  gn=1.019
  line_20q      1983ep | trunc=0%  swp=26.8±27.7  fid=0.0000  rew=+22.12
  ring_20q      2018ep | trunc=0%  swp=22.3±18.4  fid=0.0000  rew=+22.75
  grid_5x4_20q  1951ep | trunc=0%  swp=9.1±9.8  fid=0.0000  rew=+22.50
step=124672  rew=+23.411  swp=19.4  map=0.1  trunc=0%  pl=-0.002  vl=0.285  ent=1.044  kl=0.0558  gn=1.101
  line_20q      1989ep | trunc=0%  swp=26.8±27.7  fid=0.0000  rew=+22.13
  ring_20q      2024ep | trunc=0%  swp=22.3±18.4  fid=0.0000  rew=+22.74
  grid_5x4_20q  1952ep | trunc=0%  swp=9.1±9.8  fid=0.0000  rew=+22.50
step=124928  rew=+22.979  swp=16.6  map=0.0  trunc=0%  pl=0.015  vl=0.507  ent=1.080  kl=0.0547  gn=1.330
  line_20q      1993ep | trunc=0%  swp=26.8±27.6  fid=0.0000  rew=+22.13
  ring_20q      2030ep | trunc=0%  swp=22.3±18.4  fid=0.0000  rew=+22.74
  grid_5x4_20q  1958ep | trunc=0%  swp=9.1±9.8  fid=0.0000  rew=+22.49
step=125184  rew=+21.375  swp=15.5  map=0.0  trunc=0%  pl=-0.003  vl=0.300  ent=1.102  kl=0.0524  gn=1.046
  line_20q      2000ep | trunc=0%  swp=26.8±27.6  fid=0.0000  rew=+22.13
  ring_20q      2033ep | trunc=0%  swp=22.3±18.3  fid=0.0000  rew=+22.75
  grid_5x4_20q  1962ep | trunc=0%  swp=9.1±9.8  fid=0.0000  rew=+22.48
step=125440  rew=+23.266  swp=17.9  map=0.1  trunc=0%  pl=-0.049  vl=0.179  ent=1.167  kl=0.1415  gn=0.653
  line_20q      2006ep | trunc=0%  swp=26.8±27.6  fid=0.0000  rew=+22.14
  ring_20q      2035ep | trunc=0%  swp=22.3±18.3  fid=0.0000  rew=+22.74
  grid_5x4_20q  1969ep | trunc=0%  swp=9.1±9.8  fid=0.0000  rew=+22.49
step=125696  rew=+25.382  swp=18.9  map=0.1  trunc=0%  pl=-0.004  vl=0.395  ent=1.275  kl=0.0454  gn=1.328
  line_20q      2009ep | trunc=0%  swp=26.8±27.5  fid=0.0000  rew=+22.14
  ring_20q      2039ep | trunc=0%  swp=22.3±18.3  fid=0.0000  rew=+22.75
  grid_5x4_20q  1974ep | trunc=0%  swp=9.1±9.8  fid=0.0000  rew=+22.50
step=125952  rew=+26.956  swp=23.1  map=0.0  trunc=0%  pl=-0.004  vl=0.416  ent=1.522  kl=0.0377  gn=2.361
  line_20q      2014ep | trunc=0%  swp=26.8±27.6  fid=0.0000  rew=+22.15
  ring_20q      2039ep | trunc=0%  swp=22.3±18.3  fid=0.0000  rew=+22.75
  grid_5x4_20q  1976ep | trunc=0%  swp=9.1±9.8  fid=0.0000  rew=+22.50
step=126208  rew=+21.628  swp=14.6  map=0.1  trunc=0%  pl=0.015  vl=0.764  ent=0.923  kl=0.0665  gn=1.931
  line_20q      2020ep | trunc=0%  swp=26.8±27.6  fid=0.0000  rew=+22.15
  ring_20q      2043ep | trunc=0%  swp=22.3±18.3  fid=0.0000  rew=+22.76
  grid_5x4_20q  1984ep | trunc=0%  swp=9.1±9.8  fid=0.0000  rew=+22.49
step=126464  rew=+19.541  swp=15.2  map=0.1  trunc=0%  pl=-0.014  vl=0.518  ent=0.840  kl=0.0334  gn=1.513
  line_20q      2025ep | trunc=0%  swp=26.8±27.5  fid=0.0000  rew=+22.15
  ring_20q      2047ep | trunc=0%  swp=22.3±18.3  fid=0.0000  rew=+22.75
  grid_5x4_20q  1989ep | trunc=0%  swp=9.1±9.8  fid=0.0000  rew=+22.48
step=126720  rew=+20.919  swp=15.9  map=0.0  trunc=0%  pl=-0.019  vl=0.182  ent=1.025  kl=0.1940  gn=1.064
  line_20q      2033ep | trunc=0%  swp=26.8±27.5  fid=0.0000  rew=+22.14
  ring_20q      2049ep | trunc=0%  swp=22.3±18.3  fid=0.0000  rew=+22.74
  grid_5x4_20q  1996ep | trunc=0%  swp=9.1±9.8  fid=0.0000  rew=+22.48
step=126976  rew=+21.985  swp=18.5  map=0.0  trunc=0%  pl=0.011  vl=0.239  ent=1.068  kl=0.0819  gn=1.052
  line_20q      2037ep | trunc=0%  swp=26.7±27.5  fid=0.0000  rew=+22.14
  ring_20q      2056ep | trunc=0%  swp=22.3±18.3  fid=0.0000  rew=+22.74
  grid_5x4_20q  1998ep | trunc=0%  swp=9.1±9.8  fid=0.0000  rew=+22.49
step=127232  rew=+25.157  swp=22.9  map=0.0  trunc=0%  pl=0.023  vl=0.320  ent=1.256  kl=0.0662  gn=1.635
  line_20q      2041ep | trunc=0%  swp=26.8±27.5  fid=0.0000  rew=+22.15
  ring_20q      2059ep | trunc=0%  swp=22.3±18.3  fid=0.0000  rew=+22.76
  grid_5x4_20q  1999ep | trunc=0%  swp=9.1±9.8  fid=0.0000  rew=+22.49
step=127488  rew=+25.885  swp=27.8  map=0.0  trunc=0%  pl=-0.015  vl=0.248  ent=1.449  kl=0.0395  gn=1.753
  line_20q      2046ep | trunc=0%  swp=26.8±27.5  fid=0.0000  rew=+22.17
  ring_20q      2060ep | trunc=0%  swp=22.3±18.3  fid=0.0000  rew=+22.75
  grid_5x4_20q  2002ep | trunc=0%  swp=9.1±9.8  fid=0.0000  rew=+22.48
step=127744  rew=+23.572  swp=26.4  map=0.0  trunc=0%  pl=0.008  vl=0.180  ent=1.181  kl=0.0697  gn=1.454
  line_20q      2048ep | trunc=0%  swp=26.8±27.5  fid=0.0000  rew=+22.19
  ring_20q      2065ep | trunc=0%  swp=22.3±18.3  fid=0.0000  rew=+22.74
  grid_5x4_20q  2004ep | trunc=0%  swp=9.1±9.8  fid=0.0000  rew=+22.47
step=128000  rew=+23.027  swp=21.2  map=0.0  trunc=0%  pl=-0.004  vl=0.488  ent=0.933  kl=0.0276  gn=1.984
  line_20q      2056ep | trunc=0%  swp=26.8±27.5  fid=0.0000  rew=+22.18
  ring_20q      2068ep | trunc=0%  swp=22.3±18.3  fid=0.0000  rew=+22.74
  grid_5x4_20q  2008ep | trunc=0%  swp=9.1±9.7  fid=0.0000  rew=+22.49
step=128256  rew=+23.476  swp=21.3  map=0.0  trunc=0%  pl=-0.002  vl=0.406  ent=1.203  kl=0.0447  gn=1.969
  line_20q      2061ep | trunc=0%  swp=26.8±27.5  fid=0.0000  rew=+22.18
  ring_20q      2071ep | trunc=0%  swp=22.3±18.3  fid=0.0000  rew=+22.75
  grid_5x4_20q  2009ep | trunc=0%  swp=9.1±9.7  fid=0.0000  rew=+22.50
step=128512  rew=+20.972  swp=22.7  map=0.0  trunc=0%  pl=-0.038  vl=0.107  ent=1.188  kl=0.1435  gn=0.951
  line_20q      2066ep | trunc=0%  swp=26.8±27.5  fid=0.0000  rew=+22.17
  ring_20q      2075ep | trunc=0%  swp=22.3±18.3  fid=0.0000  rew=+22.74
  grid_5x4_20q  2012ep | trunc=0%  swp=9.1±9.7  fid=0.0000  rew=+22.49
step=128768  rew=+23.694  swp=19.1  map=0.0  trunc=0%  pl=-0.055  vl=0.154  ent=1.288  kl=0.1527  gn=1.042
  line_20q      2069ep | trunc=0%  swp=26.8±27.5  fid=0.0000  rew=+22.19
  ring_20q      2078ep | trunc=0%  swp=22.2±18.3  fid=0.0000  rew=+22.73
  grid_5x4_20q  2019ep | trunc=0%  swp=9.1±9.7  fid=0.0000  rew=+22.51
step=129024  rew=+23.715  swp=18.9  map=0.1  trunc=0%  pl=-0.019  vl=0.259  ent=1.225  kl=0.0691  gn=1.102
  line_20q      2072ep | trunc=0%  swp=26.8±27.5  fid=0.0000  rew=+22.17
  ring_20q      2084ep | trunc=0%  swp=22.3±18.3  fid=0.0000  rew=+22.74
  grid_5x4_20q  2022ep | trunc=0%  swp=9.1±9.7  fid=0.0000  rew=+22.50
step=129280  rew=+21.411  swp=17.6  map=0.1  trunc=0%  pl=-0.036  vl=0.211  ent=1.135  kl=0.1650  gn=0.846
  line_20q      2077ep | trunc=0%  swp=26.8±27.4  fid=0.0000  rew=+22.17
  ring_20q      2089ep | trunc=0%  swp=22.3±18.3  fid=0.0000  rew=+22.75
  grid_5x4_20q  2025ep | trunc=0%  swp=9.1±9.7  fid=0.0000  rew=+22.51
step=129536  rew=+22.360  swp=17.8  map=0.0  trunc=0%  pl=0.011  vl=0.283  ent=1.004  kl=0.0463  gn=1.333
  line_20q      2080ep | trunc=0%  swp=26.8±27.4  fid=0.0000  rew=+22.18
  ring_20q      2098ep | trunc=0%  swp=22.2±18.2  fid=0.0000  rew=+22.74
  grid_5x4_20q  2027ep | trunc=0%  swp=9.1±9.7  fid=0.0000  rew=+22.50
step=129792  rew=+23.085  swp=21.6  map=0.0  trunc=0%  pl=-0.009  vl=0.166  ent=1.348  kl=0.0309  gn=1.171
  line_20q      2081ep | trunc=0%  swp=26.8±27.4  fid=0.0000  rew=+22.18
  ring_20q      2104ep | trunc=0%  swp=22.3±18.2  fid=0.0000  rew=+22.76
  grid_5x4_20q  2031ep | trunc=0%  swp=9.1±9.7  fid=0.0000  rew=+22.49
step=130048  rew=+20.603  swp=17.1  map=0.1  trunc=0%  pl=0.011  vl=0.199  ent=1.047  kl=0.0548  gn=1.279
  line_20q      2088ep | trunc=0%  swp=26.8±27.4  fid=0.0000  rew=+22.18
  ring_20q      2108ep | trunc=0%  swp=22.3±18.2  fid=0.0000  rew=+22.76
  grid_5x4_20q  2033ep | trunc=0%  swp=9.1±9.7  fid=0.0000  rew=+22.48
step=130304  rew=+22.694  swp=17.2  map=0.1  trunc=0%  pl=0.008  vl=0.333  ent=1.059  kl=0.0705  gn=1.565
  line_20q      2094ep | trunc=0%  swp=26.8±27.4  fid=0.0000  rew=+22.17
  ring_20q      2113ep | trunc=0%  swp=22.3±18.2  fid=0.0000  rew=+22.78
  grid_5x4_20q  2036ep | trunc=0%  swp=9.1±9.7  fid=0.0000  rew=+22.49
step=130560  rew=+21.281  swp=15.4  map=0.1  trunc=0%  pl=-0.018  vl=0.349  ent=0.967  kl=0.0547  gn=1.078
  line_20q      2098ep | trunc=0%  swp=26.8±27.3  fid=0.0000  rew=+22.18
  ring_20q      2118ep | trunc=0%  swp=22.3±18.2  fid=0.0000  rew=+22.78
  grid_5x4_20q  2042ep | trunc=0%  swp=9.1±9.7  fid=0.0000  rew=+22.48
step=130816  rew=+21.331  swp=15.2  map=0.2  trunc=0%  pl=-0.009  vl=0.172  ent=0.840  kl=0.0333  gn=1.036
  line_20q      2103ep | trunc=0%  swp=26.7±27.3  fid=0.0000  rew=+22.18
  ring_20q      2124ep | trunc=0%  swp=22.3±18.2  fid=0.0000  rew=+22.77
  grid_5x4_20q  2046ep | trunc=0%  swp=9.1±9.7  fid=0.0000  rew=+22.48
step=131072  rew=+22.842  swp=16.9  map=0.1  trunc=0%  pl=-0.023  vl=0.218  ent=1.124  kl=0.1251  gn=1.161
  line_20q      2108ep | trunc=0%  swp=26.8±27.3  fid=0.0000  rew=+22.19
  ring_20q      2127ep | trunc=0%  swp=22.3±18.2  fid=0.0000  rew=+22.77
  grid_5x4_20q  2054ep | trunc=0%  swp=9.0±9.7  fid=0.0000  rew=+22.47
step=131328  rew=+23.913  swp=17.6  map=0.0  trunc=0%  pl=0.008  vl=0.310  ent=1.056  kl=0.0885  gn=1.637
  line_20q      2111ep | trunc=0%  swp=26.8±27.3  fid=0.0000  rew=+22.21
  ring_20q      2132ep | trunc=0%  swp=22.2±18.2  fid=0.0000  rew=+22.78
  grid_5x4_20q  2056ep | trunc=0%  swp=9.0±9.7  fid=0.0000  rew=+22.46
step=131584  rew=+23.136  swp=15.8  map=0.1  trunc=0%  pl=-0.005  vl=0.276  ent=0.944  kl=0.0648  gn=1.119
  line_20q      2114ep | trunc=0%  swp=26.8±27.3  fid=0.0000  rew=+22.22
  ring_20q      2139ep | trunc=0%  swp=22.2±18.2  fid=0.0000  rew=+22.77
  grid_5x4_20q  2062ep | trunc=0%  swp=9.0±9.7  fid=0.0000  rew=+22.45
step=131840  rew=+22.802  swp=16.1  map=0.0  trunc=0%  pl=0.008  vl=0.179  ent=0.850  kl=0.0399  gn=1.016
  line_20q      2120ep | trunc=0%  swp=26.8±27.3  fid=0.0000  rew=+22.22
  ring_20q      2143ep | trunc=0%  swp=22.2±18.2  fid=0.0000  rew=+22.76
  grid_5x4_20q  2068ep | trunc=0%  swp=9.0±9.7  fid=0.0000  rew=+22.45
step=132096  rew=+20.977  swp=15.5  map=0.0  trunc=0%  pl=-0.000  vl=0.241  ent=0.815  kl=0.0324  gn=1.422
  line_20q      2125ep | trunc=0%  swp=26.8±27.2  fid=0.0000  rew=+22.21
  ring_20q      2150ep | trunc=0%  swp=22.2±18.1  fid=0.0000  rew=+22.76
  grid_5x4_20q  2071ep | trunc=0%  swp=9.0±9.7  fid=0.0000  rew=+22.45
step=132352  rew=+25.460  swp=20.4  map=0.0  trunc=0%  pl=0.009  vl=0.126  ent=1.110  kl=0.0969  gn=1.610
  line_20q      2126ep | trunc=0%  swp=26.8±27.3  fid=0.0000  rew=+22.21
  ring_20q      2154ep | trunc=0%  swp=22.2±18.1  fid=0.0000  rew=+22.78
  grid_5x4_20q  2074ep | trunc=0%  swp=9.0±9.7  fid=0.0000  rew=+22.47
step=132608  rew=+25.282  swp=20.9  map=0.1  trunc=0%  pl=-0.055  vl=0.137  ent=1.108  kl=0.2505  gn=0.785
  line_20q      2130ep | trunc=0%  swp=26.8±27.3  fid=0.0000  rew=+22.21
  ring_20q      2158ep | trunc=0%  swp=22.2±18.1  fid=0.0000  rew=+22.79
  grid_5x4_20q  2079ep | trunc=0%  swp=9.0±9.6  fid=0.0000  rew=+22.46
step=132864  rew=+23.698  swp=20.9  map=0.1  trunc=0%  pl=0.026  vl=0.294  ent=1.113  kl=0.0904  gn=1.316
  line_20q      2133ep | trunc=0%  swp=26.8±27.3  fid=0.0000  rew=+22.21
  ring_20q      2161ep | trunc=0%  swp=22.2±18.1  fid=0.0000  rew=+22.81
  grid_5x4_20q  2082ep | trunc=0%  swp=9.0±9.6  fid=0.0000  rew=+22.46
step=133120  rew=+23.693  swp=21.4  map=0.0  trunc=0%  pl=-0.048  vl=0.330  ent=1.008  kl=0.2327  gn=0.803
  line_20q      2139ep | trunc=0%  swp=26.8±27.2  fid=0.0000  rew=+22.21
  ring_20q      2164ep | trunc=0%  swp=22.3±18.1  fid=0.0000  rew=+22.81
  grid_5x4_20q  2086ep | trunc=0%  swp=9.0±9.6  fid=0.0000  rew=+22.45
step=133376  rew=+22.190  swp=20.6  map=0.0  trunc=0%  pl=-0.001  vl=0.408  ent=0.986  kl=0.0975  gn=1.312
  line_20q      2146ep | trunc=0%  swp=26.8±27.2  fid=0.0000  rew=+22.21
  ring_20q      2167ep | trunc=0%  swp=22.3±18.1  fid=0.0000  rew=+22.83
  grid_5x4_20q  2087ep | trunc=0%  swp=9.0±9.6  fid=0.0000  rew=+22.45
step=133632  rew=+22.751  swp=18.2  map=0.2  trunc=0%  pl=-0.003  vl=0.305  ent=0.950  kl=0.0265  gn=1.155
  line_20q      2151ep | trunc=0%  swp=26.7±27.2  fid=0.0000  rew=+22.22
  ring_20q      2171ep | trunc=0%  swp=22.3±18.1  fid=0.0000  rew=+22.83
  grid_5x4_20q  2091ep | trunc=0%  swp=9.0±9.6  fid=0.0000  rew=+22.44
step=133888  rew=+20.281  swp=15.4  map=0.3  trunc=0%  pl=0.001  vl=0.249  ent=0.983  kl=0.0795  gn=0.991
  line_20q      2156ep | trunc=0%  swp=26.7±27.1  fid=0.0000  rew=+22.20
  ring_20q      2178ep | trunc=0%  swp=22.3±18.1  fid=0.0000  rew=+22.83
  grid_5x4_20q  2094ep | trunc=0%  swp=9.0±9.6  fid=0.0000  rew=+22.44
step=134144  rew=+19.368  swp=19.1  map=0.1  trunc=0%  pl=-0.005  vl=0.224  ent=1.258  kl=0.1818  gn=1.498
  line_20q      2161ep | trunc=0%  swp=26.7±27.1  fid=0.0000  rew=+22.20
  ring_20q      2180ep | trunc=0%  swp=22.3±18.1  fid=0.0000  rew=+22.84
  grid_5x4_20q  2097ep | trunc=0%  swp=9.0±9.6  fid=0.0000  rew=+22.43
step=134400  rew=+22.935  swp=24.8  map=0.0  trunc=0%  pl=-0.048  vl=0.186  ent=1.211  kl=0.1376  gn=1.151
  line_20q      2164ep | trunc=0%  swp=26.8±27.2  fid=0.0000  rew=+22.21
  ring_20q      2183ep | trunc=0%  swp=22.3±18.1  fid=0.0000  rew=+22.83
  grid_5x4_20q  2101ep | trunc=0%  swp=9.0±9.6  fid=0.0000  rew=+22.44
step=134656  rew=+23.077  swp=20.1  map=0.0  trunc=0%  pl=0.004  vl=0.165  ent=1.121  kl=0.0976  gn=1.297
  line_20q      2170ep | trunc=0%  swp=26.8±27.2  fid=0.0000  rew=+22.22
  ring_20q      2185ep | trunc=0%  swp=22.3±18.1  fid=0.0000  rew=+22.83
  grid_5x4_20q  2104ep | trunc=0%  swp=9.0±9.6  fid=0.0000  rew=+22.44
step=134912  rew=+21.808  swp=12.8  map=0.0  trunc=0%  pl=0.002  vl=0.461  ent=0.923  kl=0.0214  gn=1.549
  line_20q      2176ep | trunc=0%  swp=26.8±27.2  fid=0.0000  rew=+22.21
  ring_20q      2189ep | trunc=0%  swp=22.3±18.1  fid=0.0000  rew=+22.82
  grid_5x4_20q  2112ep | trunc=0%  swp=9.0±9.6  fid=0.0000  rew=+22.45
step=135168  rew=+23.695  swp=15.9  map=0.0  trunc=0%  pl=-0.009  vl=0.322  ent=1.034  kl=0.0567  gn=1.507
  line_20q      2184ep | trunc=0%  swp=26.7±27.1  fid=0.0000  rew=+22.21
  ring_20q      2191ep | trunc=0%  swp=22.3±18.1  fid=0.0000  rew=+22.82
  grid_5x4_20q  2116ep | trunc=0%  swp=9.0±9.6  fid=0.0000  rew=+22.47
step=135424  rew=+24.004  swp=16.9  map=0.0  trunc=0%  pl=-0.029  vl=0.210  ent=1.217  kl=0.1023  gn=1.000
  line_20q      2187ep | trunc=0%  swp=26.7±27.1  fid=0.0000  rew=+22.21
  ring_20q      2195ep | trunc=0%  swp=22.3±18.1  fid=0.0000  rew=+22.82
  grid_5x4_20q  2122ep | trunc=0%  swp=9.0±9.6  fid=0.0000  rew=+22.46
step=135680  rew=+25.474  swp=21.2  map=0.1  trunc=0%  pl=-0.014  vl=0.138  ent=1.141  kl=0.1220  gn=1.060
  line_20q      2191ep | trunc=0%  swp=26.8±27.1  fid=0.0000  rew=+22.23
  ring_20q      2199ep | trunc=0%  swp=22.3±18.1  fid=0.0000  rew=+22.83
  grid_5x4_20q  2125ep | trunc=0%  swp=9.0±9.6  fid=0.0000  rew=+22.46
step=135936  rew=+26.623  swp=23.8  map=0.1  trunc=0%  pl=0.008  vl=0.234  ent=1.152  kl=0.0435  gn=1.035
  line_20q      2192ep | trunc=0%  swp=26.8±27.1  fid=0.0000  rew=+22.23
  ring_20q      2205ep | trunc=0%  swp=22.3±18.1  fid=0.0000  rew=+22.85
  grid_5x4_20q  2127ep | trunc=0%  swp=9.0±9.6  fid=0.0000  rew=+22.46
step=136192  rew=+19.893  swp=15.7  map=0.1  trunc=0%  pl=-0.010  vl=0.255  ent=0.877  kl=0.0223  gn=1.247
  line_20q      2199ep | trunc=0%  swp=26.7±27.1  fid=0.0000  rew=+22.22
  ring_20q      2211ep | trunc=0%  swp=22.3±18.1  fid=0.0000  rew=+22.83
  grid_5x4_20q  2132ep | trunc=0%  swp=9.0±9.6  fid=0.0000  rew=+22.46
step=136448  rew=+21.909  swp=19.9  map=0.0  trunc=0%  pl=-0.011  vl=0.211  ent=1.192  kl=0.2711  gn=1.620
  line_20q      2203ep | trunc=0%  swp=26.8±27.1  fid=0.0000  rew=+22.22
  ring_20q      2214ep | trunc=0%  swp=22.3±18.1  fid=0.0000  rew=+22.84
  grid_5x4_20q  2135ep | trunc=0%  swp=9.0±9.6  fid=0.0000  rew=+22.45
step=136704  rew=+22.011  swp=16.6  map=0.1  trunc=0%  pl=-0.022  vl=0.212  ent=1.139  kl=0.0421  gn=1.464
  line_20q      2209ep | trunc=0%  swp=26.8±27.1  fid=0.0000  rew=+22.22
  ring_20q      2216ep | trunc=0%  swp=22.2±18.1  fid=0.0000  rew=+22.83
  grid_5x4_20q  2145ep | trunc=0%  swp=9.0±9.5  fid=0.0000  rew=+22.45
step=136960  rew=+21.113  swp=11.9  map=0.1  trunc=0%  pl=-0.040  vl=0.210  ent=0.882  kl=0.2215  gn=1.051
  line_20q      2213ep | trunc=0%  swp=26.8±27.1  fid=0.0000  rew=+22.22
  ring_20q      2219ep | trunc=0%  swp=22.2±18.1  fid=0.0000  rew=+22.82
  grid_5x4_20q  2157ep | trunc=0%  swp=9.0±9.5  fid=0.0000  rew=+22.46
step=137216  rew=+21.099  swp=13.5  map=0.0  trunc=0%  pl=-0.005  vl=0.254  ent=0.943  kl=0.2483  gn=1.250
  line_20q      2219ep | trunc=0%  swp=26.7±27.0  fid=0.0000  rew=+22.20
  ring_20q      2223ep | trunc=0%  swp=22.2±18.1  fid=0.0000  rew=+22.82
  grid_5x4_20q  2163ep | trunc=0%  swp=9.0±9.5  fid=0.0000  rew=+22.46
step=137472  rew=+26.937  swp=15.7  map=0.0  trunc=0%  pl=-0.000  vl=0.145  ent=0.853  kl=0.0785  gn=1.086
  line_20q      2221ep | trunc=0%  swp=26.7±27.0  fid=0.0000  rew=+22.20
  ring_20q      2227ep | trunc=0%  swp=22.2±18.1  fid=0.0000  rew=+22.83
  grid_5x4_20q  2171ep | trunc=0%  swp=9.0±9.5  fid=0.0000  rew=+22.49
step=137728  rew=+21.954  swp=15.0  map=0.0  trunc=0%  pl=0.034  vl=0.395  ent=1.033  kl=0.1793  gn=1.963
  line_20q      2228ep | trunc=0%  swp=26.7±27.0  fid=0.0000  rew=+22.20
  ring_20q      2230ep | trunc=0%  swp=22.2±18.0  fid=0.0000  rew=+22.82
  grid_5x4_20q  2175ep | trunc=0%  swp=9.0±9.5  fid=0.0000  rew=+22.48
step=137984  rew=+22.450  swp=17.9  map=0.1  trunc=0%  pl=0.004  vl=0.091  ent=1.104  kl=0.0442  gn=1.535
  line_20q      2232ep | trunc=0%  swp=26.7±27.0  fid=0.0000  rew=+22.21
  ring_20q      2232ep | trunc=0%  swp=22.2±18.0  fid=0.0000  rew=+22.82
  grid_5x4_20q  2180ep | trunc=0%  swp=9.0±9.5  fid=0.0000  rew=+22.49
step=138240  rew=+21.186  swp=20.4  map=0.0  trunc=0%  pl=-0.003  vl=0.127  ent=0.917  kl=0.0562  gn=1.324
  line_20q      2238ep | trunc=0%  swp=26.7±27.0  fid=0.0000  rew=+22.21
  ring_20q      2238ep | trunc=0%  swp=22.2±18.0  fid=0.0000  rew=+22.80
  grid_5x4_20q  2183ep | trunc=0%  swp=9.0±9.5  fid=0.0000  rew=+22.49
step=138496  rew=+25.597  swp=16.3  map=0.0  trunc=0%  pl=-0.003  vl=0.125  ent=1.235  kl=0.0357  gn=1.329
  line_20q      2240ep | trunc=0%  swp=26.8±27.0  fid=0.0000  rew=+22.23
  ring_20q      2238ep | trunc=0%  swp=22.2±18.0  fid=0.0000  rew=+22.80
  grid_5x4_20q  2193ep | trunc=0%  swp=9.0±9.5  fid=0.0000  rew=+22.52
step=138752  rew=+27.979  swp=19.2  map=0.0  trunc=0%  pl=-0.018  vl=0.271  ent=0.993  kl=0.0400  gn=1.135
  line_20q      2245ep | trunc=0%  swp=26.7±27.0  fid=0.0000  rew=+22.22
  ring_20q      2242ep | trunc=0%  swp=22.2±18.0  fid=0.0000  rew=+22.82
  grid_5x4_20q  2198ep | trunc=0%  swp=9.0±9.5  fid=0.0000  rew=+22.53
step=139008  rew=+18.860  swp=15.3  map=0.0  trunc=0%  pl=0.002  vl=0.308  ent=0.999  kl=0.0738  gn=1.231
  line_20q      2251ep | trunc=0%  swp=26.7±27.0  fid=0.0000  rew=+22.22
  ring_20q      2248ep | trunc=0%  swp=22.2±18.0  fid=0.0000  rew=+22.81
  grid_5x4_20q  2202ep | trunc=0%  swp=9.0±9.5  fid=0.0000  rew=+22.51
step=139264  rew=+21.092  swp=17.1  map=0.1  trunc=0%  pl=-0.008  vl=0.329  ent=1.282  kl=0.0713  gn=1.015
  line_20q      2253ep | trunc=0%  swp=26.7±26.9  fid=0.0000  rew=+22.21
  ring_20q      2255ep | trunc=0%  swp=22.2±18.0  fid=0.0000  rew=+22.83
  grid_5x4_20q  2204ep | trunc=0%  swp=9.0±9.5  fid=0.0000  rew=+22.51
step=139520  rew=+22.942  swp=17.2  map=0.0  trunc=0%  pl=-0.006  vl=0.207  ent=0.916  kl=0.0459  gn=0.942
  line_20q      2258ep | trunc=0%  swp=26.7±26.9  fid=0.0000  rew=+22.21
  ring_20q      2259ep | trunc=0%  swp=22.2±18.0  fid=0.0000  rew=+22.83
  grid_5x4_20q  2209ep | trunc=0%  swp=9.0±9.5  fid=0.0000  rew=+22.52
step=139776  rew=+24.002  swp=19.7  map=0.0  trunc=0%  pl=0.011  vl=0.320  ent=0.803  kl=0.0182  gn=1.144
  line_20q      2264ep | trunc=0%  swp=26.7±26.9  fid=0.0000  rew=+22.21
  ring_20q      2264ep | trunc=0%  swp=22.2±18.0  fid=0.0000  rew=+22.83
  grid_5x4_20q  2213ep | trunc=0%  swp=9.0±9.5  fid=0.0000  rew=+22.52
step=140032  rew=+24.009  swp=20.4  map=0.0  trunc=0%  pl=0.014  vl=0.138  ent=1.196  kl=0.0460  gn=1.525
  line_20q      2269ep | trunc=0%  swp=26.7±26.9  fid=0.0000  rew=+22.21
  ring_20q      2268ep | trunc=0%  swp=22.2±18.0  fid=0.0000  rew=+22.83
  grid_5x4_20q  2214ep | trunc=0%  swp=9.0±9.5  fid=0.0000  rew=+22.52
step=140288  rew=+21.851  swp=13.5  map=0.1  trunc=0%  pl=-0.004  vl=0.140  ent=0.914  kl=0.0299  gn=1.134
  line_20q      2274ep | trunc=0%  swp=26.7±26.9  fid=0.0000  rew=+22.21
  ring_20q      2271ep | trunc=0%  swp=22.2±18.0  fid=0.0000  rew=+22.83
  grid_5x4_20q  2224ep | trunc=0%  swp=9.0±9.5  fid=0.0000  rew=+22.52
step=140544  rew=+24.054  swp=14.9  map=0.0  trunc=0%  pl=0.012  vl=0.176  ent=1.048  kl=0.0254  gn=1.366
  line_20q      2276ep | trunc=0%  swp=26.7±26.9  fid=0.0000  rew=+22.22
  ring_20q      2277ep | trunc=0%  swp=22.2±18.0  fid=0.0000  rew=+22.82
  grid_5x4_20q  2231ep | trunc=0%  swp=9.0±9.5  fid=0.0000  rew=+22.52
step=140800  rew=+23.258  swp=13.1  map=0.0  trunc=0%  pl=-0.005  vl=0.301  ent=1.095  kl=0.0453  gn=1.238
  line_20q      2283ep | trunc=0%  swp=26.7±26.9  fid=0.0000  rew=+22.22
  ring_20q      2279ep | trunc=0%  swp=22.1±18.0  fid=0.0000  rew=+22.82
  grid_5x4_20q  2239ep | trunc=0%  swp=9.0±9.4  fid=0.0000  rew=+22.54
step=141056  rew=+23.919  swp=14.7  map=0.1  trunc=0%  pl=-0.015  vl=0.422  ent=1.270  kl=0.0319  gn=1.406
  line_20q      2285ep | trunc=0%  swp=26.7±26.9  fid=0.0000  rew=+22.22
  ring_20q      2284ep | trunc=0%  swp=22.1±18.0  fid=0.0000  rew=+22.82
  grid_5x4_20q  2249ep | trunc=0%  swp=9.0±9.5  fid=0.0000  rew=+22.56
step=141312  rew=+24.070  swp=17.0  map=0.1  trunc=0%  pl=-0.006  vl=0.319  ent=1.086  kl=0.0854  gn=1.491
  line_20q      2287ep | trunc=0%  swp=26.7±26.9  fid=0.0000  rew=+22.22
  ring_20q      2291ep | trunc=0%  swp=22.1±18.0  fid=0.0000  rew=+22.82
  grid_5x4_20q  2252ep | trunc=0%  swp=9.0±9.5  fid=0.0000  rew=+22.56
step=141568  rew=+21.065  swp=14.6  map=0.0  trunc=0%  pl=0.005  vl=0.219  ent=1.206  kl=0.0793  gn=1.538
  line_20q      2293ep | trunc=0%  swp=26.7±26.8  fid=0.0000  rew=+22.22
  ring_20q      2294ep | trunc=0%  swp=22.2±18.0  fid=0.0000  rew=+22.82
  grid_5x4_20q  2260ep | trunc=0%  swp=9.0±9.4  fid=0.0000  rew=+22.54
step=141824  rew=+22.803  swp=19.9  map=0.0  trunc=0%  pl=-0.014  vl=0.269  ent=1.179  kl=0.1309  gn=1.118
  line_20q      2296ep | trunc=0%  swp=26.7±26.8  fid=0.0000  rew=+22.22
  ring_20q      2299ep | trunc=0%  swp=22.2±18.0  fid=0.0000  rew=+22.82
  grid_5x4_20q  2263ep | trunc=0%  swp=9.0±9.4  fid=0.0000  rew=+22.54
step=142080  rew=+23.744  swp=26.1  map=0.0  trunc=0%  pl=-0.006  vl=0.352  ent=1.056  kl=0.2382  gn=1.243
  line_20q      2300ep | trunc=0%  swp=26.7±26.8  fid=0.0000  rew=+22.23
  ring_20q      2299ep | trunc=0%  swp=22.2±18.0  fid=0.0000  rew=+22.82
  grid_5x4_20q  2265ep | trunc=0%  swp=9.0±9.4  fid=0.0000  rew=+22.54
step=142336  rew=+23.198  swp=29.0  map=0.1  trunc=0%  pl=-0.003  vl=0.172  ent=1.157  kl=0.0520  gn=1.155
  line_20q      2304ep | trunc=0%  swp=26.7±26.8  fid=0.0000  rew=+22.24
  ring_20q      2304ep | trunc=0%  swp=22.2±18.0  fid=0.0000  rew=+22.82
  grid_5x4_20q  2265ep | trunc=0%  swp=9.0±9.4  fid=0.0000  rew=+22.54
step=142592  rew=+22.664  swp=23.0  map=0.1  trunc=0%  pl=-0.019  vl=0.174  ent=1.081  kl=0.0429  gn=1.089
  line_20q      2309ep | trunc=0%  swp=26.7±26.8  fid=0.0000  rew=+22.24
  ring_20q      2309ep | trunc=0%  swp=22.2±17.9  fid=0.0000  rew=+22.81
  grid_5x4_20q  2267ep | trunc=0%  swp=9.0±9.4  fid=0.0000  rew=+22.55
step=142848  rew=+20.996  swp=20.1  map=0.0  trunc=0%  pl=0.005  vl=0.350  ent=1.077  kl=0.0475  gn=1.099
  line_20q      2316ep | trunc=0%  swp=26.7±26.8  fid=0.0000  rew=+22.24
  ring_20q      2312ep | trunc=0%  swp=22.1±17.9  fid=0.0000  rew=+22.80
  grid_5x4_20q  2270ep | trunc=0%  swp=9.0±9.4  fid=0.0000  rew=+22.54
step=143104  rew=+20.743  swp=14.4  map=0.1  trunc=0%  pl=-0.009  vl=0.220  ent=1.002  kl=0.0596  gn=1.352
  line_20q      2318ep | trunc=0%  swp=26.7±26.8  fid=0.0000  rew=+22.24
  ring_20q      2321ep | trunc=0%  swp=22.1±17.9  fid=0.0000  rew=+22.81
  grid_5x4_20q  2276ep | trunc=0%  swp=9.0±9.4  fid=0.0000  rew=+22.53
step=143360  rew=+20.042  swp=13.4  map=0.1  trunc=0%  pl=-0.021  vl=0.200  ent=1.028  kl=0.0485  gn=1.039
  line_20q      2324ep | trunc=0%  swp=26.7±26.8  fid=0.0000  rew=+22.24
  ring_20q      2327ep | trunc=0%  swp=22.1±17.9  fid=0.0000  rew=+22.80
  grid_5x4_20q  2282ep | trunc=0%  swp=9.0±9.4  fid=0.0000  rew=+22.51
step=143616  rew=+20.558  swp=15.9  map=0.0  trunc=0%  pl=-0.035  vl=0.219  ent=1.087  kl=0.0834  gn=0.906
  line_20q      2328ep | trunc=0%  swp=26.7±26.8  fid=0.0000  rew=+22.24
  ring_20q      2334ep | trunc=0%  swp=22.1±17.9  fid=0.0000  rew=+22.80
  grid_5x4_20q  2285ep | trunc=0%  swp=9.0±9.4  fid=0.0000  rew=+22.50
step=143872  rew=+20.476  swp=15.9  map=0.0  trunc=0%  pl=-0.008  vl=0.147  ent=1.057  kl=0.0453  gn=1.159
  line_20q      2330ep | trunc=0%  swp=26.7±26.8  fid=0.0000  rew=+22.23
  ring_20q      2341ep | trunc=0%  swp=22.1±17.9  fid=0.0000  rew=+22.79
  grid_5x4_20q  2288ep | trunc=0%  swp=9.0±9.4  fid=0.0000  rew=+22.50
step=144128  rew=+19.161  swp=16.9  map=0.0  trunc=0%  pl=-0.025  vl=0.170  ent=1.044  kl=0.0883  gn=1.014
  line_20q      2333ep | trunc=0%  swp=26.7±26.7  fid=0.0000  rew=+22.23
  ring_20q      2349ep | trunc=0%  swp=22.1±17.9  fid=0.0000  rew=+22.78
  grid_5x4_20q  2292ep | trunc=0%  swp=8.9±9.4  fid=0.0000  rew=+22.50
step=144384  rew=+22.252  swp=11.7  map=0.0  trunc=0%  pl=-0.015  vl=0.153  ent=1.086  kl=0.0811  gn=1.280
  line_20q      2337ep | trunc=0%  swp=26.7±26.7  fid=0.0000  rew=+22.24
  ring_20q      2352ep | trunc=0%  swp=22.1±17.9  fid=0.0000  rew=+22.77
  grid_5x4_20q  2300ep | trunc=0%  swp=8.9±9.4  fid=0.0000  rew=+22.51
step=144640  rew=+23.134  swp=15.2  map=0.2  trunc=0%  pl=-0.032  vl=0.245  ent=0.863  kl=0.1404  gn=1.218
  line_20q      2346ep | trunc=0%  swp=26.7±26.7  fid=0.0000  rew=+22.23
  ring_20q      2354ep | trunc=0%  swp=22.1±17.9  fid=0.0000  rew=+22.77
  grid_5x4_20q  2308ep | trunc=0%  swp=9.0±9.4  fid=0.0000  rew=+22.52
step=144896  rew=+21.532  swp=15.9  map=0.2  trunc=0%  pl=-0.020  vl=0.324  ent=1.023  kl=0.1335  gn=1.321
  line_20q      2348ep | trunc=0%  swp=26.7±26.7  fid=0.0000  rew=+22.23
  ring_20q      2362ep | trunc=0%  swp=22.1±17.9  fid=0.0000  rew=+22.75
  grid_5x4_20q  2312ep | trunc=0%  swp=9.0±9.4  fid=0.0000  rew=+22.52
step=145152  rew=+20.633  swp=15.7  map=0.0  trunc=0%  pl=-0.000  vl=0.321  ent=0.779  kl=0.0593  gn=1.139
  line_20q      2352ep | trunc=0%  swp=26.6±26.7  fid=0.0000  rew=+22.22
  ring_20q      2369ep | trunc=0%  swp=22.1±17.9  fid=0.0000  rew=+22.75
  grid_5x4_20q  2318ep | trunc=0%  swp=8.9±9.4  fid=0.0000  rew=+22.51
step=145408  rew=+20.061  swp=13.5  map=0.0  trunc=0%  pl=-0.021  vl=0.365  ent=0.941  kl=0.1605  gn=1.844
  line_20q      2355ep | trunc=0%  swp=26.7±26.7  fid=0.0000  rew=+22.23
  ring_20q      2374ep | trunc=0%  swp=22.0±17.9  fid=0.0000  rew=+22.74
  grid_5x4_20q  2327ep | trunc=0%  swp=8.9±9.4  fid=0.0000  rew=+22.49
step=145664  rew=+19.224  swp=16.8  map=0.1  trunc=0%  pl=-0.026  vl=0.186  ent=1.163  kl=0.0486  gn=1.233
  line_20q      2360ep | trunc=0%  swp=26.7±26.7  fid=0.0000  rew=+22.23
  ring_20q      2377ep | trunc=0%  swp=22.0±17.9  fid=0.0000  rew=+22.73
  grid_5x4_20q  2332ep | trunc=0%  swp=8.9±9.3  fid=0.0000  rew=+22.49
step=145920  rew=+19.477  swp=15.8  map=0.1  trunc=0%  pl=-0.018  vl=0.333  ent=1.107  kl=0.0487  gn=1.423
  line_20q      2362ep | trunc=0%  swp=26.7±26.7  fid=0.0000  rew=+22.23
  ring_20q      2385ep | trunc=0%  swp=22.0±17.8  fid=0.0000  rew=+22.73
  grid_5x4_20q  2335ep | trunc=0%  swp=8.9±9.3  fid=0.0000  rew=+22.48
step=146176  rew=+19.792  swp=13.9  map=0.1  trunc=0%  pl=-0.002  vl=0.178  ent=0.700  kl=0.0484  gn=0.932
  line_20q      2368ep | trunc=0%  swp=26.7±26.7  fid=0.0000  rew=+22.23
  ring_20q      2389ep | trunc=0%  swp=22.0±17.8  fid=0.0000  rew=+22.72
  grid_5x4_20q  2341ep | trunc=0%  swp=8.9±9.3  fid=0.0000  rew=+22.47
step=146432  rew=+21.571  swp=20.0  map=0.1  trunc=0%  pl=0.007  vl=0.208  ent=1.026  kl=0.0804  gn=1.292
  line_20q      2374ep | trunc=0%  swp=26.7±26.7  fid=0.0000  rew=+22.24
  ring_20q      2391ep | trunc=0%  swp=22.0±17.8  fid=0.0000  rew=+22.72
  grid_5x4_20q  2343ep | trunc=0%  swp=8.9±9.3  fid=0.0000  rew=+22.47
step=146688  rew=+24.621  swp=22.9  map=0.0  trunc=0%  pl=-0.005  vl=0.132  ent=1.129  kl=0.0219  gn=0.951
  line_20q      2378ep | trunc=0%  swp=26.7±26.6  fid=0.0000  rew=+22.23
  ring_20q      2394ep | trunc=0%  swp=22.0±17.8  fid=0.0000  rew=+22.73
  grid_5x4_20q  2346ep | trunc=0%  swp=8.9±9.3  fid=0.0000  rew=+22.48
step=146944  rew=+23.718  swp=17.7  map=0.0  trunc=0%  pl=-0.017  vl=0.169  ent=0.936  kl=0.0547  gn=1.112
  line_20q      2383ep | trunc=0%  swp=26.7±26.6  fid=0.0000  rew=+22.24
  ring_20q      2399ep | trunc=0%  swp=22.0±17.8  fid=0.0000  rew=+22.74
  grid_5x4_20q  2352ep | trunc=0%  swp=8.9±9.3  fid=0.0000  rew=+22.47
step=147200  rew=+23.456  swp=19.6  map=0.0  trunc=0%  pl=0.012  vl=0.142  ent=1.062  kl=0.1445  gn=0.864
  line_20q      2388ep | trunc=0%  swp=26.7±26.6  fid=0.0000  rew=+22.24
  ring_20q      2402ep | trunc=0%  swp=22.0±17.8  fid=0.0000  rew=+22.73
  grid_5x4_20q  2356ep | trunc=0%  swp=8.9±9.3  fid=0.0000  rew=+22.48
step=147456  rew=+22.183  swp=17.6  map=0.0  trunc=0%  pl=-0.006  vl=0.158  ent=0.907  kl=0.0441  gn=1.150
  line_20q      2394ep | trunc=0%  swp=26.7±26.6  fid=0.0000  rew=+22.24
  ring_20q      2404ep | trunc=0%  swp=22.0±17.8  fid=0.0000  rew=+22.73
  grid_5x4_20q  2362ep | trunc=0%  swp=8.9±9.3  fid=0.0000  rew=+22.48
step=147712  rew=+22.665  swp=16.1  map=0.0  trunc=0%  pl=-0.008  vl=0.172  ent=0.990  kl=0.0202  gn=1.154
  line_20q      2398ep | trunc=0%  swp=26.7±26.6  fid=0.0000  rew=+22.24
  ring_20q      2409ep | trunc=0%  swp=22.0±17.8  fid=0.0000  rew=+22.73
  grid_5x4_20q  2364ep | trunc=0%  swp=8.9±9.3  fid=0.0000  rew=+22.48
step=147968  rew=+24.395  swp=24.6  map=0.0  trunc=0%  pl=-0.012  vl=0.217  ent=1.138  kl=0.0426  gn=1.108
  line_20q      2403ep | trunc=0%  swp=26.7±26.6  fid=0.0000  rew=+22.26
  ring_20q      2412ep | trunc=0%  swp=22.0±17.8  fid=0.0000  rew=+22.73
  grid_5x4_20q  2365ep | trunc=0%  swp=8.9±9.3  fid=0.0000  rew=+22.48
step=148224  rew=+26.249  swp=27.3  map=0.0  trunc=0%  pl=-0.011  vl=0.110  ent=1.515  kl=0.0733  gn=0.936
  line_20q      2404ep | trunc=0%  swp=26.7±26.6  fid=0.0000  rew=+22.27
  ring_20q      2416ep | trunc=0%  swp=22.0±17.8  fid=0.0000  rew=+22.74
  grid_5x4_20q  2368ep | trunc=0%  swp=8.9±9.3  fid=0.0000  rew=+22.49
step=148480  rew=+25.079  swp=20.9  map=0.0  trunc=0%  pl=0.003  vl=0.196  ent=0.997  kl=0.0494  gn=1.018
  line_20q      2413ep | trunc=0%  swp=26.7±26.6  fid=0.0000  rew=+22.26
  ring_20q      2416ep | trunc=0%  swp=22.0±17.8  fid=0.0000  rew=+22.74
  grid_5x4_20q  2372ep | trunc=0%  swp=8.9±9.3  fid=0.0000  rew=+22.49
step=148736  rew=+23.809  swp=20.8  map=0.0  trunc=0%  pl=0.016  vl=0.297  ent=1.028  kl=0.0946  gn=1.004
  line_20q      2417ep | trunc=0%  swp=26.7±26.6  fid=0.0000  rew=+22.27
  ring_20q      2420ep | trunc=0%  swp=22.0±17.8  fid=0.0000  rew=+22.74
  grid_5x4_20q  2374ep | trunc=0%  swp=8.9±9.3  fid=0.0000  rew=+22.49
step=148992  rew=+22.975  swp=16.6  map=0.0  trunc=0%  pl=-0.009  vl=0.056  ent=0.956  kl=0.0449  gn=0.982
  line_20q      2422ep | trunc=0%  swp=26.7±26.6  fid=0.0000  rew=+22.27
  ring_20q      2423ep | trunc=0%  swp=22.0±17.8  fid=0.0000  rew=+22.74
  grid_5x4_20q  2383ep | trunc=0%  swp=8.9±9.3  fid=0.0000  rew=+22.49
step=149248  rew=+23.382  swp=11.8  map=0.1  trunc=0%  pl=-0.012  vl=0.363  ent=0.813  kl=0.0197  gn=1.420
  line_20q      2429ep | trunc=0%  swp=26.7±26.6  fid=0.0000  rew=+22.26
  ring_20q      2426ep | trunc=0%  swp=22.0±17.8  fid=0.0000  rew=+22.74
  grid_5x4_20q  2393ep | trunc=0%  swp=8.9±9.3  fid=0.0000  rew=+22.52
step=149504  rew=+22.850  swp=15.6  map=0.0  trunc=0%  pl=-0.017  vl=0.317  ent=0.929  kl=0.0820  gn=1.131
  line_20q      2432ep | trunc=0%  swp=26.7±26.5  fid=0.0000  rew=+22.26
  ring_20q      2432ep | trunc=0%  swp=22.0±17.8  fid=0.0000  rew=+22.74
  grid_5x4_20q  2398ep | trunc=0%  swp=8.9±9.3  fid=0.0000  rew=+22.51
step=149760  rew=+21.184  swp=14.9  map=0.1  trunc=0%  pl=-0.003  vl=0.259  ent=0.897  kl=0.0522  gn=0.990
  line_20q      2435ep | trunc=0%  swp=26.7±26.5  fid=0.0000  rew=+22.27
  ring_20q      2441ep | trunc=0%  swp=22.0±17.7  fid=0.0000  rew=+22.73
  grid_5x4_20q  2403ep | trunc=0%  swp=8.9±9.3  fid=0.0000  rew=+22.50
step=150016  rew=+18.991  swp=11.7  map=0.1  trunc=0%  pl=0.002  vl=0.232  ent=0.787  kl=0.0543  gn=1.194
  line_20q      2440ep | trunc=0%  swp=26.6±26.5  fid=0.0000  rew=+22.26
  ring_20q      2449ep | trunc=0%  swp=22.0±17.7  fid=0.0000  rew=+22.72
  grid_5x4_20q  2410ep | trunc=0%  swp=8.9±9.2  fid=0.0000  rew=+22.49
step=150272  rew=+20.136  swp=16.8  map=0.0  trunc=0%  pl=-0.040  vl=0.180  ent=1.070  kl=0.1194  gn=1.027
  line_20q      2447ep | trunc=0%  swp=26.6±26.5  fid=0.0000  rew=+22.27
  ring_20q      2451ep | trunc=0%  swp=22.0±17.7  fid=0.0000  rew=+22.71
  grid_5x4_20q  2414ep | trunc=0%  swp=8.9±9.2  fid=0.0000  rew=+22.48
step=150528  rew=+24.118  swp=18.8  map=0.0  trunc=0%  pl=-0.003  vl=0.133  ent=1.174  kl=0.0298  gn=0.984
  line_20q      2449ep | trunc=0%  swp=26.6±26.5  fid=0.0000  rew=+22.27
  ring_20q      2457ep | trunc=0%  swp=22.0±17.7  fid=0.0000  rew=+22.72
  grid_5x4_20q  2417ep | trunc=0%  swp=8.9±9.2  fid=0.0000  rew=+22.48
step=150784  rew=+25.878  swp=24.2  map=0.0  trunc=0%  pl=-0.023  vl=0.309  ent=1.305  kl=0.0863  gn=0.957
  line_20q      2454ep | trunc=0%  swp=26.6±26.5  fid=0.0000  rew=+22.27
  ring_20q      2460ep | trunc=0%  swp=22.0±17.7  fid=0.0000  rew=+22.73
  grid_5x4_20q  2417ep | trunc=0%  swp=8.9±9.2  fid=0.0000  rew=+22.48
step=151040  rew=+21.394  swp=11.2  map=0.0  trunc=0%  pl=-0.003  vl=0.438  ent=0.905  kl=0.0223  gn=1.818
  line_20q      2460ep | trunc=0%  swp=26.6±26.4  fid=0.0000  rew=+22.26
  ring_20q      2465ep | trunc=0%  swp=22.0±17.7  fid=0.0000  rew=+22.73
  grid_5x4_20q  2427ep | trunc=0%  swp=8.9±9.2  fid=0.0000  rew=+22.49
step=151296  rew=+21.716  swp=15.8  map=0.1  trunc=0%  pl=-0.011  vl=0.360  ent=0.818  kl=0.0621  gn=1.706
  line_20q      2464ep | trunc=0%  swp=26.6±26.4  fid=0.0000  rew=+22.25
  ring_20q      2471ep | trunc=0%  swp=22.0±17.7  fid=0.0000  rew=+22.72
  grid_5x4_20q  2430ep | trunc=0%  swp=8.9±9.2  fid=0.0000  rew=+22.50
step=151552  rew=+22.317  swp=16.6  map=0.1  trunc=0%  pl=-0.033  vl=0.202  ent=1.196  kl=0.0390  gn=1.324
  line_20q      2466ep | trunc=0%  swp=26.6±26.4  fid=0.0000  rew=+22.25
  ring_20q      2477ep | trunc=0%  swp=22.0±17.7  fid=0.0000  rew=+22.72
  grid_5x4_20q  2437ep | trunc=0%  swp=8.9±9.2  fid=0.0000  rew=+22.50
step=151808  rew=+22.948  swp=22.9  map=0.1  trunc=0%  pl=-0.015  vl=0.265  ent=1.347  kl=0.1774  gn=1.090
  line_20q      2471ep | trunc=0%  swp=26.6±26.4  fid=0.0000  rew=+22.25
  ring_20q      2479ep | trunc=0%  swp=22.0±17.7  fid=0.0000  rew=+22.73
  grid_5x4_20q  2437ep | trunc=0%  swp=8.9±9.2  fid=0.0000  rew=+22.50
step=152064  rew=+21.693  swp=15.6  map=0.2  trunc=0%  pl=-0.007  vl=0.373  ent=0.993  kl=0.0696  gn=1.341
  line_20q      2475ep | trunc=0%  swp=26.6±26.4  fid=0.0000  rew=+22.25
  ring_20q      2485ep | trunc=0%  swp=22.0±17.7  fid=0.0000  rew=+22.73
  grid_5x4_20q  2443ep | trunc=0%  swp=8.9±9.2  fid=0.0000  rew=+22.50
step=152320  rew=+20.898  swp=15.7  map=0.3  trunc=0%  pl=-0.010  vl=0.107  ent=0.974  kl=0.0247  gn=1.130
  line_20q      2481ep | trunc=0%  swp=26.6±26.4  fid=0.0000  rew=+22.25
  ring_20q      2491ep | trunc=0%  swp=21.9±17.7  fid=0.0000  rew=+22.71
  grid_5x4_20q  2447ep | trunc=0%  swp=8.9±9.2  fid=0.0000  rew=+22.51
step=152576  rew=+21.026  swp=15.7  map=0.1  trunc=0%  pl=-0.048  vl=0.294  ent=1.062  kl=0.1023  gn=0.839
  line_20q      2485ep | trunc=0%  swp=26.6±26.4  fid=0.0000  rew=+22.25
  ring_20q      2497ep | trunc=0%  swp=21.9±17.7  fid=0.0000  rew=+22.70
  grid_5x4_20q  2449ep | trunc=0%  swp=8.9±9.2  fid=0.0000  rew=+22.51
step=152832  rew=+26.061  swp=23.5  map=0.0  trunc=0%  pl=-0.008  vl=0.451  ent=1.320  kl=0.0549  gn=0.970
  line_20q      2487ep | trunc=0%  swp=26.6±26.4  fid=0.0000  rew=+22.26
  ring_20q      2501ep | trunc=0%  swp=22.0±17.7  fid=0.0000  rew=+22.72
  grid_5x4_20q  2450ep | trunc=0%  swp=8.9±9.2  fid=0.0000  rew=+22.52
step=153088  rew=+26.947  swp=26.6  map=0.0  trunc=0%  pl=-0.027  vl=0.235  ent=1.271  kl=0.0402  gn=1.269
  line_20q      2491ep | trunc=0%  swp=26.6±26.4  fid=0.0000  rew=+22.26
  ring_20q      2505ep | trunc=0%  swp=22.0±17.8  fid=0.0000  rew=+22.73
  grid_5x4_20q  2451ep | trunc=0%  swp=8.9±9.2  fid=0.0000  rew=+22.52
step=153344  rew=+24.054  swp=20.9  map=0.0  trunc=0%  pl=-0.028  vl=0.405  ent=0.993  kl=0.0780  gn=1.618
  line_20q      2500ep | trunc=0%  swp=26.6±26.4  fid=0.0000  rew=+22.27
  ring_20q      2510ep | trunc=0%  swp=22.0±17.7  fid=0.0000  rew=+22.72
  grid_5x4_20q  2453ep | trunc=0%  swp=8.9±9.2  fid=0.0000  rew=+22.52
step=153600  rew=+20.998  swp=12.2  map=0.1  trunc=0%  pl=-0.016  vl=0.354  ent=1.156  kl=0.0293  gn=1.316
  line_20q      2503ep | trunc=0%  swp=26.6±26.4  fid=0.0000  rew=+22.27
  ring_20q      2517ep | trunc=0%  swp=21.9±17.7  fid=0.0000  rew=+22.71
  grid_5x4_20q  2457ep | trunc=0%  swp=8.9±9.2  fid=0.0000  rew=+22.53
step=153856  rew=+25.141  swp=18.6  map=0.1  trunc=0%  pl=-0.032  vl=0.200  ent=0.926  kl=0.0601  gn=0.653
  line_20q      2510ep | trunc=0%  swp=26.6±26.4  fid=0.0000  rew=+22.27
  ring_20q      2519ep | trunc=0%  swp=21.9±17.7  fid=0.0000  rew=+22.71
  grid_5x4_20q  2462ep | trunc=0%  swp=8.9±9.2  fid=0.0000  rew=+22.53
step=154112  rew=+21.864  swp=15.8  map=0.0  trunc=0%  pl=0.019  vl=0.408  ent=0.787  kl=0.0528  gn=1.175
  line_20q      2518ep | trunc=0%  swp=26.5±26.3  fid=0.0000  rew=+22.26
  ring_20q      2525ep | trunc=0%  swp=21.9±17.7  fid=0.0000  rew=+22.72
  grid_5x4_20q  2462ep | trunc=0%  swp=8.9±9.2  fid=0.0000  rew=+22.53
step=154368  rew=+24.448  swp=15.0  map=0.0  trunc=0%  pl=-0.027  vl=0.300  ent=1.432  kl=0.0313  gn=1.487
  line_20q      2521ep | trunc=0%  swp=26.5±26.3  fid=0.0000  rew=+22.26
  ring_20q      2527ep | trunc=0%  swp=21.9±17.7  fid=0.0000  rew=+22.71
  grid_5x4_20q  2468ep | trunc=0%  swp=8.9±9.2  fid=0.0000  rew=+22.56
step=154624  rew=+30.562  swp=23.2  map=0.1  trunc=0%  pl=-0.012  vl=0.273  ent=1.285  kl=0.0415  gn=1.094
  line_20q      2525ep | trunc=0%  swp=26.6±26.4  fid=0.0000  rew=+22.26
  ring_20q      2531ep | trunc=0%  swp=21.9±17.7  fid=0.0000  rew=+22.72
  grid_5x4_20q  2470ep | trunc=0%  swp=8.9±9.2  fid=0.0000  rew=+22.59
step=154880  rew=+24.603  swp=17.9  map=0.0  trunc=0%  pl=0.008  vl=0.181  ent=1.151  kl=0.0672  gn=0.948
  line_20q      2529ep | trunc=0%  swp=26.6±26.4  fid=0.0000  rew=+22.27
  ring_20q      2536ep | trunc=0%  swp=21.9±17.7  fid=0.0000  rew=+22.71
  grid_5x4_20q  2476ep | trunc=0%  swp=8.9±9.2  fid=0.0000  rew=+22.59
step=155136  rew=+23.370  swp=18.4  map=0.0  trunc=0%  pl=0.025  vl=0.447  ent=1.505  kl=0.0995  gn=1.595
  line_20q      2533ep | trunc=0%  swp=26.6±26.4  fid=0.0000  rew=+22.27
  ring_20q      2538ep | trunc=0%  swp=21.9±17.7  fid=0.0000  rew=+22.73
  grid_5x4_20q  2476ep | trunc=0%  swp=8.9±9.2  fid=0.0000  rew=+22.59
step=155392  rew=+29.712  swp=29.2  map=0.0  trunc=0%  pl=-0.011  vl=0.415  ent=1.249  kl=0.0274  gn=1.748
  line_20q      2536ep | trunc=0%  swp=26.6±26.4  fid=0.0000  rew=+22.30
  ring_20q      2541ep | trunc=0%  swp=21.9±17.7  fid=0.0000  rew=+22.73
  grid_5x4_20q  2481ep | trunc=0%  swp=8.9±9.2  fid=0.0000  rew=+22.58
step=155648  rew=+21.119  swp=15.0  map=0.1  trunc=0%  pl=0.003  vl=0.611  ent=0.748  kl=0.0248  gn=1.412
  line_20q      2543ep | trunc=0%  swp=26.6±26.4  fid=0.0000  rew=+22.31
  ring_20q      2550ep | trunc=0%  swp=21.9±17.7  fid=0.0000  rew=+22.71
  grid_5x4_20q  2483ep | trunc=0%  swp=8.9±9.2  fid=0.0000  rew=+22.58
step=155904  rew=+21.141  swp=13.8  map=0.1  trunc=0%  pl=-0.018  vl=0.265  ent=1.391  kl=0.0911  gn=1.604
  line_20q      2546ep | trunc=0%  swp=26.6±26.4  fid=0.0000  rew=+22.31
  ring_20q      2554ep | trunc=0%  swp=21.9±17.7  fid=0.0000  rew=+22.70
  grid_5x4_20q  2490ep | trunc=0%  swp=8.9±9.2  fid=0.0000  rew=+22.58
step=156160  rew=+26.365  swp=20.8  map=0.1  trunc=0%  pl=-0.018  vl=0.268  ent=1.277  kl=0.0434  gn=1.132
  line_20q      2548ep | trunc=0%  swp=26.6±26.5  fid=0.0000  rew=+22.34
  ring_20q      2557ep | trunc=0%  swp=21.9±17.7  fid=0.0000  rew=+22.71
  grid_5x4_20q  2495ep | trunc=0%  swp=8.9±9.2  fid=0.0000  rew=+22.58
step=156416  rew=+24.475  swp=18.7  map=0.0  trunc=0%  pl=-0.013  vl=0.225  ent=1.169  kl=0.0386  gn=1.084
  line_20q      2551ep | trunc=0%  swp=26.7±26.5  fid=0.0000  rew=+22.34
  ring_20q      2560ep | trunc=0%  swp=21.9±17.7  fid=0.0000  rew=+22.72
  grid_5x4_20q  2500ep | trunc=0%  swp=8.9±9.2  fid=0.0000  rew=+22.58
step=156672  rew=+20.404  swp=13.3  map=0.1  trunc=0%  pl=-0.008  vl=0.185  ent=1.009  kl=0.0487  gn=1.045
  line_20q      2556ep | trunc=0%  swp=26.6±26.5  fid=0.0000  rew=+22.33
  ring_20q      2564ep | trunc=0%  swp=21.9±17.7  fid=0.0000  rew=+22.71
  grid_5x4_20q  2508ep | trunc=0%  swp=8.9±9.2  fid=0.0000  rew=+22.58
step=156928  rew=+20.426  swp=16.6  map=0.1  trunc=0%  pl=-0.001  vl=0.118  ent=1.107  kl=0.0398  gn=0.931
  line_20q      2561ep | trunc=0%  swp=26.6±26.5  fid=0.0000  rew=+22.33
  ring_20q      2568ep | trunc=0%  swp=21.9±17.7  fid=0.0000  rew=+22.70
  grid_5x4_20q  2512ep | trunc=0%  swp=8.9±9.2  fid=0.0000  rew=+22.58
step=157184  rew=+21.884  swp=13.6  map=0.1  trunc=0%  pl=-0.025  vl=0.268  ent=0.817  kl=0.0651  gn=0.954
  line_20q      2568ep | trunc=0%  swp=26.6±26.5  fid=0.0000  rew=+22.32
  ring_20q      2573ep | trunc=0%  swp=21.9±17.7  fid=0.0000  rew=+22.70
  grid_5x4_20q  2520ep | trunc=0%  swp=8.9±9.1  fid=0.0000  rew=+22.59
step=157440  rew=+23.070  swp=17.3  map=0.1  trunc=0%  pl=0.006  vl=0.251  ent=1.161  kl=0.0262  gn=1.513
  line_20q      2573ep | trunc=0%  swp=26.6±26.4  fid=0.0000  rew=+22.32
  ring_20q      2576ep | trunc=0%  swp=21.9±17.7  fid=0.0000  rew=+22.72
  grid_5x4_20q  2521ep | trunc=0%  swp=8.9±9.1  fid=0.0000  rew=+22.59
step=157696  rew=+29.626  swp=22.4  map=0.1  trunc=0%  pl=0.018  vl=0.255  ent=1.260  kl=0.0299  gn=1.510
  line_20q      2575ep | trunc=0%  swp=26.6±26.4  fid=0.0000  rew=+22.32
  ring_20q      2581ep | trunc=0%  swp=21.9±17.7  fid=0.0000  rew=+22.73
  grid_5x4_20q  2527ep | trunc=0%  swp=8.9±9.1  fid=0.0000  rew=+22.61
step=157952  rew=+22.096  swp=13.5  map=0.0  trunc=0%  pl=-0.006  vl=0.318  ent=0.994  kl=0.0771  gn=0.995
  line_20q      2581ep | trunc=0%  swp=26.5±26.4  fid=0.0000  rew=+22.31
  ring_20q      2584ep | trunc=0%  swp=21.9±17.7  fid=0.0000  rew=+22.73
  grid_5x4_20q  2533ep | trunc=0%  swp=8.9±9.1  fid=0.0000  rew=+22.61
step=158208  rew=+25.697  swp=19.1  map=0.0  trunc=0%  pl=-0.014  vl=0.227  ent=1.016  kl=0.0504  gn=1.205
  line_20q      2586ep | trunc=0%  swp=26.5±26.4  fid=0.0000  rew=+22.32
  ring_20q      2589ep | trunc=0%  swp=21.9±17.8  fid=0.0000  rew=+22.75
  grid_5x4_20q  2535ep | trunc=0%  swp=8.9±9.1  fid=0.0000  rew=+22.61
step=158464  rew=+26.765  swp=17.8  map=0.0  trunc=0%  pl=-0.027  vl=0.204  ent=1.004  kl=0.0506  gn=0.992
  line_20q      2590ep | trunc=0%  swp=26.5±26.4  fid=0.0000  rew=+22.32
  ring_20q      2594ep | trunc=0%  swp=21.9±17.8  fid=0.0000  rew=+22.76
  grid_5x4_20q  2539ep | trunc=0%  swp=8.9±9.1  fid=0.0000  rew=+22.63
step=158720  rew=+26.970  swp=22.0  map=0.1  trunc=0%  pl=-0.022  vl=0.215  ent=1.260  kl=0.0343  gn=1.463
  line_20q      2594ep | trunc=0%  swp=26.6±26.4  fid=0.0000  rew=+22.34
  ring_20q      2596ep | trunc=0%  swp=21.9±17.8  fid=0.0000  rew=+22.76
  grid_5x4_20q  2542ep | trunc=0%  swp=8.9±9.1  fid=0.0000  rew=+22.62
step=158976  rew=+29.011  swp=25.8  map=0.1  trunc=0%  pl=-0.009  vl=0.253  ent=1.176  kl=0.0419  gn=0.999
  line_20q      2598ep | trunc=0%  swp=26.6±26.4  fid=0.0000  rew=+22.34
  ring_20q      2599ep | trunc=0%  swp=21.9±17.8  fid=0.0000  rew=+22.78
  grid_5x4_20q  2543ep | trunc=0%  swp=8.9±9.1  fid=0.0000  rew=+22.63
step=159232  rew=+30.306  swp=25.5  map=0.0  trunc=0%  pl=-0.019  vl=0.120  ent=1.101  kl=0.0253  gn=0.937
  line_20q      2600ep | trunc=0%  swp=26.6±26.4  fid=0.0000  rew=+22.34
  ring_20q      2605ep | trunc=0%  swp=22.0±17.9  fid=0.0000  rew=+22.81
  grid_5x4_20q  2546ep | trunc=0%  swp=8.9±9.1  fid=0.0000  rew=+22.63
step=159488  rew=+22.935  swp=16.9  map=0.1  trunc=0%  pl=-0.018  vl=0.240  ent=1.033  kl=0.0307  gn=0.998
  line_20q      2603ep | trunc=0%  swp=26.6±26.4  fid=0.0000  rew=+22.35
  ring_20q      2610ep | trunc=0%  swp=22.0±17.9  fid=0.0000  rew=+22.81
  grid_5x4_20q  2552ep | trunc=0%  swp=8.9±9.1  fid=0.0000  rew=+22.62
step=159744  rew=+27.686  swp=25.1  map=0.1  trunc=0%  pl=0.000  vl=0.337  ent=1.455  kl=0.0191  gn=1.085
  line_20q      2606ep | trunc=0%  swp=26.6±26.5  fid=0.0000  rew=+22.38
  ring_20q      2613ep | trunc=0%  swp=22.0±17.9  fid=0.0000  rew=+22.82
  grid_5x4_20q  2552ep | trunc=0%  swp=8.9±9.1  fid=0.0000  rew=+22.62
step=160000  rew=+32.044  swp=29.0  map=0.1  trunc=0%  pl=0.003  vl=0.629  ent=1.017  kl=0.0304  gn=1.048
  line_20q      2609ep | trunc=0%  swp=26.6±26.5  fid=0.0000  rew=+22.38
  ring_20q      2616ep | trunc=0%  swp=22.0±17.9  fid=0.0000  rew=+22.84
  grid_5x4_20q  2556ep | trunc=0%  swp=8.9±9.1  fid=0.0000  rew=+22.63
step=160256  rew=+28.641  swp=19.6  map=0.0  trunc=0%  pl=-0.034  vl=0.351  ent=0.972  kl=0.0833  gn=1.058
  line_20q      2614ep | trunc=0%  swp=26.6±26.5  fid=0.0000  rew=+22.40
  ring_20q      2620ep | trunc=0%  swp=22.0±17.9  fid=0.0000  rew=+22.83
  grid_5x4_20q  2562ep | trunc=0%  swp=8.9±9.1  fid=0.0000  rew=+22.65
step=160512  rew=+31.404  swp=21.7  map=0.1  trunc=0%  pl=0.049  vl=1.035  ent=1.028  kl=0.1976  gn=1.457
  line_20q      2615ep | trunc=0%  swp=26.6±26.5  fid=0.0000  rew=+22.41
  ring_20q      2625ep | trunc=0%  swp=22.0±17.9  fid=0.0000  rew=+22.85
  grid_5x4_20q  2563ep | trunc=0%  swp=8.9±9.1  fid=0.0000  rew=+22.68
step=160768  rew=+33.695  swp=27.1  map=0.1  trunc=0%  pl=-0.025  vl=0.441  ent=1.202  kl=0.0540  gn=1.024
  line_20q      2619ep | trunc=0%  swp=26.6±26.5  fid=0.0000  rew=+22.41
  ring_20q      2629ep | trunc=0%  swp=22.0±18.0  fid=0.0000  rew=+22.87
  grid_5x4_20q  2564ep | trunc=0%  swp=8.9±9.1  fid=0.0000  rew=+22.68
step=161024  rew=+32.120  swp=35.3  map=0.1  trunc=0%  pl=0.001  vl=0.219  ent=1.404  kl=0.2105  gn=1.639
  line_20q      2623ep | trunc=0%  swp=26.7±26.5  fid=0.0000  rew=+22.42
  ring_20q      2630ep | trunc=0%  swp=22.0±18.0  fid=0.0000  rew=+22.89
  grid_5x4_20q  2564ep | trunc=0%  swp=8.9±9.1  fid=0.0000  rew=+22.68
step=161280  rew=+26.274  swp=28.4  map=0.1  trunc=0%  pl=-0.001  vl=0.284  ent=1.255  kl=0.0282  gn=1.321
  line_20q      2626ep | trunc=0%  swp=26.7±26.5  fid=0.0000  rew=+22.43
  ring_20q      2634ep | trunc=0%  swp=22.0±18.0  fid=0.0000  rew=+22.89
  grid_5x4_20q  2566ep | trunc=0%  swp=8.9±9.1  fid=0.0000  rew=+22.67
step=161536  rew=+28.462  swp=31.6  map=0.1  trunc=0%  pl=-0.011  vl=0.251  ent=1.080  kl=0.0201  gn=1.094
  line_20q      2629ep | trunc=0%  swp=26.7±26.6  fid=0.0000  rew=+22.45
  ring_20q      2637ep | trunc=0%  swp=22.0±18.0  fid=0.0000  rew=+22.89
  grid_5x4_20q  2570ep | trunc=0%  swp=8.9±9.1  fid=0.0000  rew=+22.69
step=161792  rew=+26.538  swp=18.4  map=0.1  trunc=0%  pl=0.003  vl=0.354  ent=0.926  kl=0.0501  gn=1.060
  line_20q      2632ep | trunc=0%  swp=26.7±26.6  fid=0.0000  rew=+22.44
  ring_20q      2644ep | trunc=0%  swp=22.0±18.0  fid=0.0000  rew=+22.91
  grid_5x4_20q  2572ep | trunc=0%  swp=8.9±9.1  fid=0.0000  rew=+22.69
step=162048  rew=+26.914  swp=19.2  map=0.1  trunc=0%  pl=-0.017  vl=0.201  ent=1.067  kl=0.0385  gn=0.958
  line_20q      2634ep | trunc=0%  swp=26.7±26.6  fid=0.0000  rew=+22.44
  ring_20q      2648ep | trunc=0%  swp=22.1±18.0  fid=0.0000  rew=+22.93
  grid_5x4_20q  2577ep | trunc=0%  swp=8.9±9.1  fid=0.0000  rew=+22.70
step=162304  rew=+22.656  swp=15.7  map=0.1  trunc=0%  pl=-0.016  vl=0.483  ent=0.860  kl=0.0414  gn=0.964
  line_20q      2639ep | trunc=0%  swp=26.7±26.6  fid=0.0000  rew=+22.46
  ring_20q      2655ep | trunc=0%  swp=22.0±18.0  fid=0.0000  rew=+22.93
  grid_5x4_20q  2580ep | trunc=0%  swp=8.9±9.1  fid=0.0000  rew=+22.69
step=162560  rew=+26.362  swp=24.3  map=0.0  trunc=0%  pl=-0.001  vl=0.449  ent=1.336  kl=0.0423  gn=1.800
  line_20q      2642ep | trunc=0%  swp=26.7±26.7  fid=0.0000  rew=+22.49
  ring_20q      2656ep | trunc=0%  swp=22.0±18.0  fid=0.0000  rew=+22.92
  grid_5x4_20q  2582ep | trunc=0%  swp=8.9±9.1  fid=0.0000  rew=+22.69
step=162816  rew=+28.166  swp=25.9  map=0.0  trunc=0%  pl=-0.033  vl=0.377  ent=1.073  kl=0.0537  gn=1.460
  line_20q      2645ep | trunc=0%  swp=26.7±26.7  fid=0.0000  rew=+22.49
  ring_20q      2663ep | trunc=0%  swp=22.0±18.0  fid=0.0000  rew=+22.91
  grid_5x4_20q  2585ep | trunc=0%  swp=8.9±9.1  fid=0.0000  rew=+22.71
step=163072  rew=+25.975  swp=18.1  map=0.1  trunc=0%  pl=-0.008  vl=0.154  ent=0.940  kl=0.0844  gn=1.116
  line_20q      2648ep | trunc=0%  swp=26.8±26.7  fid=0.0000  rew=+22.50
  ring_20q      2666ep | trunc=0%  swp=22.0±18.0  fid=0.0000  rew=+22.92
  grid_5x4_20q  2593ep | trunc=0%  swp=8.9±9.1  fid=0.0000  rew=+22.72
step=163328  rew=+27.133  swp=20.6  map=0.0  trunc=0%  pl=-0.034  vl=0.402  ent=1.020  kl=0.1193  gn=0.820
  line_20q      2651ep | trunc=0%  swp=26.8±26.7  fid=0.0000  rew=+22.50
  ring_20q      2672ep | trunc=0%  swp=22.0±18.0  fid=0.0000  rew=+22.92
  grid_5x4_20q  2597ep | trunc=0%  swp=8.9±9.1  fid=0.0000  rew=+22.72
step=163584  rew=+28.011  swp=20.2  map=0.0  trunc=0%  pl=0.001  vl=0.224  ent=1.495  kl=0.0552  gn=1.091
  line_20q      2652ep | trunc=0%  swp=26.8±26.7  fid=0.0000  rew=+22.50
  ring_20q      2676ep | trunc=0%  swp=22.1±18.0  fid=0.0000  rew=+22.94
  grid_5x4_20q  2602ep | trunc=0%  swp=8.9±9.1  fid=0.0000  rew=+22.73
step=163840  rew=+28.620  swp=20.4  map=0.0  trunc=0%  pl=-0.041  vl=0.208  ent=0.975  kl=0.0868  gn=0.921
  line_20q      2657ep | trunc=0%  swp=26.7±26.7  fid=0.0000  rew=+22.49
  ring_20q      2682ep | trunc=0%  swp=22.1±18.1  fid=0.0000  rew=+22.96
  grid_5x4_20q  2603ep | trunc=0%  swp=8.9±9.1  fid=0.0000  rew=+22.74
step=164096  rew=+28.201  swp=21.2  map=0.0  trunc=0%  pl=-0.028  vl=0.302  ent=0.826  kl=0.1641  gn=0.860
  line_20q      2660ep | trunc=0%  swp=26.7±26.7  fid=0.0000  rew=+22.50
  ring_20q      2690ep | trunc=0%  swp=22.1±18.0  fid=0.0000  rew=+22.96
  grid_5x4_20q  2604ep | trunc=0%  swp=8.9±9.1  fid=0.0000  rew=+22.75
step=164352  rew=+25.093  swp=12.6  map=0.0  trunc=0%  pl=0.005  vl=0.601  ent=0.685  kl=0.0424  gn=1.338
  line_20q      2664ep | trunc=0%  swp=26.7±26.7  fid=0.0000  rew=+22.51
  ring_20q      2697ep | trunc=0%  swp=22.0±18.0  fid=0.0000  rew=+22.97
  grid_5x4_20q  2612ep | trunc=0%  swp=8.9±9.1  fid=0.0000  rew=+22.75
step=164608  rew=+30.636  swp=14.5  map=0.0  trunc=0%  pl=0.012  vl=0.461  ent=0.732  kl=0.0185  gn=1.012
  line_20q      2669ep | trunc=0%  swp=26.7±26.6  fid=0.0000  rew=+22.51
  ring_20q      2700ep | trunc=0%  swp=22.0±18.0  fid=0.0000  rew=+22.97
  grid_5x4_20q  2620ep | trunc=0%  swp=8.9±9.1  fid=0.0000  rew=+22.79
step=164864  rew=+32.109  swp=17.8  map=0.0  trunc=0%  pl=-0.005  vl=0.320  ent=0.917  kl=0.0417  gn=1.063
  line_20q      2672ep | trunc=0%  swp=26.7±26.6  fid=0.0000  rew=+22.51
  ring_20q      2705ep | trunc=0%  swp=22.1±18.0  fid=0.0000  rew=+22.99
  grid_5x4_20q  2626ep | trunc=0%  swp=8.9±9.1  fid=0.0000  rew=+22.80
step=165120  rew=+32.254  swp=25.3  map=0.0  trunc=0%  pl=0.010  vl=0.462  ent=1.109  kl=0.1037  gn=1.419
  line_20q      2676ep | trunc=0%  swp=26.7±26.7  fid=0.0000  rew=+22.54
  ring_20q      2706ep | trunc=0%  swp=22.1±18.0  fid=0.0000  rew=+23.00
  grid_5x4_20q  2626ep | trunc=0%  swp=8.9±9.1  fid=0.0000  rew=+22.80
step=165376  rew=+37.508  swp=29.9  map=0.0  trunc=0%  pl=0.003  vl=0.512  ent=1.104  kl=0.0254  gn=1.764
  line_20q      2676ep | trunc=0%  swp=26.7±26.7  fid=0.0000  rew=+22.54
  ring_20q      2710ep | trunc=0%  swp=22.1±18.0  fid=0.0000  rew=+23.02
  grid_5x4_20q  2632ep | trunc=0%  swp=8.9±9.1  fid=0.0000  rew=+22.85
step=165632  rew=+34.358  swp=23.2  map=0.0  trunc=0%  pl=-0.006  vl=0.272  ent=1.222  kl=0.0465  gn=1.411
  line_20q      2678ep | trunc=0%  swp=26.7±26.7  fid=0.0000  rew=+22.54
  ring_20q      2713ep | trunc=0%  swp=22.1±18.0  fid=0.0000  rew=+23.02
  grid_5x4_20q  2636ep | trunc=0%  swp=8.9±9.1  fid=0.0000  rew=+22.86
step=165888  rew=+28.468  swp=17.0  map=0.0  trunc=0%  pl=0.006  vl=0.204  ent=1.064  kl=0.0381  gn=1.312
  line_20q      2683ep | trunc=0%  swp=26.7±26.7  fid=0.0000  rew=+22.55
  ring_20q      2716ep | trunc=0%  swp=22.1±18.1  fid=0.0000  rew=+23.04
  grid_5x4_20q  2642ep | trunc=0%  swp=8.9±9.1  fid=0.0000  rew=+22.88
step=166144  rew=+28.927  swp=14.8  map=0.0  trunc=0%  pl=-0.019  vl=0.302  ent=1.032  kl=0.0542  gn=1.031
  line_20q      2686ep | trunc=0%  swp=26.7±26.7  fid=0.0000  rew=+22.54
  ring_20q      2721ep | trunc=0%  swp=22.1±18.1  fid=0.0000  rew=+23.04
  grid_5x4_20q  2648ep | trunc=0%  swp=8.9±9.1  fid=0.0000  rew=+22.92
step=166400  rew=+32.649  swp=22.5  map=0.0  trunc=0%  pl=-0.038  vl=0.426  ent=0.977  kl=0.1075  gn=1.086
  line_20q      2689ep | trunc=0%  swp=26.7±26.7  fid=0.0000  rew=+22.56
  ring_20q      2724ep | trunc=0%  swp=22.1±18.1  fid=0.0000  rew=+23.06
  grid_5x4_20q  2649ep | trunc=0%  swp=8.9±9.1  fid=0.0000  rew=+22.92
step=166656  rew=+36.846  swp=28.6  map=0.0  trunc=0%  pl=-0.047  vl=0.282  ent=1.189  kl=0.1576  gn=1.464
  line_20q      2691ep | trunc=0%  swp=26.8±26.7  fid=0.0000  rew=+22.56
  ring_20q      2727ep | trunc=0%  swp=22.1±18.1  fid=0.0000  rew=+23.08
  grid_5x4_20q  2651ep | trunc=0%  swp=8.9±9.1  fid=0.0000  rew=+22.94
step=166912  rew=+34.762  swp=25.6  map=0.0  trunc=0%  pl=0.003  vl=0.667  ent=0.790  kl=0.0282  gn=1.859
  line_20q      2693ep | trunc=0%  swp=26.8±26.7  fid=0.0000  rew=+22.57
  ring_20q      2732ep | trunc=0%  swp=22.1±18.1  fid=0.0000  rew=+23.08
  grid_5x4_20q  2657ep | trunc=0%  swp=9.0±9.2  fid=0.0000  rew=+22.98
step=167168  rew=+28.101  swp=15.2  map=0.0  trunc=0%  pl=0.014  vl=0.308  ent=0.701  kl=0.0445  gn=0.984
  line_20q      2696ep | trunc=0%  swp=26.8±26.7  fid=0.0000  rew=+22.57
  ring_20q      2739ep | trunc=0%  swp=22.1±18.1  fid=0.0000  rew=+23.09
  grid_5x4_20q  2662ep | trunc=0%  swp=9.0±9.2  fid=0.0000  rew=+22.99
step=167424  rew=+33.738  swp=22.2  map=0.0  trunc=0%  pl=-0.008  vl=0.464  ent=0.980  kl=0.1014  gn=1.715
  line_20q      2698ep | trunc=0%  swp=26.8±26.7  fid=0.0000  rew=+22.58
  ring_20q      2742ep | trunc=0%  swp=22.1±18.1  fid=0.0000  rew=+23.12
  grid_5x4_20q  2666ep | trunc=0%  swp=9.0±9.2  fid=0.0000  rew=+23.01
step=167680  rew=+39.886  swp=26.8  map=0.0  trunc=0%  pl=-0.023  vl=0.359  ent=0.807  kl=0.0724  gn=1.686
  line_20q      2701ep | trunc=0%  swp=26.8±26.7  fid=0.0000  rew=+22.57
  ring_20q      2745ep | trunc=0%  swp=22.2±18.1  fid=0.0000  rew=+23.14
  grid_5x4_20q  2670ep | trunc=0%  swp=9.0±9.2  fid=0.0000  rew=+23.07
step=167936  rew=+34.981  swp=26.9  map=0.0  trunc=0%  pl=-0.005  vl=0.466  ent=0.897  kl=0.1022  gn=1.551
  line_20q      2704ep | trunc=0%  swp=26.8±26.7  fid=0.0000  rew=+22.59
  ring_20q      2746ep | trunc=0%  swp=22.2±18.1  fid=0.0000  rew=+23.14
  grid_5x4_20q  2673ep | trunc=0%  swp=9.0±9.2  fid=0.0000  rew=+23.07
step=168192  rew=+29.908  swp=25.4  map=0.0  trunc=0%  pl=0.025  vl=0.469  ent=0.884  kl=0.0674  gn=1.764
  line_20q      2708ep | trunc=0%  swp=26.8±26.7  fid=0.0000  rew=+22.58
  ring_20q      2751ep | trunc=0%  swp=22.2±18.1  fid=0.0000  rew=+23.16
  grid_5x4_20q  2676ep | trunc=0%  swp=9.0±9.2  fid=0.0000  rew=+23.08
step=168448  rew=+29.596  swp=23.6  map=0.0  trunc=0%  pl=-0.049  vl=0.448  ent=0.971  kl=0.1781  gn=1.382
  line_20q      2710ep | trunc=0%  swp=26.8±26.7  fid=0.0000  rew=+22.59
  ring_20q      2755ep | trunc=0%  swp=22.2±18.2  fid=0.0000  rew=+23.18
  grid_5x4_20q  2679ep | trunc=0%  swp=9.0±9.1  fid=0.0000  rew=+23.08
step=168704  rew=+30.122  swp=22.4  map=0.0  trunc=0%  pl=-0.039  vl=0.164  ent=0.949  kl=0.3268  gn=1.022
  line_20q      2715ep | trunc=0%  swp=26.8±26.7  fid=0.0000  rew=+22.59
  ring_20q      2758ep | trunc=0%  swp=22.2±18.2  fid=0.0000  rew=+23.18
  grid_5x4_20q  2684ep | trunc=0%  swp=9.0±9.2  fid=0.0000  rew=+23.10
step=168960  rew=+31.084  swp=20.5  map=0.1  trunc=0%  pl=-0.021  vl=0.234  ent=1.113  kl=0.1914  gn=1.154
  line_20q      2718ep | trunc=0%  swp=26.8±26.7  fid=0.0000  rew=+22.60
  ring_20q      2760ep | trunc=0%  swp=22.2±18.2  fid=0.0000  rew=+23.19
  grid_5x4_20q  2690ep | trunc=0%  swp=9.0±9.2  fid=0.0000  rew=+23.15
step=169216  rew=+28.553  swp=13.6  map=0.1  trunc=0%  pl=0.001  vl=0.442  ent=0.756  kl=0.1173  gn=1.163
  line_20q      2721ep | trunc=0%  swp=26.8±26.7  fid=0.0000  rew=+22.60
  ring_20q      2768ep | trunc=0%  swp=22.2±18.2  fid=0.0000  rew=+23.20
  grid_5x4_20q  2696ep | trunc=0%  swp=9.0±9.2  fid=0.0000  rew=+23.16
step=169472  rew=+25.598  swp=15.5  map=0.1  trunc=0%  pl=-0.023  vl=0.347  ent=0.845  kl=0.3007  gn=0.883
  line_20q      2727ep | trunc=0%  swp=26.8±26.7  fid=0.0000  rew=+22.62
  ring_20q      2770ep | trunc=0%  swp=22.2±18.2  fid=0.0000  rew=+23.20
  grid_5x4_20q  2700ep | trunc=0%  swp=9.0±9.2  fid=0.0000  rew=+23.16
step=169728  rew=+28.776  swp=17.1  map=0.1  trunc=0%  pl=-0.025  vl=0.149  ent=0.858  kl=0.0961  gn=0.998
  line_20q      2731ep | trunc=0%  swp=26.8±26.7  fid=0.0000  rew=+22.62
  ring_20q      2773ep | trunc=0%  swp=22.2±18.2  fid=0.0000  rew=+23.21
  grid_5x4_20q  2707ep | trunc=0%  swp=9.0±9.2  fid=0.0000  rew=+23.19
step=169984  rew=+34.854  swp=22.4  map=0.0  trunc=0%  pl=-0.021  vl=0.317  ent=0.887  kl=0.0958  gn=0.996
  line_20q      2734ep | trunc=0%  swp=26.8±26.6  fid=0.0000  rew=+22.63
  ring_20q      2776ep | trunc=0%  swp=22.2±18.2  fid=0.0000  rew=+23.24
  grid_5x4_20q  2709ep | trunc=0%  swp=9.0±9.2  fid=0.0000  rew=+23.20
step=170240  rew=+37.382  swp=29.8  map=0.1  trunc=0%  pl=0.010  vl=0.351  ent=1.084  kl=0.0336  gn=1.269
  line_20q      2735ep | trunc=0%  swp=26.8±26.6  fid=0.0000  rew=+22.63
  ring_20q      2780ep | trunc=0%  swp=22.3±18.3  fid=0.0000  rew=+23.28
  grid_5x4_20q  2710ep | trunc=0%  swp=9.0±9.2  fid=0.0000  rew=+23.20
step=170496  rew=+43.386  swp=41.6  map=0.1  trunc=0%  pl=-0.006  vl=0.106  ent=1.144  kl=0.0475  gn=1.106
  line_20q      2737ep | trunc=0%  swp=26.8±26.7  fid=0.0000  rew=+22.66
  ring_20q      2782ep | trunc=0%  swp=22.3±18.3  fid=0.0000  rew=+23.29
  grid_5x4_20q  2711ep | trunc=0%  swp=9.0±9.2  fid=0.0000  rew=+23.21
step=170752  rew=+43.109  swp=33.3  map=0.1  trunc=0%  pl=0.022  vl=0.553  ent=0.731  kl=0.0304  gn=2.104
  line_20q      2740ep | trunc=0%  swp=26.8±26.7  fid=0.0000  rew=+22.66
  ring_20q      2788ep | trunc=0%  swp=22.3±18.3  fid=0.0000  rew=+23.31
  grid_5x4_20q  2714ep | trunc=0%  swp=9.0±9.2  fid=0.0000  rew=+23.25
step=171008  rew=+38.111  swp=26.1  map=0.1  trunc=0%  pl=0.038  vl=1.112  ent=1.348  kl=0.0829  gn=2.856
  line_20q      2741ep | trunc=0%  swp=26.8±26.8  fid=0.0000  rew=+22.69
  ring_20q      2791ep | trunc=0%  swp=22.3±18.2  fid=0.0000  rew=+23.31
  grid_5x4_20q  2716ep | trunc=0%  swp=9.0±9.2  fid=0.0000  rew=+23.26
step=171264  rew=+43.252  swp=30.4  map=0.1  trunc=0%  pl=0.011  vl=0.421  ent=0.969  kl=0.0421  gn=1.896
  line_20q      2743ep | trunc=0%  swp=26.8±26.8  fid=0.0000  rew=+22.71
  ring_20q      2794ep | trunc=0%  swp=22.3±18.3  fid=0.0000  rew=+23.35
  grid_5x4_20q  2718ep | trunc=0%  swp=9.0±9.2  fid=0.0000  rew=+23.26
step=171520  rew=+42.255  swp=37.4  map=0.1  trunc=0%  pl=0.002  vl=0.382  ent=1.352  kl=0.0970  gn=1.469
  line_20q      2745ep | trunc=0%  swp=26.9±26.9  fid=0.0000  rew=+22.73
  ring_20q      2794ep | trunc=0%  swp=22.3±18.3  fid=0.0000  rew=+23.35
  grid_5x4_20q  2721ep | trunc=0%  swp=9.0±9.2  fid=0.0000  rew=+23.26
step=171776  rew=+36.168  swp=31.9  map=0.0  trunc=0%  pl=-0.011  vl=0.491  ent=0.910  kl=0.1014  gn=1.469
  line_20q      2749ep | trunc=0%  swp=26.9±26.9  fid=0.0000  rew=+22.76
  ring_20q      2796ep | trunc=0%  swp=22.3±18.3  fid=0.0000  rew=+23.36
  grid_5x4_20q  2727ep | trunc=0%  swp=9.0±9.1  fid=0.0000  rew=+23.27
step=172032  rew=+29.856  swp=18.1  map=0.0  trunc=0%  pl=-0.014  vl=0.265  ent=0.854  kl=0.0836  gn=1.100
  line_20q      2753ep | trunc=0%  swp=26.9±26.9  fid=0.0000  rew=+22.76
  ring_20q      2800ep | trunc=0%  swp=22.3±18.3  fid=0.0000  rew=+23.38
  grid_5x4_20q  2732ep | trunc=0%  swp=9.0±9.1  fid=0.0000  rew=+23.27
step=172288  rew=+32.508  swp=25.2  map=0.0  trunc=0%  pl=-0.007  vl=0.316  ent=1.111  kl=0.0629  gn=1.356
  line_20q      2757ep | trunc=0%  swp=27.0±27.0  fid=0.0000  rew=+22.79
  ring_20q      2801ep | trunc=0%  swp=22.3±18.3  fid=0.0000  rew=+23.38
  grid_5x4_20q  2732ep | trunc=0%  swp=9.0±9.1  fid=0.0000  rew=+23.27
step=172544  rew=+33.393  swp=30.4  map=0.0  trunc=0%  pl=-0.028  vl=0.382  ent=1.122  kl=0.0543  gn=1.368
  line_20q      2760ep | trunc=0%  swp=27.0±27.0  fid=0.0000  rew=+22.80
  ring_20q      2804ep | trunc=0%  swp=22.3±18.3  fid=0.0000  rew=+23.41
  grid_5x4_20q  2734ep | trunc=0%  swp=9.0±9.1  fid=0.0000  rew=+23.27
step=172800  rew=+31.326  swp=25.1  map=0.0  trunc=0%  pl=-0.003  vl=0.290  ent=0.872  kl=0.0400  gn=1.603
  line_20q      2764ep | trunc=0%  swp=27.0±27.0  fid=0.0000  rew=+22.81
  ring_20q      2808ep | trunc=0%  swp=22.3±18.3  fid=0.0000  rew=+23.42
  grid_5x4_20q  2738ep | trunc=0%  swp=9.0±9.1  fid=0.0000  rew=+23.27
step=173056  rew=+31.373  swp=20.9  map=0.0  trunc=0%  pl=-0.018  vl=0.150  ent=0.968  kl=0.0690  gn=1.093
  line_20q      2766ep | trunc=0%  swp=27.0±27.0  fid=0.0000  rew=+22.81
  ring_20q      2813ep | trunc=0%  swp=22.3±18.3  fid=0.0000  rew=+23.44
  grid_5x4_20q  2742ep | trunc=0%  swp=9.0±9.1  fid=0.0000  rew=+23.29
step=173312  rew=+32.486  swp=17.0  map=0.0  trunc=0%  pl=0.002  vl=0.337  ent=0.902  kl=0.0265  gn=1.127
  line_20q      2766ep | trunc=0%  swp=27.0±27.0  fid=0.0000  rew=+22.81
  ring_20q      2820ep | trunc=0%  swp=22.3±18.3  fid=0.0000  rew=+23.42
  grid_5x4_20q  2749ep | trunc=0%  swp=9.0±9.1  fid=0.0000  rew=+23.34
step=173568  rew=+32.199  swp=19.4  map=0.0  trunc=0%  pl=0.021  vl=0.270  ent=0.956  kl=0.0572  gn=1.579
  line_20q      2773ep | trunc=0%  swp=27.0±27.0  fid=0.0000  rew=+22.82
  ring_20q      2823ep | trunc=0%  swp=22.3±18.4  fid=0.0000  rew=+23.44
  grid_5x4_20q  2752ep | trunc=0%  swp=9.0±9.1  fid=0.0000  rew=+23.36
step=173824  rew=+29.582  swp=23.1  map=0.0  trunc=0%  pl=0.019  vl=0.451  ent=1.188  kl=0.0560  gn=1.686
  line_20q      2777ep | trunc=0%  swp=27.0±27.0  fid=0.0000  rew=+22.82
  ring_20q      2826ep | trunc=0%  swp=22.3±18.4  fid=0.0000  rew=+23.46
  grid_5x4_20q  2753ep | trunc=0%  swp=9.0±9.1  fid=0.0000  rew=+23.37
step=174080  rew=+30.650  swp=24.9  map=0.0  trunc=0%  pl=-0.018  vl=0.153  ent=1.218  kl=0.0448  gn=1.361
  line_20q      2782ep | trunc=0%  swp=27.0±27.0  fid=0.0000  rew=+22.82
  ring_20q      2827ep | trunc=0%  swp=22.4±18.4  fid=0.0000  rew=+23.47
  grid_5x4_20q  2759ep | trunc=0%  swp=9.0±9.1  fid=0.0000  rew=+23.39
step=174336  rew=+32.845  swp=21.2  map=0.0  trunc=0%  pl=-0.011  vl=0.381  ent=1.225  kl=0.0671  gn=1.348
  line_20q      2785ep | trunc=0%  swp=27.0±27.0  fid=0.0000  rew=+22.82
  ring_20q      2829ep | trunc=0%  swp=22.3±18.4  fid=0.0000  rew=+23.46
  grid_5x4_20q  2767ep | trunc=0%  swp=9.1±9.2  fid=0.0000  rew=+23.44
step=174592  rew=+29.825  swp=17.3  map=0.1  trunc=0%  pl=-0.027  vl=0.525  ent=1.139  kl=0.3983  gn=1.578
  line_20q      2786ep | trunc=0%  swp=27.0±27.0  fid=0.0000  rew=+22.83
  ring_20q      2833ep | trunc=0%  swp=22.3±18.4  fid=0.0000  rew=+23.46
  grid_5x4_20q  2770ep | trunc=0%  swp=9.1±9.2  fid=0.0000  rew=+23.45
step=174848  rew=+31.808  swp=24.4  map=0.1  trunc=0%  pl=-0.019  vl=0.200  ent=1.101  kl=0.0870  gn=1.084
  line_20q      2790ep | trunc=0%  swp=27.0±27.0  fid=0.0000  rew=+22.86
  ring_20q      2835ep | trunc=0%  swp=22.3±18.4  fid=0.0000  rew=+23.46
  grid_5x4_20q  2774ep | trunc=0%  swp=9.1±9.2  fid=0.0000  rew=+23.47
step=175104  rew=+30.792  swp=21.8  map=0.0  trunc=0%  pl=-0.009  vl=0.149  ent=0.985  kl=0.0603  gn=1.157
  line_20q      2795ep | trunc=0%  swp=27.0±27.1  fid=0.0000  rew=+22.87
  ring_20q      2837ep | trunc=0%  swp=22.3±18.4  fid=0.0000  rew=+23.46
  grid_5x4_20q  2780ep | trunc=0%  swp=9.1±9.2  fid=0.0000  rew=+23.48
step=175360  rew=+28.299  swp=15.7  map=0.0  trunc=0%  pl=-0.004  vl=0.197  ent=0.983  kl=0.0571  gn=1.173
  line_20q      2798ep | trunc=0%  swp=27.0±27.0  fid=0.0000  rew=+22.87
  ring_20q      2841ep | trunc=0%  swp=22.3±18.4  fid=0.0000  rew=+23.47
  grid_5x4_20q  2785ep | trunc=0%  swp=9.1±9.2  fid=0.0000  rew=+23.50
step=175616  rew=+30.009  swp=21.9  map=0.1  trunc=0%  pl=-0.006  vl=0.304  ent=1.002  kl=0.0243  gn=1.409
  line_20q      2803ep | trunc=0%  swp=27.0±27.0  fid=0.0000  rew=+22.90
  ring_20q      2843ep | trunc=0%  swp=22.3±18.4  fid=0.0000  rew=+23.46
  grid_5x4_20q  2790ep | trunc=0%  swp=9.1±9.2  fid=0.0000  rew=+23.53
step=175872  rew=+34.426  swp=24.9  map=0.1  trunc=0%  pl=-0.061  vl=0.433  ent=0.982  kl=0.5556  gn=1.399
  line_20q      2808ep | trunc=0%  swp=27.1±27.0  fid=0.0000  rew=+22.91
  ring_20q      2844ep | trunc=0%  swp=22.3±18.4  fid=0.0000  rew=+23.47
  grid_5x4_20q  2792ep | trunc=0%  swp=9.1±9.2  fid=0.0000  rew=+23.54
step=176128  rew=+34.406  swp=27.5  map=0.0  trunc=0%  pl=0.015  vl=0.552  ent=1.079  kl=0.0379  gn=1.544
  line_20q      2809ep | trunc=0%  swp=27.1±27.0  fid=0.0000  rew=+22.91
  ring_20q      2850ep | trunc=0%  swp=22.4±18.4  fid=0.0000  rew=+23.50
  grid_5x4_20q  2793ep | trunc=0%  swp=9.1±9.2  fid=0.0000  rew=+23.55
step=176384  rew=+30.542  swp=23.7  map=0.1  trunc=0%  pl=-0.015  vl=0.343  ent=0.973  kl=0.1316  gn=1.041
  line_20q      2814ep | trunc=0%  swp=27.0±27.0  fid=0.0000  rew=+22.92
  ring_20q      2854ep | trunc=0%  swp=22.4±18.4  fid=0.0000  rew=+23.50
  grid_5x4_20q  2796ep | trunc=0%  swp=9.1±9.2  fid=0.0000  rew=+23.55
step=176640  rew=+30.583  swp=18.9  map=0.1  trunc=0%  pl=-0.030  vl=0.203  ent=1.144  kl=0.0612  gn=1.099
  line_20q      2816ep | trunc=0%  swp=27.0±27.0  fid=0.0000  rew=+22.92
  ring_20q      2857ep | trunc=0%  swp=22.4±18.4  fid=0.0000  rew=+23.53
  grid_5x4_20q  2803ep | trunc=0%  swp=9.1±9.2  fid=0.0000  rew=+23.57
step=176896  rew=+35.195  swp=14.1  map=0.1  trunc=0%  pl=0.019  vl=0.159  ent=0.891  kl=0.1342  gn=1.521
  line_20q      2821ep | trunc=0%  swp=27.0±27.0  fid=0.0000  rew=+22.93
  ring_20q      2859ep | trunc=0%  swp=22.4±18.4  fid=0.0000  rew=+23.53
  grid_5x4_20q  2808ep | trunc=0%  swp=9.1±9.2  fid=0.0000  rew=+23.61
step=177152  rew=+35.073  swp=20.1  map=0.0  trunc=0%  pl=-0.039  vl=0.305  ent=1.116  kl=0.2343  gn=1.051
  line_20q      2824ep | trunc=0%  swp=27.0±27.0  fid=0.0000  rew=+22.94
  ring_20q      2862ep | trunc=0%  swp=22.4±18.4  fid=0.0000  rew=+23.55
  grid_5x4_20q  2811ep | trunc=0%  swp=9.1±9.2  fid=0.0000  rew=+23.63
step=177408  rew=+38.399  swp=28.4  map=0.1  trunc=0%  pl=-0.019  vl=0.284  ent=1.155  kl=0.0514  gn=1.127
  line_20q      2827ep | trunc=0%  swp=27.1±27.0  fid=0.0000  rew=+22.96
  ring_20q      2863ep | trunc=0%  swp=22.4±18.4  fid=0.0000  rew=+23.55
  grid_5x4_20q  2815ep | trunc=0%  swp=9.1±9.2  fid=0.0000  rew=+23.66
step=177664  rew=+37.975  swp=29.5  map=0.1  trunc=0%  pl=0.002  vl=0.147  ent=1.146  kl=0.0339  gn=1.081
  line_20q      2831ep | trunc=0%  swp=27.1±27.1  fid=0.0000  rew=+22.98
  ring_20q      2865ep | trunc=0%  swp=22.4±18.4  fid=0.0000  rew=+23.55
  grid_5x4_20q  2819ep | trunc=0%  swp=9.1±9.2  fid=0.0000  rew=+23.69
step=177920  rew=+33.858  swp=25.2  map=0.0  trunc=0%  pl=0.024  vl=0.411  ent=1.102  kl=0.3856  gn=1.020
  line_20q      2832ep | trunc=0%  swp=27.1±27.1  fid=0.0000  rew=+22.98
  ring_20q      2869ep | trunc=0%  swp=22.4±18.4  fid=0.0000  rew=+23.56
  grid_5x4_20q  2822ep | trunc=0%  swp=9.1±9.2  fid=0.0000  rew=+23.70
step=178176  rew=+35.636  swp=23.9  map=0.1  trunc=0%  pl=-0.007  vl=0.348  ent=0.955  kl=0.0405  gn=1.548
  line_20q      2835ep | trunc=0%  swp=27.1±27.1  fid=0.0000  rew=+23.01
  ring_20q      2873ep | trunc=0%  swp=22.4±18.4  fid=0.0000  rew=+23.58
  grid_5x4_20q  2828ep | trunc=0%  swp=9.2±9.2  fid=0.0000  rew=+23.72
step=178432  rew=+38.535  swp=29.4  map=0.1  trunc=0%  pl=-0.031  vl=0.728  ent=1.152  kl=0.5977  gn=1.812
  line_20q      2838ep | trunc=0%  swp=27.1±27.1  fid=0.0000  rew=+23.02
  ring_20q      2876ep | trunc=0%  swp=22.4±18.4  fid=0.0000  rew=+23.60
  grid_5x4_20q  2828ep | trunc=0%  swp=9.2±9.2  fid=0.0000  rew=+23.72
step=178688  rew=+27.306  swp=18.6  map=0.0  trunc=0%  pl=-0.005  vl=0.702  ent=0.690  kl=0.0274  gn=1.403
  line_20q      2843ep | trunc=0%  swp=27.1±27.1  fid=0.0000  rew=+23.02
  ring_20q      2882ep | trunc=0%  swp=22.4±18.4  fid=0.0000  rew=+23.60
  grid_5x4_20q  2834ep | trunc=0%  swp=9.2±9.2  fid=0.0000  rew=+23.73
step=178944  rew=+30.237  swp=14.8  map=0.1  trunc=0%  pl=0.015  vl=0.478  ent=1.058  kl=0.0281  gn=1.454
  line_20q      2848ep | trunc=0%  swp=27.1±27.1  fid=0.0000  rew=+23.05
  ring_20q      2883ep | trunc=0%  swp=22.4±18.4  fid=0.0000  rew=+23.61
  grid_5x4_20q  2838ep | trunc=0%  swp=9.1±9.2  fid=0.0000  rew=+23.74
step=179200  rew=+38.972  swp=24.5  map=0.2  trunc=0%  pl=-0.018  vl=0.363  ent=1.127  kl=0.0727  gn=1.096
  line_20q      2853ep | trunc=0%  swp=27.1±27.1  fid=0.0000  rew=+23.07
  ring_20q      2885ep | trunc=0%  swp=22.5±18.5  fid=0.0000  rew=+23.64
  grid_5x4_20q  2839ep | trunc=0%  swp=9.2±9.2  fid=0.0000  rew=+23.75
step=179456  rew=+41.169  swp=29.5  map=0.2  trunc=0%  pl=-0.013  vl=0.193  ent=1.115  kl=0.0277  gn=0.939
  line_20q      2857ep | trunc=0%  swp=27.1±27.1  fid=0.0000  rew=+23.09
  ring_20q      2886ep | trunc=0%  swp=22.5±18.5  fid=0.0000  rew=+23.66
  grid_5x4_20q  2842ep | trunc=0%  swp=9.2±9.2  fid=0.0000  rew=+23.75
step=179712  rew=+38.912  swp=27.6  map=0.1  trunc=0%  pl=-0.011  vl=0.193  ent=1.172  kl=0.0385  gn=1.262
  line_20q      2861ep | trunc=0%  swp=27.1±27.1  fid=0.0000  rew=+23.12
  ring_20q      2887ep | trunc=0%  swp=22.5±18.5  fid=0.0000  rew=+23.67
  grid_5x4_20q  2845ep | trunc=0%  swp=9.2±9.2  fid=0.0000  rew=+23.76
step=179968  rew=+40.027  swp=31.1  map=0.1  trunc=0%  pl=0.000  vl=0.195  ent=1.084  kl=0.0494  gn=1.117
  line_20q      2864ep | trunc=0%  swp=27.1±27.1  fid=0.0000  rew=+23.14
  ring_20q      2888ep | trunc=0%  swp=22.5±18.6  fid=0.0000  rew=+23.68
  grid_5x4_20q  2849ep | trunc=0%  swp=9.2±9.2  fid=0.0000  rew=+23.78
step=180224  rew=+42.082  swp=30.6  map=0.1  trunc=0%  pl=-0.026  vl=0.170  ent=1.180  kl=0.0761  gn=0.958
  line_20q      2867ep | trunc=0%  swp=27.1±27.1  fid=0.0000  rew=+23.16
  ring_20q      2889ep | trunc=0%  swp=22.5±18.6  fid=0.0000  rew=+23.70
  grid_5x4_20q  2852ep | trunc=0%  swp=9.2±9.2  fid=0.0000  rew=+23.81
step=180480  rew=+35.749  swp=24.9  map=0.1  trunc=0%  pl=-0.017  vl=0.297  ent=1.090  kl=0.1014  gn=0.902
  line_20q      2871ep | trunc=0%  swp=27.1±27.1  fid=0.0000  rew=+23.17
  ring_20q      2892ep | trunc=0%  swp=22.5±18.6  fid=0.0000  rew=+23.71
  grid_5x4_20q  2856ep | trunc=0%  swp=9.2±9.2  fid=0.0000  rew=+23.81
step=180736  rew=+31.930  swp=22.8  map=0.3  trunc=0%  pl=-0.010  vl=0.307  ent=0.923  kl=0.1477  gn=0.830
  line_20q      2876ep | trunc=0%  swp=27.1±27.1  fid=0.0000  rew=+23.19
  ring_20q      2894ep | trunc=0%  swp=22.5±18.6  fid=0.0000  rew=+23.72
  grid_5x4_20q  2858ep | trunc=0%  swp=9.2±9.2  fid=0.0000  rew=+23.81
step=180992  rew=+33.353  swp=28.4  map=0.3  trunc=0%  pl=0.020  vl=0.782  ent=1.364  kl=0.2102  gn=1.931
  line_20q      2878ep | trunc=0%  swp=27.2±27.1  fid=0.0000  rew=+23.21
  ring_20q      2895ep | trunc=0%  swp=22.5±18.6  fid=0.0000  rew=+23.72
  grid_5x4_20q  2860ep | trunc=0%  swp=9.2±9.2  fid=0.0000  rew=+23.81
step=181248  rew=+35.520  swp=32.8  map=0.2  trunc=0%  pl=-0.014  vl=0.361  ent=1.150  kl=0.0494  gn=1.382
  line_20q      2881ep | trunc=0%  swp=27.2±27.2  fid=0.0000  rew=+23.23
  ring_20q      2898ep | trunc=0%  swp=22.6±18.6  fid=0.0000  rew=+23.73
  grid_5x4_20q  2863ep | trunc=0%  swp=9.2±9.2  fid=0.0000  rew=+23.82
step=181504  rew=+35.475  swp=31.4  map=0.0  trunc=0%  pl=-0.018  vl=0.222  ent=1.433  kl=0.0623  gn=0.755
  line_20q      2883ep | trunc=0%  swp=27.3±27.2  fid=0.0000  rew=+23.25
  ring_20q      2900ep | trunc=0%  swp=22.6±18.6  fid=0.0000  rew=+23.74
  grid_5x4_20q  2866ep | trunc=0%  swp=9.2±9.2  fid=0.0000  rew=+23.83
step=181760  rew=+36.831  swp=29.8  map=0.1  trunc=0%  pl=-0.021  vl=0.172  ent=1.065  kl=0.0887  gn=0.796
  line_20q      2889ep | trunc=0%  swp=27.3±27.2  fid=0.0000  rew=+23.26
  ring_20q      2901ep | trunc=0%  swp=22.6±18.6  fid=0.0000  rew=+23.75
  grid_5x4_20q  2869ep | trunc=0%  swp=9.2±9.2  fid=0.0000  rew=+23.84
step=182016  rew=+31.921  swp=22.1  map=0.1  trunc=0%  pl=-0.005  vl=0.170  ent=1.236  kl=0.0806  gn=0.856
  line_20q      2891ep | trunc=0%  swp=27.3±27.2  fid=0.0000  rew=+23.26
  ring_20q      2904ep | trunc=0%  swp=22.6±18.7  fid=0.0000  rew=+23.78
  grid_5x4_20q  2875ep | trunc=0%  swp=9.2±9.2  fid=0.0000  rew=+23.84
step=182272  rew=+31.897  swp=27.1  map=0.0  trunc=0%  pl=-0.000  vl=0.158  ent=1.271  kl=0.0465  gn=1.018
  line_20q      2894ep | trunc=0%  swp=27.3±27.2  fid=0.0000  rew=+23.28
  ring_20q      2908ep | trunc=0%  swp=22.6±18.7  fid=0.0000  rew=+23.78
  grid_5x4_20q  2876ep | trunc=0%  swp=9.2±9.2  fid=0.0000  rew=+23.85
step=182528  rew=+36.046  swp=26.1  map=0.0  trunc=0%  pl=-0.013  vl=0.495  ent=1.264  kl=0.0276  gn=1.197
  line_20q      2898ep | trunc=0%  swp=27.3±27.2  fid=0.0000  rew=+23.31
  ring_20q      2908ep | trunc=0%  swp=22.6±18.7  fid=0.0000  rew=+23.78
  grid_5x4_20q  2880ep | trunc=0%  swp=9.2±9.2  fid=0.0000  rew=+23.89
step=182784  rew=+42.455  swp=37.9  map=0.0  trunc=0%  pl=0.020  vl=0.646  ent=1.599  kl=0.0819  gn=1.536
  line_20q      2899ep | trunc=0%  swp=27.3±27.3  fid=0.0000  rew=+23.33
  ring_20q      2910ep | trunc=0%  swp=22.6±18.7  fid=0.0000  rew=+23.81
  grid_5x4_20q  2880ep | trunc=0%  swp=9.2±9.2  fid=0.0000  rew=+23.89
step=183040  rew=+45.690  swp=43.0  map=0.0  trunc=0%  pl=-0.012  vl=0.566  ent=1.375  kl=0.0705  gn=1.360
  line_20q      2904ep | trunc=0%  swp=27.4±27.3  fid=0.0000  rew=+23.35
  ring_20q      2910ep | trunc=0%  swp=22.6±18.7  fid=0.0000  rew=+23.81
  grid_5x4_20q  2881ep | trunc=0%  swp=9.2±9.2  fid=0.0000  rew=+23.89
step=183296  rew=+41.361  swp=38.0  map=0.0  trunc=0%  pl=-0.003  vl=0.291  ent=0.990  kl=0.0194  gn=1.251
  line_20q      2907ep | trunc=0%  swp=27.3±27.3  fid=0.0000  rew=+23.35
  ring_20q      2914ep | trunc=0%  swp=22.7±18.8  fid=0.0000  rew=+23.83
  grid_5x4_20q  2884ep | trunc=0%  swp=9.2±9.2  fid=0.0000  rew=+23.91
step=183552  rew=+38.398  swp=31.6  map=0.0  trunc=0%  pl=0.017  vl=0.397  ent=1.289  kl=0.0568  gn=1.369
  line_20q      2910ep | trunc=0%  swp=27.4±27.3  fid=0.0000  rew=+23.38
  ring_20q      2916ep | trunc=0%  swp=22.7±18.8  fid=0.0000  rew=+23.84
  grid_5x4_20q  2886ep | trunc=0%  swp=9.2±9.2  fid=0.0000  rew=+23.92
step=183808  rew=+36.927  swp=28.9  map=0.0  trunc=0%  pl=0.002  vl=0.363  ent=1.200  kl=0.0312  gn=1.176
  line_20q      2913ep | trunc=0%  swp=27.4±27.3  fid=0.0000  rew=+23.40
  ring_20q      2918ep | trunc=0%  swp=22.7±18.8  fid=0.0000  rew=+23.84
  grid_5x4_20q  2887ep | trunc=0%  swp=9.2±9.2  fid=0.0000  rew=+23.93
step=184064  rew=+42.579  swp=34.9  map=0.0  trunc=0%  pl=-0.019  vl=0.145  ent=1.459  kl=0.0218  gn=0.879
  line_20q      2913ep | trunc=0%  swp=27.4±27.3  fid=0.0000  rew=+23.40
  ring_20q      2921ep | trunc=0%  swp=22.7±18.8  fid=0.0000  rew=+23.87
  grid_5x4_20q  2890ep | trunc=0%  swp=9.2±9.2  fid=0.0000  rew=+23.96
step=184320  rew=+42.419  swp=33.8  map=0.0  trunc=0%  pl=-0.012  vl=0.312  ent=1.229  kl=0.0345  gn=0.879
  line_20q      2918ep | trunc=0%  swp=27.4±27.3  fid=0.0000  rew=+23.42
  ring_20q      2924ep | trunc=0%  swp=22.7±18.8  fid=0.0000  rew=+23.89
  grid_5x4_20q  2892ep | trunc=0%  swp=9.2±9.2  fid=0.0000  rew=+23.96
step=184576  rew=+40.836  swp=29.1  map=0.1  trunc=0%  pl=-0.040  vl=0.220  ent=0.984  kl=0.1097  gn=0.812
  line_20q      2920ep | trunc=0%  swp=27.4±27.3  fid=0.0000  rew=+23.45
  ring_20q      2929ep | trunc=0%  swp=22.7±18.8  fid=0.0000  rew=+23.92
  grid_5x4_20q  2895ep | trunc=0%  swp=9.2±9.2  fid=0.0000  rew=+23.98
step=184832  rew=+45.285  swp=35.2  map=0.1  trunc=0%  pl=-0.037  vl=0.765  ent=1.340  kl=0.1372  gn=1.265
  line_20q      2922ep | trunc=0%  swp=27.4±27.3  fid=0.0000  rew=+23.47
  ring_20q      2931ep | trunc=0%  swp=22.8±18.9  fid=0.0000  rew=+23.94
  grid_5x4_20q  2895ep | trunc=0%  swp=9.2±9.2  fid=0.0000  rew=+23.98
step=185088  rew=+48.566  swp=40.1  map=0.1  trunc=0%  pl=0.006  vl=0.261  ent=1.702  kl=0.0456  gn=1.331
  line_20q      2924ep | trunc=0%  swp=27.5±27.5  fid=0.0000  rew=+23.50
  ring_20q      2932ep | trunc=0%  swp=22.8±18.9  fid=0.0000  rew=+23.95
  grid_5x4_20q  2896ep | trunc=0%  swp=9.2±9.2  fid=0.0000  rew=+23.98
step=185344  rew=+45.774  swp=39.9  map=0.1  trunc=0%  pl=-0.022  vl=0.543  ent=0.934  kl=0.0364  gn=1.659
  line_20q      2928ep | trunc=0%  swp=27.5±27.5  fid=0.0000  rew=+23.51
  ring_20q      2936ep | trunc=0%  swp=22.8±18.9  fid=0.0000  rew=+23.96
  grid_5x4_20q  2898ep | trunc=0%  swp=9.2±9.2  fid=0.0000  rew=+24.01
step=185600  rew=+34.325  swp=24.1  map=0.1  trunc=0%  pl=0.010  vl=0.312  ent=0.883  kl=0.0415  gn=1.255
  line_20q      2931ep | trunc=0%  swp=27.5±27.5  fid=0.0000  rew=+23.51
  ring_20q      2940ep | trunc=0%  swp=22.8±18.9  fid=0.0000  rew=+23.98
  grid_5x4_20q  2901ep | trunc=0%  swp=9.2±9.2  fid=0.0000  rew=+24.02
step=185856  rew=+30.227  swp=24.6  map=0.1  trunc=0%  pl=-0.014  vl=0.260  ent=1.133  kl=0.1077  gn=0.859
  line_20q      2935ep | trunc=0%  swp=27.5±27.5  fid=0.0000  rew=+23.52
  ring_20q      2945ep | trunc=0%  swp=22.8±18.8  fid=0.0000  rew=+23.99
  grid_5x4_20q  2901ep | trunc=0%  swp=9.2±9.2  fid=0.0000  rew=+24.02
step=186112  rew=+38.016  swp=29.1  map=0.1  trunc=0%  pl=-0.021  vl=0.427  ent=1.329  kl=0.0504  gn=1.108
  line_20q      2937ep | trunc=0%  swp=27.5±27.5  fid=0.0000  rew=+23.53
  ring_20q      2949ep | trunc=0%  swp=22.8±18.9  fid=0.0000  rew=+24.02
  grid_5x4_20q  2902ep | trunc=0%  swp=9.2±9.2  fid=0.0000  rew=+24.02
step=186368  rew=+35.378  swp=29.8  map=0.0  trunc=0%  pl=-0.049  vl=0.299  ent=1.032  kl=0.3827  gn=0.716
  line_20q      2941ep | trunc=0%  swp=27.5±27.5  fid=0.0000  rew=+23.55
  ring_20q      2951ep | trunc=0%  swp=22.8±18.9  fid=0.0000  rew=+24.03
  grid_5x4_20q  2903ep | trunc=0%  swp=9.2±9.2  fid=0.0000  rew=+24.03
step=186624  rew=+40.516  swp=37.5  map=0.0  trunc=0%  pl=-0.054  vl=0.315  ent=1.555  kl=0.2353  gn=0.736
  line_20q      2942ep | trunc=0%  swp=27.6±27.6  fid=0.0000  rew=+23.57
  ring_20q      2953ep | trunc=0%  swp=22.8±18.9  fid=0.0000  rew=+24.05
  grid_5x4_20q  2904ep | trunc=0%  swp=9.2±9.2  fid=0.0000  rew=+24.03
step=186880  rew=+39.112  swp=35.6  map=0.0  trunc=0%  pl=-0.044  vl=0.218  ent=1.078  kl=0.1164  gn=0.882
  line_20q      2944ep | trunc=0%  swp=27.6±27.6  fid=0.0000  rew=+23.58
  ring_20q      2957ep | trunc=0%  swp=22.8±18.9  fid=0.0000  rew=+24.06
  grid_5x4_20q  2907ep | trunc=0%  swp=9.2±9.2  fid=0.0000  rew=+24.04
step=187136  rew=+38.583  swp=31.2  map=0.0  trunc=0%  pl=-0.063  vl=0.168  ent=1.281  kl=0.1342  gn=0.901
  line_20q      2947ep | trunc=0%  swp=27.6±27.6  fid=0.0000  rew=+23.60
  ring_20q      2960ep | trunc=0%  swp=22.8±18.9  fid=0.0000  rew=+24.06
  grid_5x4_20q  2911ep | trunc=0%  swp=9.2±9.2  fid=0.0000  rew=+24.07
step=187392  rew=+37.142  swp=22.1  map=0.0  trunc=0%  pl=-0.005  vl=0.111  ent=1.145  kl=0.0323  gn=0.910
  line_20q      2948ep | trunc=0%  swp=27.6±27.6  fid=0.0000  rew=+23.61
  ring_20q      2963ep | trunc=0%  swp=22.8±18.9  fid=0.0000  rew=+24.06
  grid_5x4_20q  2917ep | trunc=0%  swp=9.2±9.2  fid=0.0000  rew=+24.10
step=187648  rew=+40.060  swp=23.0  map=0.0  trunc=0%  pl=-0.015  vl=0.249  ent=1.071  kl=0.0269  gn=1.015
  line_20q      2952ep | trunc=0%  swp=27.6±27.6  fid=0.0000  rew=+23.63
  ring_20q      2966ep | trunc=0%  swp=22.8±18.9  fid=0.0000  rew=+24.08
  grid_5x4_20q  2921ep | trunc=0%  swp=9.2±9.2  fid=0.0000  rew=+24.13
step=187904  rew=+41.013  swp=26.5  map=0.0  trunc=0%  pl=-0.018  vl=0.637  ent=1.182  kl=0.0767  gn=0.989
  line_20q      2955ep | trunc=0%  swp=27.6±27.6  fid=0.0000  rew=+23.66
  ring_20q      2969ep | trunc=0%  swp=22.8±18.9  fid=0.0000  rew=+24.09
  grid_5x4_20q  2922ep | trunc=0%  swp=9.2±9.2  fid=0.0000  rew=+24.14
step=188160  rew=+36.852  swp=24.3  map=0.1  trunc=0%  pl=-0.046  vl=0.385  ent=0.871  kl=0.0819  gn=0.996
  line_20q      2961ep | trunc=0%  swp=27.7±27.6  fid=0.0000  rew=+23.70
  ring_20q      2971ep | trunc=0%  swp=22.8±18.9  fid=0.0000  rew=+24.09
  grid_5x4_20q  2927ep | trunc=0%  swp=9.2±9.2  fid=0.0000  rew=+24.15
step=188416  rew=+35.348  swp=25.6  map=0.1  trunc=0%  pl=-0.047  vl=0.488  ent=1.181  kl=0.4209  gn=1.502
  line_20q      2963ep | trunc=0%  swp=27.6±27.6  fid=0.0000  rew=+23.70
  ring_20q      2974ep | trunc=0%  swp=22.8±18.9  fid=0.0000  rew=+24.11
  grid_5x4_20q  2927ep | trunc=0%  swp=9.2±9.2  fid=0.0000  rew=+24.15
step=188672  rew=+39.538  swp=27.1  map=0.1  trunc=0%  pl=-0.013  vl=0.589  ent=0.979  kl=0.0168  gn=1.514
  line_20q      2965ep | trunc=0%  swp=27.7±27.7  fid=0.0000  rew=+23.72
  ring_20q      2978ep | trunc=0%  swp=22.9±18.9  fid=0.0000  rew=+24.13
  grid_5x4_20q  2933ep | trunc=0%  swp=9.2±9.2  fid=0.0000  rew=+24.19
step=188928  rew=+38.048  swp=24.8  map=0.1  trunc=0%  pl=0.011  vl=0.638  ent=1.329  kl=0.1028  gn=1.624
  line_20q      2969ep | trunc=0%  swp=27.7±27.6  fid=0.0000  rew=+23.72
  ring_20q      2980ep | trunc=0%  swp=22.8±18.9  fid=0.0000  rew=+24.13
  grid_5x4_20q  2935ep | trunc=0%  swp=9.2±9.2  fid=0.0000  rew=+24.20
step=189184  rew=+42.705  swp=30.8  map=0.1  trunc=0%  pl=-0.019  vl=0.267  ent=1.117  kl=0.0446  gn=0.765
  line_20q      2973ep | trunc=0%  swp=27.7±27.7  fid=0.0000  rew=+23.75
  ring_20q      2982ep | trunc=0%  swp=22.9±19.0  fid=0.0000  rew=+24.15
  grid_5x4_20q  2937ep | trunc=0%  swp=9.3±9.2  fid=0.0000  rew=+24.22
step=189440  rew=+42.327  swp=34.9  map=0.1  trunc=0%  pl=-0.067  vl=0.212  ent=1.219  kl=0.1934  gn=0.818
  line_20q      2975ep | trunc=0%  swp=27.7±27.7  fid=0.0000  rew=+23.76
  ring_20q      2985ep | trunc=0%  swp=22.9±19.0  fid=0.0000  rew=+24.17
  grid_5x4_20q  2938ep | trunc=0%  swp=9.3±9.2  fid=0.0000  rew=+24.23
step=189696  rew=+43.078  swp=32.5  map=0.0  trunc=0%  pl=-0.035  vl=0.424  ent=0.925  kl=0.0888  gn=1.248
  line_20q      2980ep | trunc=0%  swp=27.7±27.7  fid=0.0000  rew=+23.79
  ring_20q      2986ep | trunc=0%  swp=22.9±19.0  fid=0.0000  rew=+24.17
  grid_5x4_20q  2943ep | trunc=0%  swp=9.3±9.2  fid=0.0000  rew=+24.26
step=189952  rew=+40.578  swp=25.9  map=0.0  trunc=0%  pl=-0.015  vl=0.231  ent=1.158  kl=0.1967  gn=1.120
  line_20q      2983ep | trunc=0%  swp=27.8±27.7  fid=0.0000  rew=+23.81
  ring_20q      2986ep | trunc=0%  swp=22.9±19.0  fid=0.0000  rew=+24.17
  grid_5x4_20q  2947ep | trunc=0%  swp=9.3±9.2  fid=0.0000  rew=+24.28
step=190208  rew=+44.837  swp=30.8  map=0.0  trunc=0%  pl=-0.006  vl=0.479  ent=0.770  kl=0.0185  gn=1.060
  line_20q      2987ep | trunc=0%  swp=27.8±27.7  fid=0.0000  rew=+23.83
  ring_20q      2988ep | trunc=0%  swp=22.9±19.0  fid=0.0000  rew=+24.18
  grid_5x4_20q  2950ep | trunc=0%  swp=9.3±9.2  fid=0.0000  rew=+24.30
step=190464  rew=+41.817  swp=31.9  map=0.0  trunc=0%  pl=0.008  vl=0.227  ent=1.180  kl=0.0878  gn=0.904
  line_20q      2990ep | trunc=0%  swp=27.8±27.7  fid=0.0000  rew=+23.86
  ring_20q      2989ep | trunc=0%  swp=22.9±19.0  fid=0.0000  rew=+24.19
  grid_5x4_20q  2953ep | trunc=0%  swp=9.3±9.2  fid=0.0000  rew=+24.32
step=190720  rew=+42.695  swp=31.2  map=0.0  trunc=0%  pl=-0.003  vl=0.335  ent=1.347  kl=0.0458  gn=1.062
  line_20q      2992ep | trunc=0%  swp=27.8±27.7  fid=0.0000  rew=+23.87
  ring_20q      2993ep | trunc=0%  swp=22.9±19.0  fid=0.0000  rew=+24.21
  grid_5x4_20q  2955ep | trunc=0%  swp=9.3±9.2  fid=0.0000  rew=+24.33
step=190976  rew=+38.744  swp=26.4  map=0.0  trunc=0%  pl=0.001  vl=0.451  ent=1.001  kl=0.0422  gn=1.155
  line_20q      2994ep | trunc=0%  swp=27.8±27.7  fid=0.0000  rew=+23.88
  ring_20q      2998ep | trunc=0%  swp=22.9±19.0  fid=0.0000  rew=+24.26
  grid_5x4_20q  2960ep | trunc=0%  swp=9.3±9.2  fid=0.0000  rew=+24.33
step=191232  rew=+42.132  swp=22.4  map=0.1  trunc=0%  pl=-0.012  vl=0.404  ent=1.087  kl=0.0337  gn=0.947
  line_20q      2998ep | trunc=0%  swp=27.8±27.7  fid=0.0000  rew=+23.90
  ring_20q      3000ep | trunc=0%  swp=22.9±19.0  fid=0.0000  rew=+24.26
  grid_5x4_20q  2963ep | trunc=0%  swp=9.3±9.2  fid=0.0000  rew=+24.37
step=191488  rew=+48.110  swp=33.5  map=0.1  trunc=0%  pl=0.002  vl=0.512  ent=1.759  kl=0.1392  gn=1.511
  line_20q      3000ep | trunc=0%  swp=27.9±27.8  fid=0.0000  rew=+23.93
  ring_20q      3002ep | trunc=0%  swp=22.9±19.0  fid=0.0000  rew=+24.27
  grid_5x4_20q  2965ep | trunc=0%  swp=9.3±9.2  fid=0.0000  rew=+24.38
step=191744  rew=+42.116  swp=32.7  map=0.1  trunc=0%  pl=-0.030  vl=0.581  ent=1.394  kl=0.0835  gn=1.533
  line_20q      3002ep | trunc=0%  swp=27.9±27.8  fid=0.0000  rew=+23.94
  ring_20q      3005ep | trunc=0%  swp=23.0±19.0  fid=0.0000  rew=+24.29
  grid_5x4_20q  2967ep | trunc=0%  swp=9.3±9.2  fid=0.0000  rew=+24.38
step=192000  rew=+44.593  swp=32.2  map=0.1  trunc=0%  pl=-0.017  vl=0.154  ent=1.361  kl=0.0185  gn=0.886
  line_20q      3006ep | trunc=0%  swp=27.9±27.8  fid=0.0000  rew=+23.95
  ring_20q      3006ep | trunc=0%  swp=23.0±19.0  fid=0.0000  rew=+24.29
  grid_5x4_20q  2971ep | trunc=0%  swp=9.3±9.2  fid=0.0000  rew=+24.43
step=192256  rew=+47.413  swp=38.7  map=0.0  trunc=0%  pl=0.003  vl=0.995  ent=1.796  kl=0.0341  gn=1.881
  line_20q      3007ep | trunc=0%  swp=27.9±28.0  fid=0.0000  rew=+23.98
  ring_20q      3008ep | trunc=0%  swp=23.0±19.1  fid=0.0000  rew=+24.32
  grid_5x4_20q  2971ep | trunc=0%  swp=9.3±9.2  fid=0.0000  rew=+24.43
step=192512  rew=+47.562  swp=36.0  map=0.0  trunc=0%  pl=-0.038  vl=0.854  ent=1.091  kl=0.0377  gn=1.774
  line_20q      3010ep | trunc=0%  swp=27.9±28.0  fid=0.0000  rew=+24.00
  ring_20q      3011ep | trunc=0%  swp=23.0±19.1  fid=0.0000  rew=+24.33
  grid_5x4_20q  2974ep | trunc=0%  swp=9.3±9.2  fid=0.0000  rew=+24.45
step=192768  rew=+49.967  swp=42.0  map=0.0  trunc=0%  pl=-0.029  vl=0.413  ent=1.208  kl=0.1317  gn=1.075
  line_20q      3013ep | trunc=0%  swp=27.9±28.0  fid=0.0000  rew=+24.03
  ring_20q      3013ep | trunc=0%  swp=23.0±19.1  fid=0.0000  rew=+24.34
  grid_5x4_20q  2975ep | trunc=0%  swp=9.3±9.2  fid=0.0000  rew=+24.46
step=193024  rew=+45.463  swp=31.4  map=0.0  trunc=0%  pl=0.007  vl=0.229  ent=1.330  kl=0.1543  gn=0.832
  line_20q      3015ep | trunc=0%  swp=27.9±28.0  fid=0.0000  rew=+24.04
  ring_20q      3015ep | trunc=0%  swp=23.0±19.1  fid=0.0000  rew=+24.36
  grid_5x4_20q  2977ep | trunc=0%  swp=9.3±9.2  fid=0.0000  rew=+24.47
step=193280  rew=+48.054  swp=37.0  map=0.0  trunc=0%  pl=-0.000  vl=0.194  ent=1.285  kl=0.0449  gn=0.869
  line_20q      3018ep | trunc=0%  swp=28.0±28.0  fid=0.0000  rew=+24.07
  ring_20q      3016ep | trunc=0%  swp=23.0±19.1  fid=0.0000  rew=+24.37
  grid_5x4_20q  2979ep | trunc=0%  swp=9.3±9.2  fid=0.0000  rew=+24.49
step=193536  rew=+50.680  swp=44.5  map=0.0  trunc=0%  pl=0.005  vl=0.276  ent=1.256  kl=0.0417  gn=1.139
  line_20q      3022ep | trunc=0%  swp=28.0±28.1  fid=0.0000  rew=+24.11
  ring_20q      3016ep | trunc=0%  swp=23.0±19.1  fid=0.0000  rew=+24.37
  grid_5x4_20q  2980ep | trunc=0%  swp=9.3±9.2  fid=0.0000  rew=+24.50
step=193792  rew=+48.427  swp=36.0  map=0.0  trunc=0%  pl=-0.003  vl=0.901  ent=1.101  kl=0.0303  gn=2.061
  line_20q      3023ep | trunc=0%  swp=28.0±28.1  fid=0.0000  rew=+24.12
  ring_20q      3019ep | trunc=0%  swp=23.1±19.2  fid=0.0000  rew=+24.39
  grid_5x4_20q  2986ep | trunc=0%  swp=9.3±9.2  fid=0.0000  rew=+24.55
step=194048  rew=+47.362  swp=35.5  map=0.0  trunc=0%  pl=0.021  vl=1.260  ent=1.117  kl=0.0711  gn=1.546
  line_20q      3025ep | trunc=0%  swp=28.0±28.1  fid=0.0000  rew=+24.12
  ring_20q      3023ep | trunc=0%  swp=23.1±19.2  fid=0.0000  rew=+24.43
  grid_5x4_20q  2986ep | trunc=0%  swp=9.3±9.2  fid=0.0000  rew=+24.55
step=194304  rew=+48.158  swp=29.1  map=0.0  trunc=0%  pl=0.005  vl=0.501  ent=0.871  kl=0.0177  gn=1.194
  line_20q      3028ep | trunc=0%  swp=28.0±28.1  fid=0.0000  rew=+24.13
  ring_20q      3026ep | trunc=0%  swp=23.1±19.2  fid=0.0000  rew=+24.45
  grid_5x4_20q  2990ep | trunc=0%  swp=9.3±9.2  fid=0.0000  rew=+24.59
step=194560  rew=+51.058  swp=30.2  map=0.0  trunc=0%  pl=-0.000  vl=0.390  ent=1.308  kl=0.0312  gn=1.183
  line_20q      3029ep | trunc=0%  swp=28.0±28.1  fid=0.0000  rew=+24.14
  ring_20q      3028ep | trunc=0%  swp=23.1±19.2  fid=0.0000  rew=+24.47
  grid_5x4_20q  2994ep | trunc=0%  swp=9.3±9.2  fid=0.0000  rew=+24.63
step=194816  rew=+49.240  swp=33.6  map=0.0  trunc=0%  pl=0.005  vl=0.781  ent=1.747  kl=0.0602  gn=1.200
  line_20q      3030ep | trunc=0%  swp=28.1±28.2  fid=0.0000  rew=+24.15
  ring_20q      3030ep | trunc=0%  swp=23.2±19.2  fid=0.0000  rew=+24.50
  grid_5x4_20q  2995ep | trunc=0%  swp=9.3±9.2  fid=0.0000  rew=+24.62
step=195072  rew=+48.050  swp=42.6  map=0.0  trunc=0%  pl=0.004  vl=0.523  ent=1.343  kl=0.0288  gn=1.110
  line_20q      3032ep | trunc=0%  swp=28.1±28.3  fid=0.0000  rew=+24.19
  ring_20q      3033ep | trunc=0%  swp=23.1±19.2  fid=0.0000  rew=+24.50
  grid_5x4_20q  2995ep | trunc=0%  swp=9.3±9.2  fid=0.0000  rew=+24.62
step=195328  rew=+46.455  swp=45.0  map=0.0  trunc=0%  pl=-0.029  vl=0.414  ent=1.037  kl=0.1676  gn=0.965
  line_20q      3035ep | trunc=0%  swp=28.1±28.3  fid=0.0000  rew=+24.20
  ring_20q      3036ep | trunc=0%  swp=23.2±19.2  fid=0.0000  rew=+24.51
  grid_5x4_20q  2997ep | trunc=0%  swp=9.3±9.2  fid=0.0000  rew=+24.64
step=195584  rew=+45.202  swp=38.0  map=0.0  trunc=0%  pl=-0.014  vl=0.262  ent=1.359  kl=0.0706  gn=0.864
  line_20q      3038ep | trunc=0%  swp=28.1±28.3  fid=0.0000  rew=+24.22
  ring_20q      3037ep | trunc=0%  swp=23.2±19.2  fid=0.0000  rew=+24.53
  grid_5x4_20q  2999ep | trunc=0%  swp=9.4±9.2  fid=0.0000  rew=+24.66
step=195840  rew=+49.693  swp=44.8  map=0.0  trunc=0%  pl=-0.014  vl=0.307  ent=1.268  kl=0.0729  gn=0.913
  line_20q      3040ep | trunc=0%  swp=28.2±28.3  fid=0.0000  rew=+24.24
  ring_20q      3039ep | trunc=0%  swp=23.2±19.3  fid=0.0000  rew=+24.56
  grid_5x4_20q  3000ep | trunc=0%  swp=9.4±9.2  fid=0.0000  rew=+24.66
step=196096  rew=+49.059  swp=45.5  map=0.0  trunc=0%  pl=0.005  vl=0.409  ent=1.477  kl=0.1141  gn=1.206
  line_20q      3041ep | trunc=0%  swp=28.2±28.4  fid=0.0000  rew=+24.26
  ring_20q      3041ep | trunc=0%  swp=23.2±19.3  fid=0.0000  rew=+24.57
  grid_5x4_20q  3001ep | trunc=0%  swp=9.4±9.2  fid=0.0000  rew=+24.67
step=196352  rew=+53.296  swp=45.6  map=0.0  trunc=0%  pl=-0.012  vl=0.483  ent=1.280  kl=0.0513  gn=1.077
  line_20q      3044ep | trunc=0%  swp=28.2±28.4  fid=0.0000  rew=+24.29
  ring_20q      3043ep | trunc=0%  swp=23.2±19.3  fid=0.0000  rew=+24.61
  grid_5x4_20q  3003ep | trunc=0%  swp=9.4±9.2  fid=0.0000  rew=+24.68
step=196608  rew=+52.161  swp=42.5  map=0.0  trunc=0%  pl=0.019  vl=0.373  ent=1.440  kl=0.0346  gn=1.226
  line_20q      3045ep | trunc=0%  swp=28.2±28.4  fid=0.0000  rew=+24.30
  ring_20q      3046ep | trunc=0%  swp=23.3±19.3  fid=0.0000  rew=+24.64
  grid_5x4_20q  3004ep | trunc=0%  swp=9.4±9.2  fid=0.0000  rew=+24.68
step=196864  rew=+59.521  swp=54.8  map=0.0  trunc=0%  pl=0.009  vl=0.338  ent=1.865  kl=0.0323  gn=0.781
  line_20q      3047ep | trunc=0%  swp=28.3±28.6  fid=0.0000  rew=+24.34
  ring_20q      3046ep | trunc=0%  swp=23.3±19.3  fid=0.0000  rew=+24.64
  grid_5x4_20q  3005ep | trunc=0%  swp=9.4±9.2  fid=0.0000  rew=+24.68
step=197120  rew=+54.186  swp=45.1  map=0.0  trunc=0%  pl=-0.049  vl=0.407  ent=1.458  kl=0.1456  gn=1.267
  line_20q      3049ep | trunc=0%  swp=28.3±28.6  fid=0.0000  rew=+24.36
  ring_20q      3047ep | trunc=0%  swp=23.3±19.3  fid=0.0000  rew=+24.65
  grid_5x4_20q  3008ep | trunc=0%  swp=9.4±9.2  fid=0.0000  rew=+24.70
step=197376  rew=+55.408  swp=48.0  map=0.0  trunc=0%  pl=0.007  vl=0.454  ent=1.523  kl=0.0532  gn=1.160
  line_20q      3050ep | trunc=0%  swp=28.3±28.6  fid=0.0000  rew=+24.37
  ring_20q      3049ep | trunc=0%  swp=23.3±19.3  fid=0.0000  rew=+24.68
  grid_5x4_20q  3009ep | trunc=0%  swp=9.4±9.2  fid=0.0000  rew=+24.70
step=197632  rew=+56.455  swp=59.6  map=0.0  trunc=0%  pl=0.004  vl=0.391  ent=1.378  kl=0.0244  gn=0.993
  line_20q      3053ep | trunc=0%  swp=28.4±28.7  fid=0.0000  rew=+24.41
  ring_20q      3050ep | trunc=0%  swp=23.3±19.3  fid=0.0000  rew=+24.68
  grid_5x4_20q  3010ep | trunc=0%  swp=9.4±9.2  fid=0.0000  rew=+24.71
step=197888  rew=+52.693  swp=51.0  map=0.0  trunc=0%  pl=-0.031  vl=0.111  ent=1.751  kl=0.0831  gn=1.021
  line_20q      3056ep | trunc=0%  swp=28.4±28.8  fid=0.0000  rew=+24.45
  ring_20q      3050ep | trunc=0%  swp=23.3±19.3  fid=0.0000  rew=+24.68
  grid_5x4_20q  3011ep | trunc=0%  swp=9.4±9.2  fid=0.0000  rew=+24.72
step=198144  rew=+50.094  swp=48.5  map=0.0  trunc=0%  pl=-0.026  vl=0.169  ent=1.572  kl=0.0626  gn=0.830
  line_20q      3057ep | trunc=0%  swp=28.4±28.8  fid=0.0000  rew=+24.45
  ring_20q      3053ep | trunc=0%  swp=23.3±19.4  fid=0.0000  rew=+24.70
  grid_5x4_20q  3013ep | trunc=0%  swp=9.4±9.2  fid=0.0000  rew=+24.72
step=198400  rew=+45.581  swp=41.8  map=0.0  trunc=0%  pl=-0.009  vl=0.158  ent=1.500  kl=0.0424  gn=0.862
  line_20q      3060ep | trunc=0%  swp=28.5±28.8  fid=0.0000  rew=+24.47
  ring_20q      3055ep | trunc=0%  swp=23.3±19.4  fid=0.0000  rew=+24.71
  grid_5x4_20q  3015ep | trunc=0%  swp=9.4±9.2  fid=0.0000  rew=+24.72
step=198656  rew=+43.876  swp=37.4  map=0.0  trunc=0%  pl=0.013  vl=0.374  ent=1.147  kl=0.0198  gn=1.042
  line_20q      3061ep | trunc=0%  swp=28.5±28.9  fid=0.0000  rew=+24.49
  ring_20q      3059ep | trunc=0%  swp=23.4±19.4  fid=0.0000  rew=+24.74
  grid_5x4_20q  3017ep | trunc=0%  swp=9.4±9.2  fid=0.0000  rew=+24.74
step=198912  rew=+47.539  swp=35.9  map=0.0  trunc=0%  pl=-0.023  vl=0.231  ent=1.213  kl=0.0616  gn=1.503
  line_20q      3064ep | trunc=0%  swp=28.5±28.9  fid=0.0000  rew=+24.51
  ring_20q      3060ep | trunc=0%  swp=23.4±19.4  fid=0.0000  rew=+24.74
  grid_5x4_20q  3020ep | trunc=0%  swp=9.4±9.3  fid=0.0000  rew=+24.78
step=199168  rew=+53.166  swp=45.7  map=0.0  trunc=0%  pl=-0.010  vl=0.784  ent=2.040  kl=0.0683  gn=2.193
  line_20q      3065ep | trunc=0%  swp=28.6±29.0  fid=0.0000  rew=+24.53
  ring_20q      3060ep | trunc=0%  swp=23.4±19.4  fid=0.0000  rew=+24.74
  grid_5x4_20q  3022ep | trunc=0%  swp=9.4±9.3  fid=0.0000  rew=+24.82
step=199424  rew=+51.898  swp=36.9  map=0.0  trunc=0%  pl=-0.011  vl=0.458  ent=1.460  kl=0.0345  gn=1.329
  line_20q      3067ep | trunc=0%  swp=28.6±29.0  fid=0.0000  rew=+24.53
  ring_20q      3061ep | trunc=0%  swp=23.4±19.5  fid=0.0000  rew=+24.76
  grid_5x4_20q  3027ep | trunc=0%  swp=9.4±9.3  fid=0.0000  rew=+24.85
step=199680  rew=+53.090  swp=41.9  map=0.0  trunc=0%  pl=-0.034  vl=0.279  ent=1.535  kl=0.1248  gn=0.953
  line_20q      3070ep | trunc=0%  swp=28.6±29.0  fid=0.0000  rew=+24.55
  ring_20q      3062ep | trunc=0%  swp=23.4±19.5  fid=0.0000  rew=+24.78
  grid_5x4_20q  3029ep | trunc=0%  swp=9.4±9.3  fid=0.0000  rew=+24.87
step=199936  rew=+56.441  swp=42.2  map=0.1  trunc=0%  pl=-0.011  vl=0.137  ent=1.920  kl=0.0347  gn=0.959
  line_20q      3071ep | trunc=0%  swp=28.6±29.0  fid=0.0000  rew=+24.56
  ring_20q      3063ep | trunc=0%  swp=23.4±19.5  fid=0.0000  rew=+24.81
  grid_5x4_20q  3031ep | trunc=0%  swp=9.4±9.3  fid=0.0000  rew=+24.88
step=200192  rew=+54.315  swp=43.0  map=0.1  trunc=0%  pl=-0.010  vl=0.386  ent=1.433  kl=0.0595  gn=1.465
  line_20q      3073ep | trunc=0%  swp=28.6±29.1  fid=0.0000  rew=+24.60
  ring_20q      3065ep | trunc=0%  swp=23.4±19.5  fid=0.0000  rew=+24.82
  grid_5x4_20q  3033ep | trunc=0%  swp=9.4±9.3  fid=0.0000  rew=+24.90
step=200448  rew=+60.257  swp=42.6  map=0.1  trunc=0%  pl=0.003  vl=0.223  ent=1.458  kl=0.0206  gn=1.179
  line_20q      3074ep | trunc=0%  swp=28.6±29.1  fid=0.0000  rew=+24.60
  ring_20q      3066ep | trunc=0%  swp=23.5±19.6  fid=0.0000  rew=+24.84
  grid_5x4_20q  3039ep | trunc=0%  swp=9.4±9.3  fid=0.0000  rew=+24.97
step=200704  rew=+56.579  swp=46.8  map=0.1  trunc=0%  pl=0.006  vl=0.620  ent=1.504  kl=0.0353  gn=1.225
  line_20q      3076ep | trunc=0%  swp=28.7±29.2  fid=0.0000  rew=+24.63
  ring_20q      3067ep | trunc=0%  swp=23.5±19.6  fid=0.0000  rew=+24.84
  grid_5x4_20q  3040ep | trunc=0%  swp=9.4±9.3  fid=0.0000  rew=+24.97
step=200960  rew=+44.222  swp=27.6  map=0.0  trunc=0%  pl=0.007  vl=1.139  ent=0.773  kl=0.0298  gn=1.752
  line_20q      3079ep | trunc=0%  swp=28.7±29.2  fid=0.0000  rew=+24.63
  ring_20q      3071ep | trunc=0%  swp=23.5±19.6  fid=0.0000  rew=+24.86
  grid_5x4_20q  3046ep | trunc=0%  swp=9.5±9.3  fid=0.0000  rew=+25.02
step=201216  rew=+43.469  swp=17.4  map=0.0  trunc=0%  pl=-0.027  vl=0.406  ent=1.003  kl=0.0791  gn=1.035
  line_20q      3082ep | trunc=0%  swp=28.7±29.2  fid=0.0000  rew=+24.64
  ring_20q      3072ep | trunc=0%  swp=23.5±19.6  fid=0.0000  rew=+24.86
  grid_5x4_20q  3055ep | trunc=0%  swp=9.5±9.4  fid=0.0000  rew=+25.09
step=201472  rew=+44.020  swp=21.7  map=0.1  trunc=0%  pl=-0.045  vl=0.451  ent=1.132  kl=0.2390  gn=0.863
  line_20q      3084ep | trunc=0%  swp=28.7±29.2  fid=0.0000  rew=+24.66
  ring_20q      3076ep | trunc=0%  swp=23.5±19.6  fid=0.0000  rew=+24.89
  grid_5x4_20q  3057ep | trunc=0%  swp=9.5±9.4  fid=0.0000  rew=+25.12
step=201728  rew=+49.095  swp=29.2  map=0.1  trunc=0%  pl=-0.017  vl=0.199  ent=1.353  kl=0.1354  gn=1.206
  line_20q      3085ep | trunc=0%  swp=28.7±29.2  fid=0.0000  rew=+24.66
  ring_20q      3078ep | trunc=0%  swp=23.5±19.6  fid=0.0000  rew=+24.91
  grid_5x4_20q  3061ep | trunc=0%  swp=9.5±9.4  fid=0.0000  rew=+25.17
step=201984  rew=+52.392  swp=33.5  map=0.1  trunc=0%  pl=-0.001  vl=0.327  ent=1.058  kl=0.0906  gn=0.803
  line_20q      3088ep | trunc=0%  swp=28.7±29.1  fid=0.0000  rew=+24.69
  ring_20q      3081ep | trunc=0%  swp=23.5±19.6  fid=0.0000  rew=+24.94
  grid_5x4_20q  3063ep | trunc=0%  swp=9.5±9.4  fid=0.0000  rew=+25.18
step=202240  rew=+46.648  swp=34.1  map=0.1  trunc=0%  pl=-0.029  vl=0.260  ent=1.158  kl=0.1034  gn=0.717
  line_20q      3094ep | trunc=0%  swp=28.7±29.2  fid=0.0000  rew=+24.72
  ring_20q      3081ep | trunc=0%  swp=23.5±19.6  fid=0.0000  rew=+24.94
  grid_5x4_20q  3064ep | trunc=0%  swp=9.5±9.4  fid=0.0000  rew=+25.18
step=202496  rew=+44.638  swp=33.5  map=0.1  trunc=0%  pl=-0.049  vl=0.272  ent=1.147  kl=0.0894  gn=0.884
  line_20q      3097ep | trunc=0%  swp=28.7±29.2  fid=0.0000  rew=+24.75
  ring_20q      3083ep | trunc=0%  swp=23.5±19.6  fid=0.0000  rew=+24.95
  grid_5x4_20q  3066ep | trunc=0%  swp=9.5±9.4  fid=0.0000  rew=+25.19
step=202752  rew=+48.159  swp=36.8  map=0.0  trunc=0%  pl=-0.025  vl=0.252  ent=1.321  kl=0.0573  gn=1.184
  line_20q      3098ep | trunc=0%  swp=28.7±29.2  fid=0.0000  rew=+24.75
  ring_20q      3084ep | trunc=0%  swp=23.6±19.7  fid=0.0000  rew=+24.97
  grid_5x4_20q  3070ep | trunc=0%  swp=9.5±9.4  fid=0.0000  rew=+25.23
step=203008  rew=+52.526  swp=31.9  map=0.1  trunc=0%  pl=-0.010  vl=0.153  ent=1.103  kl=0.0821  gn=0.990
  line_20q      3101ep | trunc=0%  swp=28.7±29.1  fid=0.0000  rew=+24.77
  ring_20q      3085ep | trunc=0%  swp=23.6±19.7  fid=0.0000  rew=+24.98
  grid_5x4_20q  3075ep | trunc=0%  swp=9.5±9.4  fid=0.0000  rew=+25.28
step=203264  rew=+49.389  swp=33.3  map=0.2  trunc=0%  pl=-0.026  vl=0.333  ent=0.980  kl=0.2412  gn=0.903
  line_20q      3103ep | trunc=0%  swp=28.7±29.2  fid=0.0000  rew=+24.78
  ring_20q      3087ep | trunc=0%  swp=23.6±19.7  fid=0.0000  rew=+24.99
  grid_5x4_20q  3077ep | trunc=0%  swp=9.5±9.4  fid=0.0000  rew=+25.29
step=203520  rew=+53.034  swp=40.4  map=0.2  trunc=0%  pl=0.003  vl=0.818  ent=1.869  kl=0.0486  gn=1.418
  line_20q      3105ep | trunc=0%  swp=28.8±29.3  fid=0.0000  rew=+24.80
  ring_20q      3087ep | trunc=0%  swp=23.6±19.7  fid=0.0000  rew=+24.99
  grid_5x4_20q  3078ep | trunc=0%  swp=9.5±9.4  fid=0.0000  rew=+25.31
step=203776  rew=+53.720  swp=46.4  map=0.2  trunc=0%  pl=-0.017  vl=0.406  ent=1.127  kl=0.2904  gn=1.445
  line_20q      3106ep | trunc=0%  swp=28.8±29.4  fid=0.0000  rew=+24.82
  ring_20q      3087ep | trunc=0%  swp=23.6±19.7  fid=0.0000  rew=+24.99
  grid_5x4_20q  3081ep | trunc=0%  swp=9.6±9.4  fid=0.0000  rew=+25.35
step=204032  rew=+53.960  swp=52.9  map=0.2  trunc=0%  pl=0.031  vl=0.604  ent=1.414  kl=0.2105  gn=1.275
  line_20q      3108ep | trunc=0%  swp=28.9±29.4  fid=0.0000  rew=+24.83
  ring_20q      3088ep | trunc=0%  swp=23.6±19.7  fid=0.0000  rew=+25.00
  grid_5x4_20q  3081ep | trunc=0%  swp=9.6±9.4  fid=0.0000  rew=+25.35
step=204288  rew=+57.248  swp=59.8  map=0.2  trunc=0%  pl=-0.017  vl=0.333  ent=1.218  kl=0.0537  gn=1.268
  line_20q      3111ep | trunc=0%  swp=28.9±29.5  fid=0.0000  rew=+24.87
  ring_20q      3088ep | trunc=0%  swp=23.6±19.7  fid=0.0000  rew=+25.00
  grid_5x4_20q  3083ep | trunc=0%  swp=9.6±9.4  fid=0.0000  rew=+25.37
step=204544  rew=+53.295  swp=48.4  map=0.3  trunc=0%  pl=-0.032  vl=0.307  ent=1.042  kl=0.1215  gn=0.828
  line_20q      3111ep | trunc=0%  swp=28.9±29.5  fid=0.0000  rew=+24.87
  ring_20q      3094ep | trunc=0%  swp=23.6±19.7  fid=0.0000  rew=+25.04
  grid_5x4_20q  3084ep | trunc=0%  swp=9.6±9.4  fid=0.0000  rew=+25.38
step=204800  rew=+49.354  swp=47.6  map=0.5  trunc=0%  pl=0.049  vl=0.471  ent=1.394  kl=0.2135  gn=1.835
  line_20q      3115ep | trunc=0%  swp=29.0±29.5  fid=0.0000  rew=+24.90
  ring_20q      3094ep | trunc=0%  swp=23.6±19.7  fid=0.0000  rew=+25.04
  grid_5x4_20q  3085ep | trunc=0%  swp=9.6±9.4  fid=0.0000  rew=+25.38
step=205056  rew=+49.074  swp=43.3  map=0.6  trunc=0%  pl=-0.043  vl=0.252  ent=1.276  kl=0.1419  gn=1.055
  line_20q      3117ep | trunc=0%  swp=29.0±29.6  fid=0.0000  rew=+24.92
  ring_20q      3095ep | trunc=0%  swp=23.6±19.7  fid=0.0000  rew=+25.06
  grid_5x4_20q  3087ep | trunc=0%  swp=9.6±9.4  fid=0.0000  rew=+25.39
step=205312  rew=+47.780  swp=45.3  map=0.5  trunc=0%  pl=-0.007  vl=0.547  ent=0.837  kl=0.0946  gn=1.259
  line_20q      3118ep | trunc=0%  swp=29.0±29.6  fid=0.0000  rew=+24.92
  ring_20q      3101ep | trunc=0%  swp=23.7±19.7  fid=0.0000  rew=+25.08
  grid_5x4_20q  3088ep | trunc=0%  swp=9.6±9.4  fid=0.0000  rew=+25.41
step=205568  rew=+47.385  swp=29.4  map=0.5  trunc=0%  pl=-0.006  vl=0.270  ent=1.016  kl=0.0313  gn=1.174
  line_20q      3119ep | trunc=0%  swp=29.0±29.6  fid=0.0000  rew=+24.93
  ring_20q      3104ep | trunc=0%  swp=23.7±19.8  fid=0.0000  rew=+25.12
  grid_5x4_20q  3094ep | trunc=0%  swp=9.6±9.4  fid=0.0000  rew=+25.44
step=205824  rew=+42.156  swp=23.4  map=0.7  trunc=0%  pl=-0.024  vl=0.375  ent=0.741  kl=0.1465  gn=0.974
  line_20q      3122ep | trunc=0%  swp=29.0±29.6  fid=0.0000  rew=+24.94
  ring_20q      3110ep | trunc=0%  swp=23.7±19.7  fid=0.0000  rew=+25.14
  grid_5x4_20q  3095ep | trunc=0%  swp=9.6±9.4  fid=0.0000  rew=+25.44
step=206080  rew=+44.252  swp=30.1  map=0.4  trunc=0%  pl=0.006  vl=0.179  ent=1.287  kl=0.0832  gn=1.212
  line_20q      3123ep | trunc=0%  swp=29.0±29.6  fid=0.0000  rew=+24.94
  ring_20q      3113ep | trunc=0%  swp=23.7±19.8  fid=0.0000  rew=+25.16
  grid_5x4_20q  3096ep | trunc=0%  swp=9.6±9.5  fid=0.0000  rew=+25.46
step=206336  rew=+43.446  swp=36.0  map=0.3  trunc=0%  pl=-0.022  vl=0.267  ent=1.290  kl=0.3252  gn=0.886
  line_20q      3125ep | trunc=0%  swp=29.1±29.7  fid=0.0000  rew=+24.97
  ring_20q      3114ep | trunc=0%  swp=23.7±19.8  fid=0.0000  rew=+25.17
  grid_5x4_20q  3098ep | trunc=0%  swp=9.6±9.5  fid=0.0000  rew=+25.47
step=206592  rew=+45.666  swp=40.7  map=0.2  trunc=0%  pl=-0.020  vl=0.255  ent=1.558  kl=0.0723  gn=1.124
  line_20q      3127ep | trunc=0%  swp=29.1±29.7  fid=0.0000  rew=+24.99
  ring_20q      3115ep | trunc=0%  swp=23.7±19.7  fid=0.0000  rew=+25.17
  grid_5x4_20q  3099ep | trunc=0%  swp=9.6±9.5  fid=0.0000  rew=+25.48
step=206848  rew=+49.628  swp=49.8  map=0.2  trunc=0%  pl=0.006  vl=0.445  ent=1.261  kl=0.0983  gn=1.098
  line_20q      3130ep | trunc=0%  swp=29.1±29.8  fid=0.0000  rew=+25.01
  ring_20q      3116ep | trunc=0%  swp=23.7±19.8  fid=0.0000  rew=+25.19
  grid_5x4_20q  3100ep | trunc=0%  swp=9.6±9.5  fid=0.0000  rew=+25.49
step=207104  rew=+48.569  swp=46.8  map=0.3  trunc=0%  pl=-0.019  vl=0.266  ent=1.039  kl=0.0652  gn=1.223
  line_20q      3134ep | trunc=0%  swp=29.2±29.8  fid=0.0000  rew=+25.04
  ring_20q      3118ep | trunc=0%  swp=23.7±19.8  fid=0.0000  rew=+25.20
  grid_5x4_20q  3102ep | trunc=0%  swp=9.6±9.5  fid=0.0000  rew=+25.50
step=207360  rew=+48.770  swp=27.6  map=0.4  trunc=0%  pl=-0.019  vl=0.238  ent=1.173  kl=0.0327  gn=0.930
  line_20q      3136ep | trunc=0%  swp=29.2±29.8  fid=0.0000  rew=+25.05
  ring_20q      3119ep | trunc=0%  swp=23.7±19.8  fid=0.0000  rew=+25.20
  grid_5x4_20q  3109ep | trunc=0%  swp=9.6±9.5  fid=0.0000  rew=+25.56
step=207616  rew=+51.814  swp=34.2  map=0.4  trunc=0%  pl=0.016  vl=1.251  ent=1.634  kl=0.0392  gn=1.343
  line_20q      3137ep | trunc=0%  swp=29.2±29.9  fid=0.0000  rew=+25.07
  ring_20q      3119ep | trunc=0%  swp=23.7±19.8  fid=0.0000  rew=+25.20
  grid_5x4_20q  3109ep | trunc=0%  swp=9.6±9.5  fid=0.0000  rew=+25.56
step=207872  rew=+53.672  swp=36.8  map=0.4  trunc=0%  pl=-0.039  vl=0.636  ent=1.040  kl=0.2010  gn=1.048
  line_20q      3139ep | trunc=0%  swp=29.3±30.0  fid=0.0000  rew=+25.10
  ring_20q      3121ep | trunc=0%  swp=23.8±19.8  fid=0.0000  rew=+25.23
  grid_5x4_20q  3113ep | trunc=0%  swp=9.6±9.5  fid=0.0000  rew=+25.58
step=208128  rew=+55.391  swp=42.8  map=0.3  trunc=0%  pl=-0.013  vl=0.494  ent=1.172  kl=0.0643  gn=1.130
  line_20q      3142ep | trunc=0%  swp=29.3±30.0  fid=0.0000  rew=+25.12
  ring_20q      3123ep | trunc=0%  swp=23.8±19.8  fid=0.0000  rew=+25.25
  grid_5x4_20q  3114ep | trunc=0%  swp=9.6±9.5  fid=0.0000  rew=+25.60
step=208384  rew=+50.819  swp=34.0  map=0.3  trunc=0%  pl=-0.013  vl=0.505  ent=1.074  kl=0.0608  gn=0.909
  line_20q      3145ep | trunc=0%  swp=29.3±30.0  fid=0.0000  rew=+25.14
  ring_20q      3125ep | trunc=0%  swp=23.8±19.8  fid=0.0000  rew=+25.27
  grid_5x4_20q  3116ep | trunc=0%  swp=9.6±9.5  fid=0.0000  rew=+25.61
step=208640  rew=+50.040  swp=31.4  map=0.6  trunc=0%  pl=-0.000  vl=0.402  ent=1.952  kl=0.0424  gn=0.902
  line_20q      3146ep | trunc=0%  swp=29.3±30.0  fid=0.0000  rew=+25.13
  ring_20q      3125ep | trunc=0%  swp=23.8±19.8  fid=0.0000  rew=+25.27
  grid_5x4_20q  3118ep | trunc=0%  swp=9.6±9.5  fid=0.0000  rew=+25.63
step=208896  rew=+49.673  swp=38.4  map=0.8  trunc=0%  pl=-0.013  vl=0.425  ent=0.992  kl=0.1301  gn=1.506
  line_20q      3148ep | trunc=0%  swp=29.3±30.3  fid=0.0000  rew=+25.17
  ring_20q      3127ep | trunc=0%  swp=23.8±19.8  fid=0.0000  rew=+25.29
  grid_5x4_20q  3122ep | trunc=0%  swp=9.6±9.5  fid=0.0000  rew=+25.66
step=209152  rew=+55.886  swp=47.8  map=0.8  trunc=0%  pl=-0.045  vl=0.319  ent=1.127  kl=0.4460  gn=1.088
  line_20q      3149ep | trunc=0%  swp=29.3±30.3  fid=0.0000  rew=+25.18
  ring_20q      3129ep | trunc=0%  swp=23.8±19.9  fid=0.0000  rew=+25.32
  grid_5x4_20q  3123ep | trunc=0%  swp=9.6±9.5  fid=0.0000  rew=+25.67
step=209408  rew=+58.576  swp=47.5  map=0.7  trunc=0%  pl=0.025  vl=0.582  ent=0.828  kl=0.0819  gn=1.310
  line_20q      3151ep | trunc=0%  swp=29.4±30.3  fid=0.0000  rew=+25.21
  ring_20q      3132ep | trunc=0%  swp=23.8±19.9  fid=0.0000  rew=+25.34
  grid_5x4_20q  3125ep | trunc=0%  swp=9.7±9.5  fid=0.0000  rew=+25.70
step=209664  rew=+56.152  swp=40.8  map=0.6  trunc=0%  pl=0.002  vl=0.340  ent=1.157  kl=0.0570  gn=1.392
  line_20q      3154ep | trunc=0%  swp=29.4±30.3  fid=0.0000  rew=+25.23
  ring_20q      3132ep | trunc=0%  swp=23.8±19.9  fid=0.0000  rew=+25.34
  grid_5x4_20q  3128ep | trunc=0%  swp=9.7±9.5  fid=0.0000  rew=+25.73
step=209920  rew=+50.159  swp=33.5  map=0.6  trunc=0%  pl=0.009  vl=0.347  ent=0.625  kl=0.0501  gn=1.144
  line_20q      3156ep | trunc=0%  swp=29.4±30.3  fid=0.0000  rew=+25.25
  ring_20q      3136ep | trunc=0%  swp=23.9±19.9  fid=0.0000  rew=+25.36
  grid_5x4_20q  3132ep | trunc=0%  swp=9.7±9.5  fid=0.0000  rew=+25.76
step=210176  rew=+49.329  swp=26.1  map=0.5  trunc=0%  pl=-0.011  vl=0.212  ent=0.887  kl=0.0996  gn=1.119
  line_20q      3159ep | trunc=0%  swp=29.4±30.3  fid=0.0000  rew=+25.26
  ring_20q      3138ep | trunc=0%  swp=23.9±19.9  fid=0.0000  rew=+25.37
  grid_5x4_20q  3136ep | trunc=0%  swp=9.7±9.5  fid=0.0000  rew=+25.82
step=210432  rew=+51.229  swp=28.6  map=0.3  trunc=0%  pl=0.009  vl=0.340  ent=1.090  kl=0.0879  gn=1.097
  line_20q      3160ep | trunc=0%  swp=29.4±30.3  fid=0.0000  rew=+25.26
  ring_20q      3142ep | trunc=0%  swp=23.9±19.9  fid=0.0000  rew=+25.40
  grid_5x4_20q  3137ep | trunc=0%  swp=9.7±9.5  fid=0.0000  rew=+25.84
step=210688  rew=+53.155  swp=35.6  map=0.3  trunc=0%  pl=0.044  vl=0.590  ent=1.248  kl=0.3774  gn=1.748
  line_20q      3163ep | trunc=0%  swp=29.4±30.4  fid=0.0000  rew=+25.29
  ring_20q      3142ep | trunc=0%  swp=23.9±19.9  fid=0.0000  rew=+25.40
  grid_5x4_20q  3137ep | trunc=0%  swp=9.7±9.5  fid=0.0000  rew=+25.84
step=210944  rew=+51.849  swp=39.5  map=0.2  trunc=0%  pl=-0.015  vl=0.511  ent=0.652  kl=0.1705  gn=1.545
  line_20q      3166ep | trunc=0%  swp=29.5±30.4  fid=0.0000  rew=+25.31
  ring_20q      3145ep | trunc=0%  swp=23.9±19.9  fid=0.0000  rew=+25.40
  grid_5x4_20q  3140ep | trunc=0%  swp=9.7±9.5  fid=0.0000  rew=+25.86
step=211200  rew=+52.228  swp=46.3  map=0.3  trunc=0%  pl=0.030  vl=0.654  ent=1.308  kl=0.1472  gn=1.402
  line_20q      3169ep | trunc=0%  swp=29.5±30.5  fid=0.0000  rew=+25.36
  ring_20q      3145ep | trunc=0%  swp=23.9±19.9  fid=0.0000  rew=+25.40
  grid_5x4_20q  3140ep | trunc=0%  swp=9.7±9.5  fid=0.0000  rew=+25.86
step=211456  rew=+47.201  swp=28.9  map=0.8  trunc=0%  pl=-0.007  vl=0.910  ent=0.886  kl=0.0405  gn=1.844
  line_20q      3173ep | trunc=0%  swp=29.5±30.5  fid=0.0000  rew=+25.38
  ring_20q      3146ep | trunc=0%  swp=23.9±19.9  fid=0.0000  rew=+25.40
  grid_5x4_20q  3145ep | trunc=0%  swp=9.7±9.6  fid=0.0000  rew=+25.91
step=211712  rew=+52.973  swp=38.4  map=0.8  trunc=0%  pl=-0.005  vl=0.359  ent=1.056  kl=0.0436  gn=1.176
  line_20q      3175ep | trunc=0%  swp=29.5±30.5  fid=0.0000  rew=+25.40
  ring_20q      3149ep | trunc=0%  swp=23.9±19.9  fid=0.0000  rew=+25.43
  grid_5x4_20q  3146ep | trunc=0%  swp=9.7±9.6  fid=0.0000  rew=+25.92
step=211968  rew=+51.594  swp=33.7  map=0.7  trunc=0%  pl=-0.007  vl=0.201  ent=1.249  kl=0.0734  gn=0.873
  line_20q      3178ep | trunc=0%  swp=29.6±30.5  fid=0.0000  rew=+25.42
  ring_20q      3150ep | trunc=0%  swp=23.9±19.9  fid=0.0000  rew=+25.43
  grid_5x4_20q  3148ep | trunc=0%  swp=9.7±9.6  fid=0.0000  rew=+25.96
step=212224  rew=+44.650  swp=30.1  map=0.5  trunc=0%  pl=-0.021  vl=0.503  ent=0.523  kl=0.1381  gn=0.968
  line_20q      3182ep | trunc=0%  swp=29.6±30.5  fid=0.0000  rew=+25.44
  ring_20q      3155ep | trunc=0%  swp=23.9±19.9  fid=0.0000  rew=+25.45
  grid_5x4_20q  3149ep | trunc=0%  swp=9.7±9.6  fid=0.0000  rew=+25.96
step=212480  rew=+39.114  swp=20.7  map=0.5  trunc=0%  pl=-0.020  vl=0.359  ent=0.720  kl=0.4344  gn=0.700
  line_20q      3187ep | trunc=0%  swp=29.6±30.5  fid=0.0000  rew=+25.46
  ring_20q      3157ep | trunc=0%  swp=23.9±19.9  fid=0.0000  rew=+25.45
  grid_5x4_20q  3153ep | trunc=0%  swp=9.7±9.6  fid=0.0000  rew=+25.99
step=212736  rew=+48.403  swp=25.0  map=0.2  trunc=0%  pl=-0.057  vl=0.249  ent=1.185  kl=0.9979  gn=0.900
  line_20q      3188ep | trunc=0%  swp=29.6±30.5  fid=0.0000  rew=+25.47
  ring_20q      3159ep | trunc=0%  swp=23.9±19.9  fid=0.0000  rew=+25.46
  grid_5x4_20q  3156ep | trunc=0%  swp=9.8±9.6  fid=0.0000  rew=+26.04
step=212992  rew=+49.657  swp=30.6  map=0.2  trunc=0%  pl=-0.034  vl=0.463  ent=0.829  kl=1.4376  gn=1.122
  line_20q      3192ep | trunc=0%  swp=29.6±30.5  fid=0.0000  rew=+25.50
  ring_20q      3160ep | trunc=0%  swp=23.9±19.9  fid=0.0000  rew=+25.46
  grid_5x4_20q  3157ep | trunc=0%  swp=9.8±9.6  fid=0.0000  rew=+26.05
step=213248  rew=+52.762  swp=40.5  map=0.1  trunc=0%  pl=0.009  vl=0.252  ent=1.063  kl=0.2224  gn=1.329
  line_20q      3196ep | trunc=0%  swp=29.6±30.5  fid=0.0000  rew=+25.54
  ring_20q      3160ep | trunc=0%  swp=23.9±19.9  fid=0.0000  rew=+25.46
  grid_5x4_20q  3158ep | trunc=0%  swp=9.8±9.6  fid=0.0000  rew=+26.05
step=213504  rew=+50.202  swp=41.5  map=0.1  trunc=0%  pl=0.006  vl=0.254  ent=0.851  kl=0.0467  gn=1.028
  line_20q      3199ep | trunc=0%  swp=29.7±30.5  fid=0.0000  rew=+25.56
  ring_20q      3162ep | trunc=0%  swp=23.9±19.9  fid=0.0000  rew=+25.48
  grid_5x4_20q  3161ep | trunc=0%  swp=9.8±9.6  fid=0.0000  rew=+26.08
step=213760  rew=+47.020  swp=32.0  map=0.5  trunc=0%  pl=-0.047  vl=0.161  ent=0.717  kl=0.2487  gn=0.738
  line_20q      3203ep | trunc=0%  swp=29.7±30.5  fid=0.0000  rew=+25.57
  ring_20q      3163ep | trunc=0%  swp=23.9±19.9  fid=0.0000  rew=+25.48
  grid_5x4_20q  3165ep | trunc=0%  swp=9.8±9.6  fid=0.0000  rew=+26.12
step=214016  rew=+43.805  swp=27.0  map=0.6  trunc=0%  pl=-0.026  vl=0.240  ent=0.885  kl=0.2237  gn=0.933
  line_20q      3206ep | trunc=0%  swp=29.7±30.5  fid=0.0000  rew=+25.58
  ring_20q      3165ep | trunc=0%  swp=23.9±19.9  fid=0.0000  rew=+25.50
  grid_5x4_20q  3168ep | trunc=0%  swp=9.8±9.6  fid=0.0000  rew=+26.13
step=214272  rew=+47.064  swp=33.6  map=0.6  trunc=0%  pl=0.033  vl=0.356  ent=1.598  kl=0.0375  gn=1.283
  line_20q      3206ep | trunc=0%  swp=29.7±30.5  fid=0.0000  rew=+25.58
  ring_20q      3169ep | trunc=0%  swp=24.0±20.0  fid=0.0000  rew=+25.55
  grid_5x4_20q  3169ep | trunc=0%  swp=9.8±9.6  fid=0.0000  rew=+26.13
step=214528  rew=+50.631  swp=38.2  map=0.3  trunc=0%  pl=-0.010  vl=0.217  ent=1.423  kl=0.3204  gn=1.024
  line_20q      3207ep | trunc=0%  swp=29.7±30.5  fid=0.0000  rew=+25.59
  ring_20q      3170ep | trunc=0%  swp=24.0±20.1  fid=0.0000  rew=+25.57
  grid_5x4_20q  3171ep | trunc=0%  swp=9.8±9.6  fid=0.0000  rew=+26.14
step=214784  rew=+51.558  swp=43.8  map=0.2  trunc=0%  pl=-0.005  vl=0.345  ent=1.110  kl=0.0986  gn=1.282
  line_20q      3209ep | trunc=0%  swp=29.7±30.5  fid=0.0000  rew=+25.61
  ring_20q      3173ep | trunc=0%  swp=24.0±20.1  fid=0.0000  rew=+25.59
  grid_5x4_20q  3172ep | trunc=0%  swp=9.8±9.6  fid=0.0000  rew=+26.15
step=215040  rew=+50.237  swp=43.5  map=0.1  trunc=0%  pl=-0.002  vl=0.112  ent=1.115  kl=0.1033  gn=0.864
  line_20q      3212ep | trunc=0%  swp=29.7±30.6  fid=0.0000  rew=+25.63
  ring_20q      3176ep | trunc=0%  swp=24.0±20.1  fid=0.0000  rew=+25.60
  grid_5x4_20q  3174ep | trunc=0%  swp=9.8±9.6  fid=0.0000  rew=+26.15
step=215296  rew=+46.125  swp=39.8  map=0.2  trunc=0%  pl=-0.006  vl=0.256  ent=1.335  kl=0.0409  gn=1.194
  line_20q      3216ep | trunc=0%  swp=29.7±30.6  fid=0.0000  rew=+25.66
  ring_20q      3178ep | trunc=0%  swp=24.0±20.1  fid=0.0000  rew=+25.62
  grid_5x4_20q  3174ep | trunc=0%  swp=9.8±9.6  fid=0.0000  rew=+26.15
step=215552  rew=+43.547  swp=36.2  map=0.2  trunc=0%  pl=-0.023  vl=0.354  ent=0.991  kl=0.1965  gn=1.065
  line_20q      3219ep | trunc=0%  swp=29.7±30.6  fid=0.0000  rew=+25.68
  ring_20q      3181ep | trunc=0%  swp=24.0±20.1  fid=0.0000  rew=+25.63
  grid_5x4_20q  3175ep | trunc=0%  swp=9.8±9.6  fid=0.0000  rew=+26.16
step=215808  rew=+49.126  swp=34.9  map=0.3  trunc=0%  pl=-0.020  vl=0.249  ent=1.199  kl=0.0699  gn=0.876
  line_20q      3220ep | trunc=0%  swp=29.7±30.6  fid=0.0000  rew=+25.69
  ring_20q      3184ep | trunc=0%  swp=24.1±20.2  fid=0.0000  rew=+25.66
  grid_5x4_20q  3179ep | trunc=0%  swp=9.8±9.6  fid=0.0000  rew=+26.18
step=216064  rew=+49.636  swp=32.9  map=0.3  trunc=0%  pl=-0.035  vl=0.311  ent=1.099  kl=0.1699  gn=1.011
  line_20q      3220ep | trunc=0%  swp=29.7±30.6  fid=0.0000  rew=+25.69
  ring_20q      3190ep | trunc=0%  swp=24.1±20.2  fid=0.0000  rew=+25.69
  grid_5x4_20q  3180ep | trunc=0%  swp=9.8±9.6  fid=0.0000  rew=+26.20
step=216320  rew=+51.144  swp=33.6  map=0.2  trunc=0%  pl=-0.022  vl=0.151  ent=1.109  kl=0.1761  gn=1.043
  line_20q      3223ep | trunc=0%  swp=29.8±30.6  fid=0.0000  rew=+25.70
  ring_20q      3191ep | trunc=0%  swp=24.1±20.2  fid=0.0000  rew=+25.70
  grid_5x4_20q  3182ep | trunc=0%  swp=9.8±9.6  fid=0.0000  rew=+26.23
step=216576  rew=+56.946  swp=45.1  map=0.1  trunc=0%  pl=0.005  vl=0.294  ent=1.308  kl=0.1112  gn=1.073
  line_20q      3224ep | trunc=0%  swp=29.8±30.6  fid=0.0000  rew=+25.71
  ring_20q      3193ep | trunc=0%  swp=24.1±20.2  fid=0.0000  rew=+25.74
  grid_5x4_20q  3183ep | trunc=0%  swp=9.8±9.6  fid=0.0000  rew=+26.24
step=216832  rew=+58.231  swp=48.2  map=0.0  trunc=0%  pl=0.005  vl=0.303  ent=1.551  kl=0.0712  gn=1.012
  line_20q      3225ep | trunc=0%  swp=29.8±30.6  fid=0.0000  rew=+25.72
  ring_20q      3194ep | trunc=0%  swp=24.2±20.3  fid=0.0000  rew=+25.76
  grid_5x4_20q  3184ep | trunc=0%  swp=9.8±9.6  fid=0.0000  rew=+26.25
step=217088  rew=+61.572  swp=50.9  map=0.2  trunc=0%  pl=-0.023  vl=0.244  ent=1.330  kl=0.0872  gn=1.176
  line_20q      3225ep | trunc=0%  swp=29.8±30.6  fid=0.0000  rew=+25.72
  ring_20q      3198ep | trunc=0%  swp=24.2±20.4  fid=0.0000  rew=+25.82
  grid_5x4_20q  3185ep | trunc=0%  swp=9.8±9.6  fid=0.0000  rew=+26.25
step=217344  rew=+58.834  swp=49.9  map=0.5  trunc=0%  pl=0.008  vl=0.281  ent=0.962  kl=0.0664  gn=1.681
  line_20q      3227ep | trunc=0%  swp=29.8±30.6  fid=0.0000  rew=+25.73
  ring_20q      3200ep | trunc=0%  swp=24.2±20.4  fid=0.0000  rew=+25.84
  grid_5x4_20q  3189ep | trunc=0%  swp=9.8±9.6  fid=0.0000  rew=+26.28
step=217600  rew=+50.527  swp=33.9  map=0.7  trunc=0%  pl=0.000  vl=0.193  ent=1.066  kl=0.0339  gn=1.337
  line_20q      3229ep | trunc=0%  swp=29.8±30.6  fid=0.0000  rew=+25.74
  ring_20q      3200ep | trunc=0%  swp=24.2±20.4  fid=0.0000  rew=+25.84
  grid_5x4_20q  3194ep | trunc=0%  swp=9.8±9.6  fid=0.0000  rew=+26.32
step=217856  rew=+48.247  swp=29.8  map=0.7  trunc=0%  pl=-0.007  vl=0.435  ent=0.716  kl=0.0650  gn=1.642
  line_20q      3234ep | trunc=0%  swp=29.8±30.7  fid=0.0000  rew=+25.78
  ring_20q      3202ep | trunc=0%  swp=24.2±20.4  fid=0.0000  rew=+25.84
  grid_5x4_20q  3196ep | trunc=0%  swp=9.8±9.6  fid=0.0000  rew=+26.33
step=218112  rew=+46.343  swp=33.3  map=0.6  trunc=0%  pl=-0.034  vl=0.291  ent=0.881  kl=0.1869  gn=0.983
  line_20q      3237ep | trunc=0%  swp=29.9±30.7  fid=0.0000  rew=+25.80
  ring_20q      3204ep | trunc=0%  swp=24.2±20.4  fid=0.0000  rew=+25.85
  grid_5x4_20q  3199ep | trunc=0%  swp=9.8±9.6  fid=0.0000  rew=+26.35
step=218368  rew=+46.764  swp=26.5  map=0.3  trunc=0%  pl=0.015  vl=0.188  ent=0.967  kl=0.0487  gn=1.265
  line_20q      3237ep | trunc=0%  swp=29.9±30.7  fid=0.0000  rew=+25.80
  ring_20q      3208ep | trunc=0%  swp=24.2±20.4  fid=0.0000  rew=+25.87
  grid_5x4_20q  3204ep | trunc=0%  swp=9.8±9.6  fid=0.0000  rew=+26.39
step=218624  rew=+53.108  swp=37.1  map=0.2  trunc=0%  pl=0.001  vl=1.124  ent=1.501  kl=0.0504  gn=1.809
  line_20q      3238ep | trunc=0%  swp=29.9±30.7  fid=0.0000  rew=+25.82
  ring_20q      3209ep | trunc=0%  swp=24.3±20.4  fid=0.0000  rew=+25.89
  grid_5x4_20q  3205ep | trunc=0%  swp=9.8±9.6  fid=0.0000  rew=+26.41
step=218880  rew=+47.149  swp=33.0  map=0.5  trunc=0%  pl=0.014  vl=0.353  ent=0.956  kl=0.1080  gn=1.258
  line_20q      3243ep | trunc=0%  swp=29.9±30.7  fid=0.0000  rew=+25.84
  ring_20q      3211ep | trunc=0%  swp=24.3±20.4  fid=0.0000  rew=+25.89
  grid_5x4_20q  3208ep | trunc=0%  swp=9.8±9.6  fid=0.0000  rew=+26.42
step=219136  rew=+44.697  swp=32.7  map=0.5  trunc=0%  pl=-0.002  vl=0.519  ent=1.248  kl=0.0488  gn=1.055
  line_20q      3246ep | trunc=0%  swp=29.9±30.7  fid=0.0000  rew=+25.85
  ring_20q      3212ep | trunc=0%  swp=24.3±20.4  fid=0.0000  rew=+25.90
  grid_5x4_20q  3208ep | trunc=0%  swp=9.8±9.6  fid=0.0000  rew=+26.42
step=219392  rew=+45.674  swp=39.8  map=0.5  trunc=0%  pl=-0.022  vl=0.146  ent=1.470  kl=0.0796  gn=1.254
  line_20q      3248ep | trunc=0%  swp=30.0±30.8  fid=0.0000  rew=+25.88
  ring_20q      3213ep | trunc=0%  swp=24.3±20.4  fid=0.0000  rew=+25.90
  grid_5x4_20q  3210ep | trunc=0%  swp=9.9±9.6  fid=0.0000  rew=+26.44
step=219648  rew=+49.944  swp=44.0  map=0.8  trunc=0%  pl=-0.005  vl=0.361  ent=1.030  kl=0.0583  gn=1.007
  line_20q      3250ep | trunc=0%  swp=30.0±30.9  fid=0.0000  rew=+25.90
  ring_20q      3216ep | trunc=0%  swp=24.3±20.4  fid=0.0000  rew=+25.93
  grid_5x4_20q  3213ep | trunc=0%  swp=9.9±9.6  fid=0.0000  rew=+26.46
step=219904  rew=+50.536  swp=32.9  map=1.0  trunc=0%  pl=0.008  vl=0.421  ent=0.531  kl=0.0480  gn=1.001
  line_20q      3251ep | trunc=0%  swp=30.0±30.9  fid=0.0000  rew=+25.92
  ring_20q      3220ep | trunc=0%  swp=24.3±20.4  fid=0.0000  rew=+25.95
  grid_5x4_20q  3218ep | trunc=0%  swp=9.9±9.6  fid=0.0000  rew=+26.49
step=220160  rew=+49.661  swp=25.8  map=0.9  trunc=0%  pl=0.013  vl=0.274  ent=0.976  kl=0.0680  gn=1.399
  line_20q      3252ep | trunc=0%  swp=30.0±30.9  fid=0.0000  rew=+25.92
  ring_20q      3222ep | trunc=0%  swp=24.3±20.4  fid=0.0000  rew=+25.97
  grid_5x4_20q  3222ep | trunc=0%  swp=9.9±9.6  fid=0.0000  rew=+26.53
step=220416  rew=+52.556  swp=32.4  map=0.5  trunc=0%  pl=0.009  vl=0.439  ent=0.935  kl=0.0831  gn=1.207
  line_20q      3253ep | trunc=0%  swp=30.0±30.9  fid=0.0000  rew=+25.94
  ring_20q      3225ep | trunc=0%  swp=24.3±20.5  fid=0.0000  rew=+26.00
  grid_5x4_20q  3223ep | trunc=0%  swp=9.9±9.6  fid=0.0000  rew=+26.53
step=220672  rew=+57.538  swp=40.1  map=0.6  trunc=0%  pl=-0.009  vl=0.267  ent=1.126  kl=0.1101  gn=1.404
  line_20q      3254ep | trunc=0%  swp=30.0±30.9  fid=0.0000  rew=+25.95
  ring_20q      3227ep | trunc=0%  swp=24.4±20.5  fid=0.0000  rew=+26.03
  grid_5x4_20q  3225ep | trunc=0%  swp=9.9±9.6  fid=0.0000  rew=+26.55
step=220928  rew=+56.780  swp=48.1  map=0.7  trunc=0%  pl=0.020  vl=0.651  ent=1.044  kl=0.0642  gn=1.119
  line_20q      3256ep | trunc=0%  swp=30.0±30.9  fid=0.0000  rew=+25.97
  ring_20q      3230ep | trunc=0%  swp=24.4±20.5  fid=0.0000  rew=+26.06
  grid_5x4_20q  3225ep | trunc=0%  swp=9.9±9.6  fid=0.0000  rew=+26.55
step=221184  rew=+53.338  swp=39.0  map=0.6  trunc=0%  pl=-0.022  vl=0.194  ent=0.799  kl=0.2113  gn=1.133
  line_20q      3259ep | trunc=0%  swp=30.0±30.9  fid=0.0000  rew=+25.99
  ring_20q      3232ep | trunc=0%  swp=24.4±20.5  fid=0.0000  rew=+26.08
  grid_5x4_20q  3229ep | trunc=0%  swp=9.9±9.6  fid=0.0000  rew=+26.57
step=221440  rew=+50.947  swp=35.9  map=0.4  trunc=0%  pl=-0.014  vl=0.169  ent=1.085  kl=0.4508  gn=1.168
  line_20q      3259ep | trunc=0%  swp=30.0±30.9  fid=0.0000  rew=+25.99
  ring_20q      3235ep | trunc=0%  swp=24.4±20.6  fid=0.0000  rew=+26.10
  grid_5x4_20q  3233ep | trunc=0%  swp=9.9±9.6  fid=0.0000  rew=+26.60
step=221696  rew=+44.975  swp=30.6  map=0.5  trunc=0%  pl=0.000  vl=0.330  ent=0.677  kl=0.1376  gn=1.109
  line_20q      3261ep | trunc=0%  swp=30.0±30.9  fid=0.0000  rew=+26.00
  ring_20q      3241ep | trunc=0%  swp=24.4±20.6  fid=0.0000  rew=+26.13
  grid_5x4_20q  3234ep | trunc=0%  swp=9.9±9.6  fid=0.0000  rew=+26.60
step=221952  rew=+45.137  swp=29.5  map=0.8  trunc=0%  pl=-0.003  vl=0.187  ent=1.224  kl=0.0425  gn=1.218
  line_20q      3264ep | trunc=0%  swp=30.1±30.9  fid=0.0000  rew=+26.02
  ring_20q      3241ep | trunc=0%  swp=24.4±20.6  fid=0.0000  rew=+26.13
  grid_5x4_20q  3239ep | trunc=0%  swp=9.9±9.6  fid=0.0000  rew=+26.64
step=222208  rew=+44.495  swp=29.0  map=0.8  trunc=0%  pl=0.006  vl=0.465  ent=1.020  kl=0.1297  gn=1.200
  line_20q      3265ep | trunc=0%  swp=30.1±30.9  fid=0.0000  rew=+26.02
  ring_20q      3246ep | trunc=0%  swp=24.5±20.6  fid=0.0000  rew=+26.15
  grid_5x4_20q  3239ep | trunc=0%  swp=9.9±9.6  fid=0.0000  rew=+26.64
step=222464  rew=+49.909  swp=39.1  map=0.7  trunc=0%  pl=-0.008  vl=0.135  ent=1.205  kl=0.0881  gn=1.323
  line_20q      3267ep | trunc=0%  swp=30.1±31.0  fid=0.0000  rew=+26.04
  ring_20q      3247ep | trunc=0%  swp=24.5±20.6  fid=0.0000  rew=+26.16
  grid_5x4_20q  3240ep | trunc=0%  swp=9.9±9.7  fid=0.0000  rew=+26.66
step=222720  rew=+49.768  swp=38.1  map=0.5  trunc=0%  pl=-0.037  vl=0.257  ent=0.825  kl=0.2461  gn=1.187
  line_20q      3270ep | trunc=0%  swp=30.1±31.0  fid=0.0000  rew=+26.06
  ring_20q      3249ep | trunc=0%  swp=24.5±20.6  fid=0.0000  rew=+26.17
  grid_5x4_20q  3244ep | trunc=0%  swp=9.9±9.7  fid=0.0000  rew=+26.70
step=222976  rew=+50.212  swp=34.3  map=0.6  trunc=0%  pl=0.015  vl=0.295  ent=0.780  kl=0.1291  gn=1.537
  line_20q      3273ep | trunc=0%  swp=30.1±31.0  fid=0.0000  rew=+26.07
  ring_20q      3252ep | trunc=0%  swp=24.5±20.6  fid=0.0000  rew=+26.19
  grid_5x4_20q  3246ep | trunc=0%  swp=9.9±9.7  fid=0.0000  rew=+26.71
step=223232  rew=+42.954  swp=31.4  map=0.7  trunc=0%  pl=0.030  vl=0.479  ent=0.948  kl=0.7014  gn=1.230
  line_20q      3276ep | trunc=0%  swp=30.1±31.0  fid=0.0000  rew=+26.09
  ring_20q      3255ep | trunc=0%  swp=24.5±20.6  fid=0.0000  rew=+26.20
  grid_5x4_20q  3246ep | trunc=0%  swp=9.9±9.7  fid=0.0000  rew=+26.71
step=223488  rew=+42.419  swp=34.5  map=0.5  trunc=0%  pl=-0.013  vl=0.213  ent=0.844  kl=0.2826  gn=1.204
  line_20q      3280ep | trunc=0%  swp=30.1±31.0  fid=0.0000  rew=+26.11
  ring_20q      3258ep | trunc=0%  swp=24.5±20.6  fid=0.0000  rew=+26.21
  grid_5x4_20q  3247ep | trunc=0%  swp=9.9±9.7  fid=0.0000  rew=+26.71
step=223744  rew=+43.899  swp=36.0  map=0.3  trunc=0%  pl=0.010  vl=0.426  ent=1.142  kl=0.1253  gn=1.020
  line_20q      3283ep | trunc=0%  swp=30.1±31.0  fid=0.0000  rew=+26.12
  ring_20q      3261ep | trunc=0%  swp=24.5±20.6  fid=0.0000  rew=+26.24
  grid_5x4_20q  3248ep | trunc=0%  swp=9.9±9.7  fid=0.0000  rew=+26.71
step=224000  rew=+44.291  swp=36.2  map=0.5  trunc=0%  pl=-0.004  vl=0.318  ent=1.104  kl=0.0695  gn=0.961
  line_20q      3286ep | trunc=0%  swp=30.2±31.0  fid=0.0000  rew=+26.15
  ring_20q      3261ep | trunc=0%  swp=24.5±20.6  fid=0.0000  rew=+26.24
  grid_5x4_20q  3251ep | trunc=0%  swp=9.9±9.6  fid=0.0000  rew=+26.73
step=224256  rew=+50.189  swp=36.6  map=0.5  trunc=0%  pl=-0.019  vl=0.337  ent=1.057  kl=0.0902  gn=1.239
  line_20q      3288ep | trunc=0%  swp=30.2±31.0  fid=0.0000  rew=+26.17
  ring_20q      3263ep | trunc=0%  swp=24.5±20.6  fid=0.0000  rew=+26.25
  grid_5x4_20q  3254ep | trunc=0%  swp=9.9±9.7  fid=0.0000  rew=+26.76
step=224512  rew=+53.441  swp=39.5  map=0.3  trunc=0%  pl=-0.050  vl=0.270  ent=1.311  kl=0.2758  gn=1.136
  line_20q      3289ep | trunc=0%  swp=30.2±31.0  fid=0.0000  rew=+26.18
  ring_20q      3265ep | trunc=0%  swp=24.6±20.6  fid=0.0000  rew=+26.28
  grid_5x4_20q  3256ep | trunc=0%  swp=9.9±9.7  fid=0.0000  rew=+26.77
step=224768  rew=+54.362  swp=39.1  map=0.2  trunc=0%  pl=-0.037  vl=0.219  ent=1.032  kl=0.2144  gn=0.973
  line_20q      3290ep | trunc=0%  swp=30.2±31.0  fid=0.0000  rew=+26.19
  ring_20q      3269ep | trunc=0%  swp=24.6±20.6  fid=0.0000  rew=+26.31
  grid_5x4_20q  3257ep | trunc=0%  swp=9.9±9.7  fid=0.0000  rew=+26.78
step=225024  rew=+54.896  swp=39.6  map=0.1  trunc=0%  pl=-0.035  vl=0.128  ent=1.166  kl=0.2374  gn=0.938
  line_20q      3291ep | trunc=0%  swp=30.2±31.0  fid=0.0000  rew=+26.20
  ring_20q      3271ep | trunc=0%  swp=24.6±20.6  fid=0.0000  rew=+26.32
  grid_5x4_20q  3259ep | trunc=0%  swp=9.9±9.7  fid=0.0000  rew=+26.81
step=225280  rew=+59.013  swp=47.0  map=0.3  trunc=0%  pl=-0.032  vl=0.412  ent=1.291  kl=0.2798  gn=1.014
  line_20q      3292ep | trunc=0%  swp=30.2±31.0  fid=0.0000  rew=+26.21
  ring_20q      3274ep | trunc=0%  swp=24.6±20.7  fid=0.0000  rew=+26.37
  grid_5x4_20q  3259ep | trunc=0%  swp=9.9±9.7  fid=0.0000  rew=+26.81
step=225536  rew=+56.749  swp=39.6  map=0.3  trunc=0%  pl=-0.010  vl=0.282  ent=1.094  kl=0.2052  gn=1.292
  line_20q      3295ep | trunc=0%  swp=30.2±31.1  fid=0.0000  rew=+26.22
  ring_20q      3275ep | trunc=0%  swp=24.7±20.7  fid=0.0000  rew=+26.38
  grid_5x4_20q  3263ep | trunc=0%  swp=10.0±9.7  fid=0.0000  rew=+26.84
step=225792  rew=+56.861  swp=45.1  map=0.3  trunc=0%  pl=-0.017  vl=0.276  ent=0.997  kl=0.2266  gn=0.997
  line_20q      3298ep | trunc=0%  swp=30.3±31.1  fid=0.0000  rew=+26.25
  ring_20q      3277ep | trunc=0%  swp=24.7±20.7  fid=0.0000  rew=+26.40
  grid_5x4_20q  3264ep | trunc=0%  swp=10.0±9.7  fid=0.0000  rew=+26.85
step=226048  rew=+47.483  swp=33.8  map=0.1  trunc=0%  pl=-0.008  vl=0.306  ent=0.923  kl=0.1027  gn=1.164
  line_20q      3301ep | trunc=0%  swp=30.3±31.1  fid=0.0000  rew=+26.26
  ring_20q      3280ep | trunc=0%  swp=24.7±20.7  fid=0.0000  rew=+26.41
  grid_5x4_20q  3266ep | trunc=0%  swp=10.0±9.7  fid=0.0000  rew=+26.87
step=226304  rew=+47.697  swp=32.4  map=0.3  trunc=0%  pl=0.008  vl=0.251  ent=1.255  kl=0.0468  gn=1.217
  line_20q      3303ep | trunc=0%  swp=30.3±31.1  fid=0.0000  rew=+26.28
  ring_20q      3282ep | trunc=0%  swp=24.7±20.7  fid=0.0000  rew=+26.42
  grid_5x4_20q  3269ep | trunc=0%  swp=10.0±9.7  fid=0.0000  rew=+26.88
step=226560  rew=+47.837  swp=34.0  map=0.3  trunc=0%  pl=-0.008  vl=0.283  ent=1.307  kl=0.0503  gn=1.135
  line_20q      3303ep | trunc=0%  swp=30.3±31.1  fid=0.0000  rew=+26.28
  ring_20q      3285ep | trunc=0%  swp=24.7±20.8  fid=0.0000  rew=+26.46
  grid_5x4_20q  3271ep | trunc=0%  swp=10.0±9.7  fid=0.0000  rew=+26.89
step=226816  rew=+50.318  swp=36.7  map=0.4  trunc=0%  pl=-0.024  vl=0.281  ent=1.124  kl=0.2426  gn=1.218
  line_20q      3304ep | trunc=0%  swp=30.3±31.0  fid=0.0000  rew=+26.28
  ring_20q      3288ep | trunc=0%  swp=24.8±20.8  fid=0.0000  rew=+26.48
  grid_5x4_20q  3273ep | trunc=0%  swp=10.0±9.7  fid=0.0000  rew=+26.92
step=227072  rew=+55.823  swp=44.7  map=0.3  trunc=0%  pl=0.008  vl=0.218  ent=1.261  kl=0.0368  gn=1.251
  line_20q      3307ep | trunc=0%  swp=30.3±31.1  fid=0.0000  rew=+26.32
  ring_20q      3289ep | trunc=0%  swp=24.8±20.8  fid=0.0000  rew=+26.48
  grid_5x4_20q  3274ep | trunc=0%  swp=10.0±9.7  fid=0.0000  rew=+26.93
step=227328  rew=+48.327  swp=32.7  map=0.6  trunc=0%  pl=-0.001  vl=0.292  ent=0.842  kl=0.1117  gn=1.442
  line_20q      3309ep | trunc=0%  swp=30.3±31.1  fid=0.0000  rew=+26.33
  ring_20q      3294ep | trunc=0%  swp=24.8±20.8  fid=0.0000  rew=+26.50
  grid_5x4_20q  3278ep | trunc=0%  swp=10.0±9.7  fid=0.0000  rew=+26.96
step=227584  rew=+52.448  swp=43.0  map=0.6  trunc=0%  pl=0.002  vl=0.598  ent=1.617  kl=0.0457  gn=1.516
  line_20q      3311ep | trunc=0%  swp=30.4±31.2  fid=0.0000  rew=+26.36
  ring_20q      3294ep | trunc=0%  swp=24.8±20.8  fid=0.0000  rew=+26.50
  grid_5x4_20q  3278ep | trunc=0%  swp=10.0±9.7  fid=0.0000  rew=+26.96
step=227840  rew=+45.202  swp=35.2  map=0.6  trunc=0%  pl=-0.030  vl=0.362  ent=1.072  kl=0.1226  gn=1.341
  line_20q      3312ep | trunc=0%  swp=30.4±31.2  fid=0.0000  rew=+26.35
  ring_20q      3298ep | trunc=0%  swp=24.8±20.8  fid=0.0000  rew=+26.52
  grid_5x4_20q  3280ep | trunc=0%  swp=10.0±9.7  fid=0.0000  rew=+26.98
step=228096  rew=+52.032  swp=43.4  map=0.5  trunc=0%  pl=0.007  vl=0.626  ent=1.623  kl=0.0778  gn=1.508
  line_20q      3314ep | trunc=0%  swp=30.4±31.2  fid=0.0000  rew=+26.38
  ring_20q      3298ep | trunc=0%  swp=24.8±20.8  fid=0.0000  rew=+26.52
  grid_5x4_20q  3282ep | trunc=0%  swp=10.0±9.7  fid=0.0000  rew=+27.01
step=228352  rew=+57.583  swp=50.6  map=0.2  trunc=0%  pl=-0.008  vl=0.228  ent=1.311  kl=0.0704  gn=1.369
  line_20q      3314ep | trunc=0%  swp=30.4±31.2  fid=0.0000  rew=+26.38
  ring_20q      3303ep | trunc=0%  swp=24.8±20.8  fid=0.0000  rew=+26.56
  grid_5x4_20q  3283ep | trunc=0%  swp=10.0±9.7  fid=0.0000  rew=+27.03
step=228608  rew=+55.913  swp=43.9  map=0.2  trunc=0%  pl=0.018  vl=0.535  ent=1.539  kl=0.2044  gn=1.265
  line_20q      3316ep | trunc=0%  swp=30.4±31.2  fid=0.0000  rew=+26.40
  ring_20q      3303ep | trunc=0%  swp=24.8±20.8  fid=0.0000  rew=+26.56
  grid_5x4_20q  3284ep | trunc=0%  swp=10.0±9.7  fid=0.0000  rew=+27.03
step=228864  rew=+60.285  swp=55.2  map=0.3  trunc=0%  pl=-0.002  vl=0.458  ent=1.405  kl=0.0515  gn=1.084
  line_20q      3317ep | trunc=0%  swp=30.5±31.3  fid=0.0000  rew=+26.42
  ring_20q      3306ep | trunc=0%  swp=24.9±20.9  fid=0.0000  rew=+26.59
  grid_5x4_20q  3285ep | trunc=0%  swp=10.0±9.7  fid=0.0000  rew=+27.04
step=229120  rew=+59.190  swp=58.5  map=0.5  trunc=0%  pl=0.024  vl=0.517  ent=1.107  kl=0.0711  gn=1.324
  line_20q      3319ep | trunc=0%  swp=30.5±31.3  fid=0.0000  rew=+26.44
  ring_20q      3309ep | trunc=0%  swp=24.9±20.9  fid=0.0000  rew=+26.60
  grid_5x4_20q  3285ep | trunc=0%  swp=10.0±9.7  fid=0.0000  rew=+27.04
step=229376  rew=+52.176  swp=45.0  map=0.6  trunc=0%  pl=-0.001  vl=0.406  ent=0.752  kl=0.0283  gn=1.360
  line_20q      3323ep | trunc=0%  swp=30.5±31.3  fid=0.0000  rew=+26.46
  ring_20q      3312ep | trunc=0%  swp=24.9±20.9  fid=0.0000  rew=+26.61
  grid_5x4_20q  3287ep | trunc=0%  swp=10.0±9.7  fid=0.0000  rew=+27.07
step=229632  rew=+40.696  swp=20.2  map=0.5  trunc=0%  pl=-0.008  vl=0.255  ent=0.756  kl=0.0393  gn=1.083
  line_20q      3327ep | trunc=0%  swp=30.5±31.3  fid=0.0000  rew=+26.47
  ring_20q      3315ep | trunc=0%  swp=24.8±20.9  fid=0.0000  rew=+26.62
  grid_5x4_20q  3293ep | trunc=0%  swp=10.0±9.7  fid=0.0000  rew=+27.09
step=229888  rew=+45.147  swp=24.1  map=0.5  trunc=0%  pl=-0.032  vl=0.137  ent=1.333  kl=0.0832  gn=1.470
  line_20q      3328ep | trunc=0%  swp=30.5±31.3  fid=0.0000  rew=+26.47
  ring_20q      3317ep | trunc=0%  swp=24.9±20.9  fid=0.0000  rew=+26.64
  grid_5x4_20q  3296ep | trunc=0%  swp=10.0±9.7  fid=0.0000  rew=+27.13
step=230144  rew=+49.405  swp=33.9  map=0.3  trunc=0%  pl=-0.069  vl=0.095  ent=1.278  kl=0.2305  gn=0.871
  line_20q      3330ep | trunc=0%  swp=30.5±31.3  fid=0.0000  rew=+26.49
  ring_20q      3317ep | trunc=0%  swp=24.9±20.9  fid=0.0000  rew=+26.64
  grid_5x4_20q  3298ep | trunc=0%  swp=10.0±9.7  fid=0.0000  rew=+27.15
step=230400  rew=+52.585  swp=33.6  map=0.5  trunc=0%  pl=-0.009  vl=0.271  ent=1.668  kl=0.0316  gn=1.102
  line_20q      3330ep | trunc=0%  swp=30.5±31.3  fid=0.0000  rew=+26.49
  ring_20q      3319ep | trunc=0%  swp=24.9±20.9  fid=0.0000  rew=+26.66
  grid_5x4_20q  3301ep | trunc=0%  swp=10.0±9.7  fid=0.0000  rew=+27.17
step=230656  rew=+57.676  swp=48.0  map=0.4  trunc=0%  pl=0.040  vl=0.702  ent=0.892  kl=0.4091  gn=1.042
  line_20q      3333ep | trunc=0%  swp=30.6±31.4  fid=0.0000  rew=+26.52
  ring_20q      3321ep | trunc=0%  swp=24.9±20.9  fid=0.0000  rew=+26.68
  grid_5x4_20q  3301ep | trunc=0%  swp=10.0±9.7  fid=0.0000  rew=+27.17
step=230912  rew=+55.049  swp=53.9  map=0.6  trunc=0%  pl=-0.005  vl=0.509  ent=1.565  kl=0.0846  gn=1.171
  line_20q      3334ep | trunc=0%  swp=30.6±31.4  fid=0.0000  rew=+26.53
  ring_20q      3323ep | trunc=0%  swp=24.9±21.0  fid=0.0000  rew=+26.70
  grid_5x4_20q  3301ep | trunc=0%  swp=10.0±9.7  fid=0.0000  rew=+27.17
step=231168  rew=+55.649  swp=56.8  map=0.6  trunc=0%  pl=0.007  vl=0.313  ent=1.658  kl=0.0947  gn=1.279
  line_20q      3336ep | trunc=0%  swp=30.6±31.4  fid=0.0000  rew=+26.55
  ring_20q      3324ep | trunc=0%  swp=24.9±21.0  fid=0.0000  rew=+26.70
  grid_5x4_20q  3301ep | trunc=0%  swp=10.0±9.7  fid=0.0000  rew=+27.17
step=231424  rew=+54.514  swp=60.8  map=0.5  trunc=0%  pl=0.012  vl=0.453  ent=1.154  kl=0.0319  gn=1.664
  line_20q      3339ep | trunc=0%  swp=30.7±31.5  fid=0.0000  rew=+26.58
  ring_20q      3325ep | trunc=0%  swp=24.9±21.0  fid=0.0000  rew=+26.71
  grid_5x4_20q  3302ep | trunc=0%  swp=10.0±9.7  fid=0.0000  rew=+27.18
step=231680  rew=+56.198  swp=68.2  map=0.3  trunc=0%  pl=-0.005  vl=0.228  ent=1.534  kl=0.0359  gn=1.152
  line_20q      3343ep | trunc=0%  swp=30.7±31.6  fid=0.0000  rew=+26.61
  ring_20q      3325ep | trunc=0%  swp=24.9±21.0  fid=0.0000  rew=+26.71
  grid_5x4_20q  3302ep | trunc=0%  swp=10.0±9.7  fid=0.0000  rew=+27.18
step=231936  rew=+53.223  swp=58.8  map=0.1  trunc=0%  pl=0.008  vl=0.224  ent=1.277  kl=0.0750  gn=1.182
  line_20q      3345ep | trunc=0%  swp=30.8±31.6  fid=0.0000  rew=+26.63
  ring_20q      3326ep | trunc=0%  swp=24.9±21.0  fid=0.0000  rew=+26.71
  grid_5x4_20q  3306ep | trunc=0%  swp=10.1±9.7  fid=0.0000  rew=+27.20
step=232192  rew=+47.245  swp=41.6  map=0.3  trunc=0%  pl=-0.023  vl=0.370  ent=1.178  kl=0.0365  gn=1.282
  line_20q      3348ep | trunc=0%  swp=30.8±31.6  fid=0.0000  rew=+26.65
  ring_20q      3327ep | trunc=0%  swp=25.0±21.0  fid=0.0000  rew=+26.72
  grid_5x4_20q  3310ep | trunc=0%  swp=10.1±9.7  fid=0.0000  rew=+27.22
step=232448  rew=+46.835  swp=35.1  map=0.3  trunc=0%  pl=-0.028  vl=0.252  ent=1.292  kl=0.1363  gn=1.100
  line_20q      3351ep | trunc=0%  swp=30.8±31.6  fid=0.0000  rew=+26.67
  ring_20q      3328ep | trunc=0%  swp=25.0±21.0  fid=0.0000  rew=+26.73
  grid_5x4_20q  3312ep | trunc=0%  swp=10.1±9.7  fid=0.0000  rew=+27.23
step=232704  rew=+50.133  swp=38.2  map=0.3  trunc=0%  pl=-0.044  vl=0.215  ent=1.648  kl=0.1160  gn=1.010
  line_20q      3353ep | trunc=0%  swp=30.8±31.6  fid=0.0000  rew=+26.69
  ring_20q      3328ep | trunc=0%  swp=25.0±21.0  fid=0.0000  rew=+26.73
  grid_5x4_20q  3315ep | trunc=0%  swp=10.1±9.8  fid=0.0000  rew=+27.26
step=232960  rew=+48.519  swp=39.7  map=0.1  trunc=0%  pl=-0.012  vl=0.467  ent=1.301  kl=0.0588  gn=1.327
  line_20q      3356ep | trunc=0%  swp=30.8±31.6  fid=0.0000  rew=+26.69
  ring_20q      3331ep | trunc=0%  swp=25.0±21.0  fid=0.0000  rew=+26.76
  grid_5x4_20q  3316ep | trunc=0%  swp=10.1±9.8  fid=0.0000  rew=+27.26
step=233216  rew=+47.628  swp=28.9  map=0.3  trunc=0%  pl=-0.013  vl=0.549  ent=0.881  kl=0.0354  gn=1.231
  line_20q      3358ep | trunc=0%  swp=30.8±31.6  fid=0.0000  rew=+26.69
  ring_20q      3333ep | trunc=0%  swp=25.0±21.0  fid=0.0000  rew=+26.77
  grid_5x4_20q  3324ep | trunc=0%  swp=10.1±9.8  fid=0.0000  rew=+27.32
step=233472  rew=+48.716  swp=29.5  map=0.4  trunc=0%  pl=-0.002  vl=0.317  ent=1.556  kl=0.1287  gn=1.219
  line_20q      3360ep | trunc=0%  swp=30.8±31.7  fid=0.0000  rew=+26.71
  ring_20q      3334ep | trunc=0%  swp=25.0±21.0  fid=0.0000  rew=+26.79
  grid_5x4_20q  3326ep | trunc=0%  swp=10.1±9.8  fid=0.0000  rew=+27.33
step=233728  rew=+53.462  swp=35.1  map=0.3  trunc=0%  pl=-0.016  vl=0.596  ent=1.303  kl=0.0554  gn=1.402
  line_20q      3361ep | trunc=0%  swp=30.8±31.7  fid=0.0000  rew=+26.71
  ring_20q      3338ep | trunc=0%  swp=25.1±21.1  fid=0.0000  rew=+26.82
  grid_5x4_20q  3326ep | trunc=0%  swp=10.1±9.8  fid=0.0000  rew=+27.33
step=233984  rew=+53.714  swp=42.7  map=0.3  trunc=0%  pl=-0.012  vl=0.123  ent=1.311  kl=0.0350  gn=0.806
  line_20q      3362ep | trunc=0%  swp=30.8±31.7  fid=0.0000  rew=+26.73
  ring_20q      3341ep | trunc=0%  swp=25.1±21.0  fid=0.0000  rew=+26.83
  grid_5x4_20q  3328ep | trunc=0%  swp=10.1±9.8  fid=0.0000  rew=+27.34
step=234240  rew=+52.683  swp=43.9  map=0.2  trunc=0%  pl=0.012  vl=0.461  ent=1.096  kl=0.0411  gn=1.602
  line_20q      3364ep | trunc=0%  swp=30.8±31.7  fid=0.0000  rew=+26.73
  ring_20q      3343ep | trunc=0%  swp=25.1±21.1  fid=0.0000  rew=+26.85
  grid_5x4_20q  3331ep | trunc=0%  swp=10.1±9.8  fid=0.0000  rew=+27.38
step=234496  rew=+52.495  swp=39.9  map=0.2  trunc=0%  pl=-0.007  vl=0.382  ent=1.400  kl=0.1096  gn=1.262
  line_20q      3366ep | trunc=0%  swp=30.9±31.7  fid=0.0000  rew=+26.75
  ring_20q      3344ep | trunc=0%  swp=25.1±21.1  fid=0.0000  rew=+26.85
  grid_5x4_20q  3333ep | trunc=0%  swp=10.1±9.8  fid=0.0000  rew=+27.40
step=234752  rew=+53.768  swp=47.7  map=0.3  trunc=0%  pl=-0.013  vl=0.346  ent=1.668  kl=0.0710  gn=1.146
  line_20q      3368ep | trunc=0%  swp=30.9±31.8  fid=0.0000  rew=+26.78
  ring_20q      3345ep | trunc=0%  swp=25.1±21.1  fid=0.0000  rew=+26.85
  grid_5x4_20q  3334ep | trunc=0%  swp=10.1±9.8  fid=0.0000  rew=+27.40
step=235008  rew=+50.688  swp=44.1  map=0.7  trunc=0%  pl=-0.002  vl=0.202  ent=1.651  kl=0.0519  gn=1.172
  line_20q      3372ep | trunc=0%  swp=31.0±31.8  fid=0.0000  rew=+26.80
  ring_20q      3345ep | trunc=0%  swp=25.1±21.1  fid=0.0000  rew=+26.85
  grid_5x4_20q  3336ep | trunc=0%  swp=10.1±9.8  fid=0.0000  rew=+27.41
step=235264  rew=+54.082  swp=51.8  map=0.9  trunc=0%  pl=-0.002  vl=0.430  ent=1.707  kl=0.0375  gn=1.427
  line_20q      3374ep | trunc=0%  swp=31.0±31.9  fid=0.0000  rew=+26.83
  ring_20q      3345ep | trunc=0%  swp=25.1±21.1  fid=0.0000  rew=+26.85
  grid_5x4_20q  3337ep | trunc=0%  swp=10.1±9.8  fid=0.0000  rew=+27.41
step=235520  rew=+52.123  swp=58.0  map=0.9  trunc=0%  pl=-0.006  vl=0.225  ent=1.383  kl=0.0818  gn=1.049
  line_20q      3377ep | trunc=0%  swp=31.0±32.0  fid=0.0000  rew=+26.86
  ring_20q      3346ep | trunc=0%  swp=25.1±21.1  fid=0.0000  rew=+26.86
  grid_5x4_20q  3339ep | trunc=0%  swp=10.1±9.8  fid=0.0000  rew=+27.41
step=235776  rew=+50.606  swp=48.0  map=1.1  trunc=0%  pl=0.005  vl=0.383  ent=1.293  kl=0.0338  gn=1.144
  line_20q      3377ep | trunc=0%  swp=31.0±32.0  fid=0.0000  rew=+26.86
  ring_20q      3350ep | trunc=0%  swp=25.1±21.1  fid=0.0000  rew=+26.91
  grid_5x4_20q  3340ep | trunc=0%  swp=10.1±9.8  fid=0.0000  rew=+27.41
step=236032  rew=+50.215  swp=33.9  map=1.4  trunc=0%  pl=0.024  vl=1.180  ent=0.668  kl=0.0473  gn=2.360
  line_20q      3380ep | trunc=0%  swp=31.0±32.0  fid=0.0000  rew=+26.87
  ring_20q      3353ep | trunc=0%  swp=25.1±21.1  fid=0.0000  rew=+26.92
  grid_5x4_20q  3345ep | trunc=0%  swp=10.1±9.8  fid=0.0000  rew=+27.45
step=236288  rew=+54.294  swp=35.1  map=1.2  trunc=0%  pl=0.003  vl=0.441  ent=1.290  kl=0.0359  gn=1.516
  line_20q      3381ep | trunc=0%  swp=31.1±32.0  fid=0.0000  rew=+26.89
  ring_20q      3354ep | trunc=0%  swp=25.1±21.1  fid=0.0000  rew=+26.92
  grid_5x4_20q  3348ep | trunc=0%  swp=10.1±9.8  fid=0.0000  rew=+27.50
step=236544  rew=+53.592  swp=33.4  map=0.8  trunc=0%  pl=-0.004  vl=0.224  ent=1.206  kl=0.0596  gn=1.254
  line_20q      3381ep | trunc=0%  swp=31.1±32.0  fid=0.0000  rew=+26.89
  ring_20q      3359ep | trunc=0%  swp=25.2±21.1  fid=0.0000  rew=+26.96
  grid_5x4_20q  3350ep | trunc=0%  swp=10.1±9.8  fid=0.0000  rew=+27.50
step=236800  rew=+51.002  swp=34.4  map=0.4  trunc=0%  pl=-0.016  vl=0.419  ent=0.766  kl=0.0614  gn=1.538
  line_20q      3385ep | trunc=0%  swp=31.0±32.0  fid=0.0000  rew=+26.90
  ring_20q      3363ep | trunc=0%  swp=25.2±21.1  fid=0.0000  rew=+26.97
  grid_5x4_20q  3352ep | trunc=0%  swp=10.2±9.8  fid=0.0000  rew=+27.53
step=237056  rew=+44.884  swp=29.4  map=0.5  trunc=0%  pl=0.005  vl=0.430  ent=1.472  kl=0.1945  gn=1.394
  line_20q      3387ep | trunc=0%  swp=31.1±32.0  fid=0.0000  rew=+26.91
  ring_20q      3364ep | trunc=0%  swp=25.2±21.1  fid=0.0000  rew=+26.97
  grid_5x4_20q  3354ep | trunc=0%  swp=10.2±9.8  fid=0.0000  rew=+27.53
step=237312  rew=+40.774  swp=30.1  map=1.2  trunc=0%  pl=0.013  vl=0.268  ent=1.051  kl=0.1767  gn=1.172
  line_20q      3390ep | trunc=0%  swp=31.1±32.1  fid=0.0000  rew=+26.93
  ring_20q      3367ep | trunc=0%  swp=25.2±21.1  fid=0.0000  rew=+26.97
  grid_5x4_20q  3356ep | trunc=0%  swp=10.2±9.8  fid=0.0000  rew=+27.55
step=237568  rew=+45.176  swp=42.6  map=1.2  trunc=0%  pl=0.036  vl=0.963  ent=1.806  kl=0.0678  gn=1.684
  line_20q      3391ep | trunc=0%  swp=31.1±32.3  fid=0.0000  rew=+26.94
  ring_20q      3368ep | trunc=0%  swp=25.2±21.1  fid=0.0000  rew=+26.98
  grid_5x4_20q  3356ep | trunc=0%  swp=10.2±9.8  fid=0.0000  rew=+27.55
step=237824  rew=+43.260  swp=47.1  map=1.2  trunc=0%  pl=0.010  vl=0.798  ent=1.217  kl=0.1286  gn=1.259
  line_20q      3395ep | trunc=0%  swp=31.2±32.3  fid=0.0000  rew=+26.96
  ring_20q      3369ep | trunc=0%  swp=25.2±21.1  fid=0.0000  rew=+26.99
  grid_5x4_20q  3356ep | trunc=0%  swp=10.2±9.8  fid=0.0000  rew=+27.55
step=238080  rew=+46.088  swp=42.9  map=1.4  trunc=0%  pl=0.014  vl=0.391  ent=1.042  kl=0.0768  gn=1.582
  line_20q      3396ep | trunc=0%  swp=31.1±32.2  fid=0.0000  rew=+26.95
  ring_20q      3374ep | trunc=0%  swp=25.2±21.2  fid=0.0000  rew=+27.03
  grid_5x4_20q  3358ep | trunc=0%  swp=10.2±9.8  fid=0.0000  rew=+27.56
step=238336  rew=+48.016  swp=32.5  map=1.2  trunc=0%  pl=0.027  vl=0.241  ent=0.973  kl=0.1327  gn=1.665
  line_20q      3397ep | trunc=0%  swp=31.1±32.2  fid=0.0000  rew=+26.96
  ring_20q      3379ep | trunc=0%  swp=25.2±21.2  fid=0.0000  rew=+27.07
  grid_5x4_20q  3361ep | trunc=0%  swp=10.2±9.8  fid=0.0000  rew=+27.57
step=238592  rew=+48.909  swp=37.9  map=1.2  trunc=0%  pl=0.023  vl=0.626  ent=1.566  kl=0.0656  gn=1.586
  line_20q      3399ep | trunc=0%  swp=31.2±32.3  fid=0.0000  rew=+26.98
  ring_20q      3380ep | trunc=0%  swp=25.2±21.2  fid=0.0000  rew=+27.07
  grid_5x4_20q  3361ep | trunc=0%  swp=10.2±9.8  fid=0.0000  rew=+27.57
step=238848  rew=+50.545  swp=37.4  map=1.5  trunc=0%  pl=0.017  vl=0.218  ent=1.433  kl=0.0685  gn=1.443
  line_20q      3400ep | trunc=0%  swp=31.2±32.3  fid=0.0000  rew=+26.98
  ring_20q      3381ep | trunc=0%  swp=25.3±21.2  fid=0.0000  rew=+27.09
  grid_5x4_20q  3364ep | trunc=0%  swp=10.2±9.8  fid=0.0000  rew=+27.60
step=239104  rew=+52.955  swp=40.5  map=1.6  trunc=0%  pl=-0.034  vl=0.163  ent=1.420  kl=0.1795  gn=1.211
  line_20q      3403ep | trunc=0%  swp=31.2±32.4  fid=0.0000  rew=+27.00
  ring_20q      3381ep | trunc=0%  swp=25.3±21.2  fid=0.0000  rew=+27.09
  grid_5x4_20q  3367ep | trunc=0%  swp=10.2±9.8  fid=0.0000  rew=+27.63
step=239360  rew=+55.765  swp=48.1  map=1.4  trunc=0%  pl=-0.008  vl=0.642  ent=1.859  kl=0.1303  gn=1.469
  line_20q      3404ep | trunc=0%  swp=31.3±32.4  fid=0.0000  rew=+27.01
  ring_20q      3381ep | trunc=0%  swp=25.3±21.2  fid=0.0000  rew=+27.09
  grid_5x4_20q  3368ep | trunc=0%  swp=10.2±9.8  fid=0.0000  rew=+27.64
step=239616  rew=+61.124  swp=61.4  map=1.3  trunc=0%  pl=0.016  vl=0.206  ent=1.834  kl=0.1340  gn=1.267
  line_20q      3405ep | trunc=0%  swp=31.3±32.6  fid=0.0000  rew=+27.03
  ring_20q      3382ep | trunc=0%  swp=25.3±21.2  fid=0.0000  rew=+27.10
  grid_5x4_20q  3369ep | trunc=0%  swp=10.2±9.8  fid=0.0000  rew=+27.66
step=239872  rew=+55.726  swp=46.7  map=1.1  trunc=0%  pl=-0.016  vl=0.369  ent=1.085  kl=0.0701  gn=1.468
  line_20q      3405ep | trunc=0%  swp=31.3±32.6  fid=0.0000  rew=+27.03
  ring_20q      3386ep | trunc=0%  swp=25.3±21.3  fid=0.0000  rew=+27.12
  grid_5x4_20q  3375ep | trunc=0%  swp=10.2±9.8  fid=0.0000  rew=+27.69
step=240128  rew=+55.917  swp=49.3  map=1.0  trunc=0%  pl=-0.047  vl=0.303  ent=1.617  kl=0.1887  gn=0.919
  line_20q      3407ep | trunc=0%  swp=31.3±32.6  fid=0.0000  rew=+27.05
  ring_20q      3386ep | trunc=0%  swp=25.3±21.3  fid=0.0000  rew=+27.12
  grid_5x4_20q  3378ep | trunc=0%  swp=10.2±9.8  fid=0.0000  rew=+27.71
step=240384  rew=+55.534  swp=41.8  map=0.9  trunc=0%  pl=-0.006  vl=0.252  ent=1.795  kl=0.1281  gn=1.414
  line_20q      3408ep | trunc=0%  swp=31.4±32.6  fid=0.0000  rew=+27.06
  ring_20q      3387ep | trunc=0%  swp=25.3±21.3  fid=0.0000  rew=+27.14
  grid_5x4_20q  3379ep | trunc=0%  swp=10.2±9.8  fid=0.0000  rew=+27.73
step=240640  rew=+54.513  swp=43.0  map=0.8  trunc=0%  pl=-0.008  vl=0.348  ent=1.561  kl=0.0931  gn=1.258
  line_20q      3410ep | trunc=0%  swp=31.4±32.7  fid=0.0000  rew=+27.09
  ring_20q      3388ep | trunc=0%  swp=25.3±21.3  fid=0.0000  rew=+27.14
  grid_5x4_20q  3380ep | trunc=0%  swp=10.2±9.8  fid=0.0000  rew=+27.74
step=240896  rew=+57.167  swp=51.5  map=0.7  trunc=0%  pl=-0.007  vl=0.135  ent=1.503  kl=0.0379  gn=1.291
  line_20q      3412ep | trunc=0%  swp=31.4±32.7  fid=0.0000  rew=+27.10
  ring_20q      3389ep | trunc=0%  swp=25.3±21.3  fid=0.0000  rew=+27.15
  grid_5x4_20q  3383ep | trunc=0%  swp=10.2±9.8  fid=0.0000  rew=+27.77
step=241152  rew=+52.112  swp=41.1  map=0.6  trunc=0%  pl=-0.007  vl=0.133  ent=1.533  kl=0.0237  gn=0.858
  line_20q      3413ep | trunc=0%  swp=31.4±32.7  fid=0.0000  rew=+27.10
  ring_20q      3394ep | trunc=0%  swp=25.3±21.3  fid=0.0000  rew=+27.16
  grid_5x4_20q  3385ep | trunc=0%  swp=10.2±9.8  fid=0.0000  rew=+27.78
step=241408  rew=+48.347  swp=35.0  map=0.6  trunc=0%  pl=0.015  vl=0.165  ent=1.610  kl=0.0417  gn=0.995
  line_20q      3414ep | trunc=0%  swp=31.5±32.8  fid=0.0000  rew=+27.12
  ring_20q      3395ep | trunc=0%  swp=25.3±21.3  fid=0.0000  rew=+27.16
  grid_5x4_20q  3389ep | trunc=0%  swp=10.2±9.8  fid=0.0000  rew=+27.81
step=241664  rew=+48.542  swp=35.6  map=0.5  trunc=0%  pl=-0.013  vl=0.421  ent=1.490  kl=0.0453  gn=1.153
  line_20q      3415ep | trunc=0%  swp=31.5±32.8  fid=0.0000  rew=+27.13
  ring_20q      3400ep | trunc=0%  swp=25.4±21.4  fid=0.0000  rew=+27.20
  grid_5x4_20q  3390ep | trunc=0%  swp=10.2±9.8  fid=0.0000  rew=+27.81
step=241920  rew=+48.132  swp=33.6  map=0.5  trunc=0%  pl=0.002  vl=0.240  ent=1.250  kl=0.0502  gn=1.196
  line_20q      3417ep | trunc=0%  swp=31.5±32.8  fid=0.0000  rew=+27.14
  ring_20q      3403ep | trunc=0%  swp=25.4±21.4  fid=0.0000  rew=+27.21
  grid_5x4_20q  3393ep | trunc=0%  swp=10.2±9.8  fid=0.0000  rew=+27.83
step=242176  rew=+45.114  swp=32.7  map=0.6  trunc=0%  pl=-0.024  vl=0.325  ent=1.369  kl=0.0596  gn=1.036
  line_20q      3419ep | trunc=0%  swp=31.5±32.8  fid=0.0000  rew=+27.14
  ring_20q      3406ep | trunc=0%  swp=25.4±21.4  fid=0.0000  rew=+27.24
  grid_5x4_20q  3395ep | trunc=0%  swp=10.2±9.8  fid=0.0000  rew=+27.83
step=242432  rew=+42.953  swp=32.9  map=0.6  trunc=0%  pl=-0.017  vl=0.315  ent=1.764  kl=0.0311  gn=1.061
  line_20q      3420ep | trunc=0%  swp=31.5±32.8  fid=0.0000  rew=+27.14
  ring_20q      3408ep | trunc=0%  swp=25.4±21.4  fid=0.0000  rew=+27.25
  grid_5x4_20q  3395ep | trunc=0%  swp=10.2±9.8  fid=0.0000  rew=+27.83
step=242688  rew=+42.753  swp=38.0  map=0.5  trunc=0%  pl=-0.031  vl=0.451  ent=1.446  kl=0.0382  gn=0.933
  line_20q      3426ep | trunc=0%  swp=31.5±32.8  fid=0.0000  rew=+27.17
  ring_20q      3409ep | trunc=0%  swp=25.4±21.4  fid=0.0000  rew=+27.25
  grid_5x4_20q  3395ep | trunc=0%  swp=10.2±9.8  fid=0.0000  rew=+27.83
step=242944  rew=+44.914  swp=45.4  map=0.2  trunc=0%  pl=-0.022  vl=0.455  ent=1.416  kl=0.0462  gn=1.115
  line_20q      3430ep | trunc=0%  swp=31.5±32.8  fid=0.0000  rew=+27.20
  ring_20q      3410ep | trunc=0%  swp=25.4±21.4  fid=0.0000  rew=+27.27
  grid_5x4_20q  3395ep | trunc=0%  swp=10.2±9.8  fid=0.0000  rew=+27.83
step=243200  rew=+51.615  swp=30.9  map=0.3  trunc=0%  pl=0.016  vl=0.914  ent=1.089  kl=0.0503  gn=2.232
  line_20q      3433ep | trunc=0%  swp=31.5±32.8  fid=0.0000  rew=+27.22
  ring_20q      3411ep | trunc=0%  swp=25.4±21.4  fid=0.0000  rew=+27.27
  grid_5x4_20q  3403ep | trunc=0%  swp=10.2±9.8  fid=0.0000  rew=+27.90
step=243456  rew=+49.025  swp=21.9  map=0.6  trunc=0%  pl=-0.034  vl=0.264  ent=1.317  kl=0.1053  gn=0.897
  line_20q      3436ep | trunc=0%  swp=31.5±32.8  fid=0.0000  rew=+27.22
  ring_20q      3413ep | trunc=0%  swp=25.5±21.4  fid=0.0000  rew=+27.28
  grid_5x4_20q  3408ep | trunc=0%  swp=10.2±9.9  fid=0.0000  rew=+27.94
step=243712  rew=+46.831  swp=28.2  map=0.4  trunc=0%  pl=-0.035  vl=0.586  ent=1.403  kl=0.4689  gn=1.385
  line_20q      3440ep | trunc=0%  swp=31.6±32.8  fid=0.0000  rew=+27.24
  ring_20q      3414ep | trunc=0%  swp=25.5±21.4  fid=0.0000  rew=+27.29
  grid_5x4_20q  3408ep | trunc=0%  swp=10.2±9.9  fid=0.0000  rew=+27.94
step=243968  rew=+46.515  swp=30.3  map=0.5  trunc=0%  pl=-0.002  vl=0.325  ent=1.417  kl=0.0321  gn=1.075
  line_20q      3442ep | trunc=0%  swp=31.6±32.8  fid=0.0000  rew=+27.25
  ring_20q      3417ep | trunc=0%  swp=25.5±21.4  fid=0.0000  rew=+27.31
  grid_5x4_20q  3411ep | trunc=0%  swp=10.2±9.8  fid=0.0000  rew=+27.95
step=244224  rew=+47.386  swp=34.9  map=0.6  trunc=0%  pl=-0.052  vl=0.347  ent=1.612  kl=0.0697  gn=1.035
  line_20q      3445ep | trunc=0%  swp=31.6±32.8  fid=0.0000  rew=+27.28
  ring_20q      3419ep | trunc=0%  swp=25.5±21.4  fid=0.0000  rew=+27.32
  grid_5x4_20q  3412ep | trunc=0%  swp=10.2±9.8  fid=0.0000  rew=+27.96
step=244480  rew=+52.904  swp=39.5  map=0.5  trunc=0%  pl=-0.001  vl=0.420  ent=1.758  kl=0.0334  gn=1.416
  line_20q      3446ep | trunc=0%  swp=31.6±32.8  fid=0.0000  rew=+27.28
  ring_20q      3420ep | trunc=0%  swp=25.5±21.4  fid=0.0000  rew=+27.33
  grid_5x4_20q  3415ep | trunc=0%  swp=10.3±9.9  fid=0.0000  rew=+28.00
step=244736  rew=+50.654  swp=36.0  map=0.3  trunc=0%  pl=0.007  vl=0.153  ent=1.381  kl=0.0276  gn=1.096
  line_20q      3448ep | trunc=0%  swp=31.6±32.8  fid=0.0000  rew=+27.29
  ring_20q      3422ep | trunc=0%  swp=25.5±21.5  fid=0.0000  rew=+27.34
  grid_5x4_20q  3418ep | trunc=0%  swp=10.3±9.9  fid=0.0000  rew=+28.01
step=244992  rew=+53.111  swp=45.5  map=0.1  trunc=0%  pl=0.001  vl=0.340  ent=1.475  kl=0.0332  gn=1.239
  line_20q      3450ep | trunc=0%  swp=31.6±32.8  fid=0.0000  rew=+27.31
  ring_20q      3424ep | trunc=0%  swp=25.5±21.5  fid=0.0000  rew=+27.36
  grid_5x4_20q  3419ep | trunc=0%  swp=10.3±9.9  fid=0.0000  rew=+28.02
step=245248  rew=+58.262  swp=50.6  map=0.1  trunc=0%  pl=-0.010  vl=0.294  ent=1.822  kl=0.0368  gn=1.116
  line_20q      3450ep | trunc=0%  swp=31.6±32.8  fid=0.0000  rew=+27.31
  ring_20q      3426ep | trunc=0%  swp=25.6±21.5  fid=0.0000  rew=+27.39
  grid_5x4_20q  3420ep | trunc=0%  swp=10.3±9.9  fid=0.0000  rew=+28.03
step=245504  rew=+56.262  swp=42.5  map=0.5  trunc=0%  pl=-0.001  vl=0.545  ent=1.194  kl=0.0601  gn=1.441
  line_20q      3450ep | trunc=0%  swp=31.6±32.8  fid=0.0000  rew=+27.31
  ring_20q      3431ep | trunc=0%  swp=25.6±21.6  fid=0.0000  rew=+27.43
  grid_5x4_20q  3425ep | trunc=0%  swp=10.3±9.9  fid=0.0000  rew=+28.07
step=245760  rew=+57.172  swp=39.9  map=0.6  trunc=0%  pl=0.014  vl=0.510  ent=1.606  kl=0.0408  gn=1.355
  line_20q      3451ep | trunc=0%  swp=31.6±32.8  fid=0.0000  rew=+27.32
  ring_20q      3434ep | trunc=0%  swp=25.6±21.6  fid=0.0000  rew=+27.45
  grid_5x4_20q  3426ep | trunc=0%  swp=10.3±9.9  fid=0.0000  rew=+28.07
step=246016  rew=+57.556  swp=43.2  map=0.8  trunc=0%  pl=-0.024  vl=0.242  ent=1.870  kl=0.0377  gn=0.787
  line_20q      3452ep | trunc=0%  swp=31.7±33.0  fid=0.0000  rew=+27.34
  ring_20q      3435ep | trunc=0%  swp=25.6±21.6  fid=0.0000  rew=+27.45
  grid_5x4_20q  3427ep | trunc=0%  swp=10.3±9.9  fid=0.0000  rew=+28.08
step=246272  rew=+55.957  swp=44.6  map=0.6  trunc=0%  pl=0.008  vl=0.706  ent=1.540  kl=0.0335  gn=1.306
  line_20q      3454ep | trunc=0%  swp=31.7±33.0  fid=0.0000  rew=+27.36
  ring_20q      3437ep | trunc=0%  swp=25.6±21.6  fid=0.0000  rew=+27.47
  grid_5x4_20q  3429ep | trunc=0%  swp=10.3±9.9  fid=0.0000  rew=+28.09
step=246528  rew=+56.656  swp=46.0  map=0.3  trunc=0%  pl=-0.010  vl=0.428  ent=1.620  kl=0.0407  gn=1.206
  line_20q      3455ep | trunc=0%  swp=31.7±33.0  fid=0.0000  rew=+27.37
  ring_20q      3439ep | trunc=0%  swp=25.6±21.6  fid=0.0000  rew=+27.47
  grid_5x4_20q  3432ep | trunc=0%  swp=10.3±9.9  fid=0.0000  rew=+28.13
step=246784  rew=+54.517  swp=41.5  map=0.2  trunc=0%  pl=-0.049  vl=0.327  ent=1.470  kl=0.1124  gn=1.009
  line_20q      3457ep | trunc=0%  swp=31.7±33.0  fid=0.0000  rew=+27.38
  ring_20q      3441ep | trunc=0%  swp=25.7±21.7  fid=0.0000  rew=+27.50
  grid_5x4_20q  3435ep | trunc=0%  swp=10.3±9.9  fid=0.0000  rew=+28.14
step=247040  rew=+51.050  swp=38.6  map=0.2  trunc=0%  pl=-0.010  vl=0.345  ent=1.500  kl=0.1019  gn=1.245
  line_20q      3458ep | trunc=0%  swp=31.7±33.0  fid=0.0000  rew=+27.38
  ring_20q      3443ep | trunc=0%  swp=25.7±21.7  fid=0.0000  rew=+27.52
  grid_5x4_20q  3437ep | trunc=0%  swp=10.3±9.9  fid=0.0000  rew=+28.16
step=247296  rew=+45.747  swp=28.1  map=0.5  trunc=0%  pl=-0.012  vl=0.271  ent=1.055  kl=0.0568  gn=1.266
  line_20q      3461ep | trunc=0%  swp=31.7±33.0  fid=0.0000  rew=+27.38
  ring_20q      3447ep | trunc=0%  swp=25.7±21.7  fid=0.0000  rew=+27.54
  grid_5x4_20q  3440ep | trunc=0%  swp=10.3±9.9  fid=0.0000  rew=+28.18
step=247552  rew=+45.291  swp=33.4  map=0.3  trunc=0%  pl=0.007  vl=0.607  ent=1.432  kl=0.1013  gn=1.451
  line_20q      3464ep | trunc=0%  swp=31.7±33.0  fid=0.0000  rew=+27.39
  ring_20q      3449ep | trunc=0%  swp=25.7±21.7  fid=0.0000  rew=+27.55
  grid_5x4_20q  3441ep | trunc=0%  swp=10.3±9.9  fid=0.0000  rew=+28.19
step=247808  rew=+40.403  swp=30.9  map=0.6  trunc=0%  pl=-0.026  vl=0.132  ent=1.167  kl=0.0277  gn=0.862
  line_20q      3469ep | trunc=0%  swp=31.7±33.0  fid=0.0000  rew=+27.41
  ring_20q      3450ep | trunc=0%  swp=25.7±21.7  fid=0.0000  rew=+27.55
  grid_5x4_20q  3442ep | trunc=0%  swp=10.3±9.9  fid=0.0000  rew=+28.20
step=248064  rew=+44.966  swp=40.8  map=0.8  trunc=0%  pl=-0.013  vl=0.258  ent=1.526  kl=0.0298  gn=0.977
  line_20q      3470ep | trunc=0%  swp=31.8±33.1  fid=0.0000  rew=+27.43
  ring_20q      3453ep | trunc=0%  swp=25.7±21.7  fid=0.0000  rew=+27.57
  grid_5x4_20q  3443ep | trunc=0%  swp=10.3±9.9  fid=0.0000  rew=+28.20
step=248320  rew=+44.840  swp=29.4  map=0.9  trunc=0%  pl=0.003  vl=0.495  ent=0.937  kl=0.0297  gn=1.075
  line_20q      3471ep | trunc=0%  swp=31.8±33.1  fid=0.0000  rew=+27.43
  ring_20q      3458ep | trunc=0%  swp=25.7±21.7  fid=0.0000  rew=+27.60
  grid_5x4_20q  3446ep | trunc=0%  swp=10.3±9.9  fid=0.0000  rew=+28.21
step=248576  rew=+49.044  swp=38.1  map=0.8  trunc=0%  pl=0.007  vl=0.430  ent=1.373  kl=0.0378  gn=1.375
  line_20q      3472ep | trunc=0%  swp=31.7±33.1  fid=0.0000  rew=+27.43
  ring_20q      3461ep | trunc=0%  swp=25.8±21.8  fid=0.0000  rew=+27.63
  grid_5x4_20q  3447ep | trunc=0%  swp=10.3±9.9  fid=0.0000  rew=+28.22
step=248832  rew=+46.771  swp=30.6  map=1.1  trunc=0%  pl=-0.024  vl=0.229  ent=0.997  kl=0.0350  gn=1.299
  line_20q      3475ep | trunc=0%  swp=31.8±33.1  fid=0.0000  rew=+27.45
  ring_20q      3462ep | trunc=0%  swp=25.8±21.8  fid=0.0000  rew=+27.62
  grid_5x4_20q  3452ep | trunc=0%  swp=10.3±9.9  fid=0.0000  rew=+28.25
step=249088  rew=+47.053  swp=31.4  map=0.9  trunc=0%  pl=-0.018  vl=0.399  ent=1.256  kl=0.1609  gn=1.479
  line_20q      3478ep | trunc=0%  swp=31.8±33.1  fid=0.0000  rew=+27.47
  ring_20q      3464ep | trunc=0%  swp=25.8±21.8  fid=0.0000  rew=+27.64
  grid_5x4_20q  3454ep | trunc=0%  swp=10.3±9.9  fid=0.0000  rew=+28.26
step=249344  rew=+45.540  swp=27.1  map=0.9  trunc=0%  pl=-0.028  vl=0.162  ent=1.337  kl=0.0551  gn=0.976
  line_20q      3479ep | trunc=0%  swp=31.8±33.0  fid=0.0000  rew=+27.47
  ring_20q      3468ep | trunc=0%  swp=25.8±21.8  fid=0.0000  rew=+27.65
  grid_5x4_20q  3457ep | trunc=0%  swp=10.4±9.9  fid=0.0000  rew=+28.28
step=249600  rew=+48.424  swp=27.4  map=1.1  trunc=0%  pl=-0.008  vl=0.152  ent=1.358  kl=0.0288  gn=1.039
  line_20q      3483ep | trunc=0%  swp=31.8±33.1  fid=0.0000  rew=+27.50
  ring_20q      3469ep | trunc=0%  swp=25.8±21.8  fid=0.0000  rew=+27.64
  grid_5x4_20q  3461ep | trunc=0%  swp=10.4±9.9  fid=0.0000  rew=+28.33
step=249856  rew=+51.556  swp=32.0  map=0.8  trunc=0%  pl=-0.006  vl=0.417  ent=1.271  kl=0.0652  gn=1.092
  line_20q      3487ep | trunc=0%  swp=31.8±33.1  fid=0.0000  rew=+27.51
  ring_20q      3470ep | trunc=0%  swp=25.8±21.8  fid=0.0000  rew=+27.66
  grid_5x4_20q  3462ep | trunc=0%  swp=10.4±9.9  fid=0.0000  rew=+28.33
step=250112  rew=+53.444  swp=35.7  map=0.8  trunc=0%  pl=0.018  vl=0.563  ent=1.713  kl=0.0630  gn=1.571
  line_20q      3489ep | trunc=0%  swp=31.8±33.1  fid=0.0000  rew=+27.53
  ring_20q      3471ep | trunc=0%  swp=25.8±21.8  fid=0.0000  rew=+27.67
  grid_5x4_20q  3462ep | trunc=0%  swp=10.4±9.9  fid=0.0000  rew=+28.33
step=250368  rew=+55.882  swp=44.5  map=0.8  trunc=0%  pl=-0.022  vl=0.366  ent=1.374  kl=0.0294  gn=1.188
  line_20q      3492ep | trunc=0%  swp=31.9±33.1  fid=0.0000  rew=+27.57
  ring_20q      3472ep | trunc=0%  swp=25.8±21.8  fid=0.0000  rew=+27.67
  grid_5x4_20q  3463ep | trunc=0%  swp=10.4±10.0  fid=0.0000  rew=+28.34
step=250624  rew=+50.464  swp=49.5  map=0.5  trunc=0%  pl=0.007  vl=0.173  ent=1.240  kl=0.0557  gn=0.985
  line_20q      3495ep | trunc=0%  swp=31.9±33.2  fid=0.0000  rew=+27.60
  ring_20q      3474ep | trunc=0%  swp=25.8±21.8  fid=0.0000  rew=+27.67
  grid_5x4_20q  3464ep | trunc=0%  swp=10.4±9.9  fid=0.0000  rew=+28.34
step=250880  rew=+46.850  swp=44.1  map=0.7  trunc=0%  pl=0.017  vl=0.224  ent=1.087  kl=0.0489  gn=0.912
  line_20q      3498ep | trunc=0%  swp=31.9±33.2  fid=0.0000  rew=+27.61
  ring_20q      3478ep | trunc=0%  swp=25.8±21.8  fid=0.0000  rew=+27.68
  grid_5x4_20q  3466ep | trunc=0%  swp=10.4±9.9  fid=0.0000  rew=+28.35
step=251136  rew=+44.915  swp=33.2  map=0.6  trunc=0%  pl=-0.008  vl=0.185  ent=1.432  kl=0.0264  gn=1.001
  line_20q      3499ep | trunc=0%  swp=31.9±33.2  fid=0.0000  rew=+27.61
  ring_20q      3480ep | trunc=0%  swp=25.8±21.8  fid=0.0000  rew=+27.70
  grid_5x4_20q  3469ep | trunc=0%  swp=10.4±10.0  fid=0.0000  rew=+28.36
step=251392  rew=+43.650  swp=26.1  map=0.8  trunc=0%  pl=0.007  vl=0.721  ent=0.757  kl=0.0314  gn=1.160
  line_20q      3504ep | trunc=0%  swp=31.9±33.1  fid=0.0000  rew=+27.63
  ring_20q      3484ep | trunc=0%  swp=25.8±21.8  fid=0.0000  rew=+27.73
  grid_5x4_20q  3470ep | trunc=0%  swp=10.4±10.0  fid=0.0000  rew=+28.36
step=251648  rew=+41.779  swp=26.4  map=0.9  trunc=0%  pl=-0.048  vl=0.220  ent=1.200  kl=0.0925  gn=0.833
  line_20q      3508ep | trunc=0%  swp=31.9±33.2  fid=0.0000  rew=+27.66
  ring_20q      3487ep | trunc=0%  swp=25.8±21.8  fid=0.0000  rew=+27.73
  grid_5x4_20q  3472ep | trunc=0%  swp=10.4±10.0  fid=0.0000  rew=+28.37
step=251904  rew=+42.589  swp=27.4  map=0.8  trunc=0%  pl=0.007  vl=0.345  ent=1.314  kl=0.0526  gn=1.404
  line_20q      3509ep | trunc=0%  swp=31.9±33.1  fid=0.0000  rew=+27.66
  ring_20q      3491ep | trunc=0%  swp=25.8±21.8  fid=0.0000  rew=+27.75
  grid_5x4_20q  3474ep | trunc=0%  swp=10.4±9.9  fid=0.0000  rew=+28.38
step=252160  rew=+48.341  swp=28.1  map=0.9  trunc=0%  pl=0.032  vl=0.494  ent=1.439  kl=0.1447  gn=1.704
  line_20q      3509ep | trunc=0%  swp=31.9±33.1  fid=0.0000  rew=+27.66
  ring_20q      3494ep | trunc=0%  swp=25.8±21.8  fid=0.0000  rew=+27.77
  grid_5x4_20q  3479ep | trunc=0%  swp=10.4±10.0  fid=0.0000  rew=+28.44
step=252416  rew=+52.586  swp=37.7  map=0.8  trunc=0%  pl=0.043  vl=1.384  ent=1.719  kl=0.1177  gn=2.311
  line_20q      3510ep | trunc=0%  swp=32.0±33.2  fid=0.0000  rew=+27.68
  ring_20q      3495ep | trunc=0%  swp=25.8±21.9  fid=0.0000  rew=+27.77
  grid_5x4_20q  3479ep | trunc=0%  swp=10.4±10.0  fid=0.0000  rew=+28.44
step=252672  rew=+54.718  swp=33.5  map=0.8  trunc=0%  pl=0.009  vl=0.574  ent=1.011  kl=0.0982  gn=1.708
  line_20q      3512ep | trunc=0%  swp=31.9±33.2  fid=0.0000  rew=+27.69
  ring_20q      3497ep | trunc=0%  swp=25.9±21.9  fid=0.0000  rew=+27.79
  grid_5x4_20q  3486ep | trunc=0%  swp=10.4±10.0  fid=0.0000  rew=+28.48
step=252928  rew=+56.332  swp=40.7  map=0.8  trunc=0%  pl=0.013  vl=0.535  ent=1.523  kl=0.0615  gn=1.850
  line_20q      3512ep | trunc=0%  swp=31.9±33.2  fid=0.0000  rew=+27.69
  ring_20q      3500ep | trunc=0%  swp=25.9±21.9  fid=0.0000  rew=+27.81
  grid_5x4_20q  3487ep | trunc=0%  swp=10.4±10.0  fid=0.0000  rew=+28.50
step=253184  rew=+51.424  swp=36.7  map=0.7  trunc=0%  pl=-0.015  vl=0.265  ent=1.517  kl=0.0295  gn=0.902
  line_20q      3514ep | trunc=0%  swp=32.0±33.3  fid=0.0000  rew=+27.71
  ring_20q      3500ep | trunc=0%  swp=25.9±21.9  fid=0.0000  rew=+27.81
  grid_5x4_20q  3490ep | trunc=0%  swp=10.4±10.0  fid=0.0000  rew=+28.51
step=253440  rew=+55.246  swp=46.4  map=0.6  trunc=0%  pl=0.009  vl=0.155  ent=1.514  kl=0.0550  gn=1.147
  line_20q      3516ep | trunc=0%  swp=32.0±33.4  fid=0.0000  rew=+27.72
  ring_20q      3501ep | trunc=0%  swp=25.9±21.9  fid=0.0000  rew=+27.83
  grid_5x4_20q  3491ep | trunc=0%  swp=10.4±10.0  fid=0.0000  rew=+28.51
step=253696  rew=+53.614  swp=46.1  map=0.7  trunc=0%  pl=0.009  vl=0.412  ent=1.120  kl=0.0712  gn=1.614
  line_20q      3518ep | trunc=0%  swp=32.0±33.3  fid=0.0000  rew=+27.72
  ring_20q      3504ep | trunc=0%  swp=25.9±21.9  fid=0.0000  rew=+27.84
  grid_5x4_20q  3494ep | trunc=0%  swp=10.4±10.0  fid=0.0000  rew=+28.55
step=253952  rew=+51.890  swp=38.1  map=1.2  trunc=0%  pl=0.000  vl=0.386  ent=1.578  kl=0.0488  gn=1.151
  line_20q      3520ep | trunc=0%  swp=32.0±33.3  fid=0.0000  rew=+27.73
  ring_20q      3505ep | trunc=0%  swp=26.0±22.0  fid=0.0000  rew=+27.86
  grid_5x4_20q  3495ep | trunc=0%  swp=10.4±10.0  fid=0.0000  rew=+28.56
step=254208  rew=+55.575  swp=49.5  map=1.2  trunc=0%  pl=-0.003  vl=0.316  ent=1.324  kl=0.0732  gn=1.058
  line_20q      3524ep | trunc=0%  swp=32.1±33.4  fid=0.0000  rew=+27.76
  ring_20q      3505ep | trunc=0%  swp=26.0±22.0  fid=0.0000  rew=+27.86
  grid_5x4_20q  3495ep | trunc=0%  swp=10.4±10.0  fid=0.0000  rew=+28.56
step=254464  rew=+50.093  swp=38.6  map=1.6  trunc=0%  pl=-0.025  vl=0.309  ent=0.869  kl=0.1036  gn=1.361
  line_20q      3526ep | trunc=0%  swp=32.1±33.4  fid=0.0000  rew=+27.77
  ring_20q      3508ep | trunc=0%  swp=25.9±22.0  fid=0.0000  rew=+27.87
  grid_5x4_20q  3499ep | trunc=0%  swp=10.4±10.0  fid=0.0000  rew=+28.59
step=254720  rew=+53.139  swp=44.2  map=1.6  trunc=0%  pl=0.032  vl=0.850  ent=1.655  kl=0.0667  gn=1.562
  line_20q      3526ep | trunc=0%  swp=32.1±33.4  fid=0.0000  rew=+27.77
  ring_20q      3510ep | trunc=0%  swp=26.0±22.0  fid=0.0000  rew=+27.89
  grid_5x4_20q  3499ep | trunc=0%  swp=10.4±10.0  fid=0.0000  rew=+28.59
step=254976  rew=+50.841  swp=36.1  map=1.8  trunc=0%  pl=-0.034  vl=0.338  ent=1.024  kl=0.1285  gn=1.093
  line_20q      3529ep | trunc=0%  swp=32.1±33.4  fid=0.0000  rew=+27.79
  ring_20q      3513ep | trunc=0%  swp=26.0±22.0  fid=0.0000  rew=+27.92
  grid_5x4_20q  3502ep | trunc=0%  swp=10.4±10.0  fid=0.0000  rew=+28.61
step=255232  rew=+55.362  swp=42.1  map=1.9  trunc=0%  pl=-0.017  vl=0.296  ent=1.353  kl=0.1161  gn=1.248
  line_20q      3531ep | trunc=0%  swp=32.1±33.4  fid=0.0000  rew=+27.80
  ring_20q      3514ep | trunc=0%  swp=26.0±22.1  fid=0.0000  rew=+27.92
  grid_5x4_20q  3504ep | trunc=0%  swp=10.5±10.0  fid=0.0000  rew=+28.63
step=255488  rew=+46.793  swp=33.0  map=1.5  trunc=0%  pl=0.013  vl=0.310  ent=1.230  kl=0.0645  gn=1.105
  line_20q      3533ep | trunc=0%  swp=32.1±33.4  fid=0.0000  rew=+27.82
  ring_20q      3517ep | trunc=0%  swp=26.0±22.1  fid=0.0000  rew=+27.94
  grid_5x4_20q  3508ep | trunc=0%  swp=10.5±10.0  fid=0.0000  rew=+28.63
step=255744  rew=+48.851  swp=37.2  map=1.4  trunc=0%  pl=0.006  vl=0.238  ent=1.671  kl=0.0485  gn=1.464
  line_20q      3535ep | trunc=0%  swp=32.1±33.4  fid=0.0000  rew=+27.82
  ring_20q      3518ep | trunc=0%  swp=26.0±22.1  fid=0.0000  rew=+27.94
  grid_5x4_20q  3509ep | trunc=0%  swp=10.5±10.0  fid=0.0000  rew=+28.65
step=256000  rew=+52.027  swp=48.7  map=1.3  trunc=0%  pl=-0.008  vl=0.693  ent=2.111  kl=0.0254  gn=1.243
  line_20q      3536ep | trunc=0%  swp=32.2±33.6  fid=0.0000  rew=+27.84
  ring_20q      3518ep | trunc=0%  swp=26.0±22.1  fid=0.0000  rew=+27.94
  grid_5x4_20q  3509ep | trunc=0%  swp=10.5±10.0  fid=0.0000  rew=+28.65
step=256256  rew=+51.169  swp=44.7  map=1.3  trunc=0%  pl=-0.025  vl=0.489  ent=1.108  kl=0.0545  gn=1.285
  line_20q      3539ep | trunc=0%  swp=32.2±33.6  fid=0.0000  rew=+27.85
  ring_20q      3521ep | trunc=0%  swp=26.0±22.1  fid=0.0000  rew=+27.97
  grid_5x4_20q  3512ep | trunc=0%  swp=10.5±10.0  fid=0.0000  rew=+28.68
step=256512  rew=+54.352  swp=55.6  map=1.2  trunc=0%  pl=0.012  vl=0.819  ent=1.792  kl=0.2402  gn=1.357
  line_20q      3541ep | trunc=0%  swp=32.2±33.7  fid=0.0000  rew=+27.87
  ring_20q      3521ep | trunc=0%  swp=26.0±22.1  fid=0.0000  rew=+27.97
  grid_5x4_20q  3512ep | trunc=0%  swp=10.5±10.0  fid=0.0000  rew=+28.68
step=256768  rew=+54.314  swp=53.2  map=1.5  trunc=0%  pl=-0.017  vl=0.280  ent=1.186  kl=0.2064  gn=1.156
  line_20q      3544ep | trunc=0%  swp=32.2±33.6  fid=0.0000  rew=+27.88
  ring_20q      3523ep | trunc=0%  swp=26.1±22.2  fid=0.0000  rew=+27.99
  grid_5x4_20q  3513ep | trunc=0%  swp=10.5±10.0  fid=0.0000  rew=+28.68
step=257024  rew=+50.027  swp=45.5  map=1.4  trunc=0%  pl=-0.030  vl=0.470  ent=1.540  kl=0.1441  gn=0.981
  line_20q      3545ep | trunc=0%  swp=32.2±33.7  fid=0.0000  rew=+27.88
  ring_20q      3526ep | trunc=0%  swp=26.1±22.2  fid=0.0000  rew=+28.03
  grid_5x4_20q  3514ep | trunc=0%  swp=10.5±10.0  fid=0.0000  rew=+28.68
step=257280  rew=+55.253  swp=53.1  map=1.6  trunc=0%  pl=-0.021  vl=0.132  ent=1.437  kl=0.1450  gn=1.208
  line_20q      3546ep | trunc=0%  swp=32.2±33.7  fid=0.0000  rew=+27.90
  ring_20q      3527ep | trunc=0%  swp=26.1±22.3  fid=0.0000  rew=+28.05
  grid_5x4_20q  3515ep | trunc=0%  swp=10.5±10.0  fid=0.0000  rew=+28.69
step=257536  rew=+55.197  swp=48.2  map=1.8  trunc=0%  pl=0.008  vl=0.475  ent=1.340  kl=0.0813  gn=0.988
  line_20q      3548ep | trunc=0%  swp=32.2±33.7  fid=0.0000  rew=+27.90
  ring_20q      3530ep | trunc=0%  swp=26.2±22.3  fid=0.0000  rew=+28.08
  grid_5x4_20q  3516ep | trunc=0%  swp=10.5±10.0  fid=0.0000  rew=+28.69
step=257792  rew=+57.069  swp=52.1  map=1.4  trunc=0%  pl=-0.005  vl=0.208  ent=1.243  kl=0.0630  gn=1.267
  line_20q      3550ep | trunc=0%  swp=32.3±33.7  fid=0.0000  rew=+27.91
  ring_20q      3531ep | trunc=0%  swp=26.2±22.3  fid=0.0000  rew=+28.09
  grid_5x4_20q  3519ep | trunc=0%  swp=10.5±10.0  fid=0.0000  rew=+28.71
step=258048  rew=+50.579  swp=35.5  map=0.9  trunc=0%  pl=0.001  vl=0.386  ent=0.769  kl=0.0503  gn=1.489
  line_20q      3551ep | trunc=0%  swp=32.3±33.7  fid=0.0000  rew=+27.92
  ring_20q      3535ep | trunc=0%  swp=26.2±22.3  fid=0.0000  rew=+28.10
  grid_5x4_20q  3524ep | trunc=0%  swp=10.5±10.0  fid=0.0000  rew=+28.74
step=258304  rew=+44.050  swp=23.8  map=0.9  trunc=0%  pl=-0.004  vl=0.213  ent=1.103  kl=0.0230  gn=1.149
  line_20q      3553ep | trunc=0%  swp=32.3±33.7  fid=0.0000  rew=+27.92
  ring_20q      3538ep | trunc=0%  swp=26.2±22.3  fid=0.0000  rew=+28.12
  grid_5x4_20q  3527ep | trunc=0%  swp=10.5±10.0  fid=0.0000  rew=+28.76
step=258560  rew=+41.637  swp=27.4  map=1.0  trunc=0%  pl=-0.021  vl=0.420  ent=1.473  kl=0.0383  gn=1.173
  line_20q      3556ep | trunc=0%  swp=32.3±33.7  fid=0.0000  rew=+27.93
  ring_20q      3540ep | trunc=0%  swp=26.2±22.3  fid=0.0000  rew=+28.12
  grid_5x4_20q  3528ep | trunc=0%  swp=10.5±10.0  fid=0.0000  rew=+28.76
step=258816  rew=+41.883  swp=34.0  map=0.8  trunc=0%  pl=-0.013  vl=0.556  ent=1.093  kl=0.0887  gn=1.276
  line_20q      3558ep | trunc=0%  swp=32.3±33.8  fid=0.0000  rew=+27.95
  ring_20q      3544ep | trunc=0%  swp=26.2±22.3  fid=0.0000  rew=+28.12
  grid_5x4_20q  3530ep | trunc=0%  swp=10.5±10.0  fid=0.0000  rew=+28.78
step=259072  rew=+47.855  swp=30.1  map=0.8  trunc=0%  pl=-0.013  vl=0.182  ent=1.309  kl=0.0385  gn=1.333
  line_20q      3559ep | trunc=0%  swp=32.3±33.8  fid=0.0000  rew=+27.95
  ring_20q      3546ep | trunc=0%  swp=26.2±22.3  fid=0.0000  rew=+28.12
  grid_5x4_20q  3534ep | trunc=0%  swp=10.5±10.1  fid=0.0000  rew=+28.84
step=259328  rew=+54.301  swp=32.3  map=0.6  trunc=0%  pl=-0.007  vl=0.215  ent=1.421  kl=0.0318  gn=0.985
  line_20q      3560ep | trunc=0%  swp=32.3±33.8  fid=0.0000  rew=+27.96
  ring_20q      3548ep | trunc=0%  swp=26.2±22.3  fid=0.0000  rew=+28.14
  grid_5x4_20q  3537ep | trunc=0%  swp=10.5±10.1  fid=0.0000  rew=+28.87
step=259584  rew=+50.213  swp=30.6  map=0.6  trunc=0%  pl=-0.021  vl=0.374  ent=1.198  kl=0.0418  gn=0.865
  line_20q      3563ep | trunc=0%  swp=32.3±33.8  fid=0.0000  rew=+27.97
  ring_20q      3550ep | trunc=0%  swp=26.2±22.3  fid=0.0000  rew=+28.16
  grid_5x4_20q  3541ep | trunc=0%  swp=10.5±10.1  fid=0.0000  rew=+28.88
step=259840  rew=+44.849  swp=24.0  map=0.7  trunc=0%  pl=-0.002  vl=0.248  ent=1.095  kl=0.0540  gn=1.147
  line_20q      3565ep | trunc=0%  swp=32.3±33.8  fid=0.0000  rew=+27.98
  ring_20q      3554ep | trunc=0%  swp=26.2±22.3  fid=0.0000  rew=+28.19
  grid_5x4_20q  3546ep | trunc=0%  swp=10.5±10.1  fid=0.0000  rew=+28.90
step=260096  rew=+45.107  swp=25.4  map=0.9  trunc=0%  pl=-0.024  vl=0.326  ent=1.055  kl=0.0501  gn=0.780
  line_20q      3567ep | trunc=0%  swp=32.3±33.7  fid=0.0000  rew=+27.98
  ring_20q      3559ep | trunc=0%  swp=26.3±22.3  fid=0.0000  rew=+28.21
  grid_5x4_20q  3548ep | trunc=0%  swp=10.5±10.1  fid=0.0000  rew=+28.91
step=260352  rew=+47.162  swp=27.4  map=0.9  trunc=0%  pl=0.014  vl=0.652  ent=1.606  kl=0.0924  gn=1.280
  line_20q      3567ep | trunc=0%  swp=32.3±33.7  fid=0.0000  rew=+27.98
  ring_20q      3561ep | trunc=0%  swp=26.3±22.4  fid=0.0000  rew=+28.24
  grid_5x4_20q  3549ep | trunc=0%  swp=10.5±10.1  fid=0.0000  rew=+28.92
step=260608  rew=+53.681  swp=36.3  map=0.9  trunc=0%  pl=0.021  vl=0.474  ent=1.454  kl=0.0470  gn=1.641
  line_20q      3569ep | trunc=0%  swp=32.3±33.8  fid=0.0000  rew=+28.00
  ring_20q      3562ep | trunc=0%  swp=26.3±22.4  fid=0.0000  rew=+28.26
  grid_5x4_20q  3550ep | trunc=0%  swp=10.5±10.1  fid=0.0000  rew=+28.93
step=260864  rew=+57.180  swp=44.4  map=0.8  trunc=0%  pl=0.030  vl=0.538  ent=1.814  kl=0.0469  gn=1.297
  line_20q      3570ep | trunc=0%  swp=32.3±33.8  fid=0.0000  rew=+28.01
  ring_20q      3563ep | trunc=0%  swp=26.3±22.4  fid=0.0000  rew=+28.28
  grid_5x4_20q  3550ep | trunc=0%  swp=10.5±10.1  fid=0.0000  rew=+28.93
step=261120  rew=+57.758  swp=48.5  map=0.8  trunc=0%  pl=-0.026  vl=0.246  ent=1.156  kl=0.0488  gn=0.956
  line_20q      3575ep | trunc=0%  swp=32.4±33.8  fid=0.0000  rew=+28.04
  ring_20q      3563ep | trunc=0%  swp=26.3±22.4  fid=0.0000  rew=+28.28
  grid_5x4_20q  3554ep | trunc=0%  swp=10.5±10.1  fid=0.0000  rew=+28.93
step=261376  rew=+57.563  swp=53.1  map=0.8  trunc=0%  pl=-0.002  vl=0.285  ent=1.097  kl=0.0378  gn=1.164
  line_20q      3577ep | trunc=0%  swp=32.4±33.8  fid=0.0000  rew=+28.06
  ring_20q      3565ep | trunc=0%  swp=26.3±22.4  fid=0.0000  rew=+28.30
  grid_5x4_20q  3555ep | trunc=0%  swp=10.5±10.1  fid=0.0000  rew=+28.94
step=261632  rew=+44.814  swp=33.4  map=0.4  trunc=0%  pl=-0.006  vl=0.313  ent=0.946  kl=0.0219  gn=1.076
  line_20q      3580ep | trunc=0%  swp=32.4±33.8  fid=0.0000  rew=+28.06
  ring_20q      3568ep | trunc=0%  swp=26.4±22.4  fid=0.0000  rew=+28.32
  grid_5x4_20q  3559ep | trunc=0%  swp=10.5±10.1  fid=0.0000  rew=+28.96
step=261888  rew=+46.248  swp=24.6  map=0.6  trunc=0%  pl=0.003  vl=0.232  ent=0.887  kl=0.0567  gn=1.364
  line_20q      3583ep | trunc=0%  swp=32.4±33.8  fid=0.0000  rew=+28.07
  ring_20q      3571ep | trunc=0%  swp=26.4±22.4  fid=0.0000  rew=+28.34
  grid_5x4_20q  3563ep | trunc=0%  swp=10.5±10.1  fid=0.0000  rew=+28.99
step=262144  rew=+50.954  swp=27.8  map=0.6  trunc=0%  pl=-0.025  vl=0.222  ent=1.521  kl=0.0771  gn=1.101
  line_20q      3584ep | trunc=0%  swp=32.4±33.8  fid=0.0000  rew=+28.08
  ring_20q      3572ep | trunc=0%  swp=26.4±22.4  fid=0.0000  rew=+28.35
  grid_5x4_20q  3566ep | trunc=0%  swp=10.6±10.1  fid=0.0000  rew=+29.04
step=262400  rew=+56.538  swp=35.1  map=0.6  trunc=0%  pl=-0.012  vl=0.826  ent=1.636  kl=0.2050  gn=1.291
  line_20q      3586ep | trunc=0%  swp=32.4±33.8  fid=0.0000  rew=+28.09
  ring_20q      3574ep | trunc=0%  swp=26.4±22.4  fid=0.0000  rew=+28.37
  grid_5x4_20q  3566ep | trunc=0%  swp=10.6±10.1  fid=0.0000  rew=+29.04
step=262656  rew=+55.930  swp=39.7  map=0.3  trunc=0%  pl=-0.034  vl=0.290  ent=1.310  kl=0.1246  gn=0.843
  line_20q      3587ep | trunc=0%  swp=32.4±33.8  fid=0.0000  rew=+28.10
  ring_20q      3578ep | trunc=0%  swp=26.4±22.4  fid=0.0000  rew=+28.39
  grid_5x4_20q  3568ep | trunc=0%  swp=10.6±10.1  fid=0.0000  rew=+29.05
step=262912  rew=+58.242  swp=47.3  map=0.2  trunc=0%  pl=0.004  vl=0.323  ent=1.735  kl=0.0400  gn=0.997
  line_20q      3588ep | trunc=0%  swp=32.4±33.9  fid=0.0000  rew=+28.11
  ring_20q      3578ep | trunc=0%  swp=26.4±22.4  fid=0.0000  rew=+28.39
  grid_5x4_20q  3569ep | trunc=0%  swp=10.6±10.1  fid=0.0000  rew=+29.05
step=263168  rew=+57.526  swp=52.4  map=0.7  trunc=0%  pl=-0.015  vl=0.425  ent=1.319  kl=0.1003  gn=1.453
  line_20q      3590ep | trunc=0%  swp=32.5±33.9  fid=0.0000  rew=+28.13
  ring_20q      3580ep | trunc=0%  swp=26.4±22.5  fid=0.0000  rew=+28.42
  grid_5x4_20q  3571ep | trunc=0%  swp=10.6±10.1  fid=0.0000  rew=+29.07
step=263424  rew=+53.942  swp=44.0  map=0.9  trunc=0%  pl=0.012  vl=0.131  ent=1.295  kl=0.0379  gn=1.189
  line_20q      3590ep | trunc=0%  swp=32.5±33.9  fid=0.0000  rew=+28.13
  ring_20q      3583ep | trunc=0%  swp=26.5±22.5  fid=0.0000  rew=+28.42
  grid_5x4_20q  3575ep | trunc=0%  swp=10.6±10.1  fid=0.0000  rew=+29.09
step=263680  rew=+55.544  swp=37.0  map=1.1  trunc=0%  pl=-0.040  vl=0.098  ent=1.242  kl=0.0717  gn=1.402
  line_20q      3593ep | trunc=0%  swp=32.5±33.9  fid=0.0000  rew=+28.14
  ring_20q      3583ep | trunc=0%  swp=26.5±22.5  fid=0.0000  rew=+28.42
  grid_5x4_20q  3579ep | trunc=0%  swp=10.6±10.1  fid=0.0000  rew=+29.14
step=263936  rew=+51.662  swp=34.5  map=0.7  trunc=0%  pl=-0.018  vl=0.385  ent=1.325  kl=0.1498  gn=0.985
  line_20q      3596ep | trunc=0%  swp=32.5±33.9  fid=0.0000  rew=+28.16
  ring_20q      3585ep | trunc=0%  swp=26.5±22.5  fid=0.0000  rew=+28.43
  grid_5x4_20q  3580ep | trunc=0%  swp=10.6±10.1  fid=0.0000  rew=+29.15
step=264192  rew=+51.024  swp=33.2  map=0.5  trunc=0%  pl=-0.006  vl=0.249  ent=1.219  kl=0.0278  gn=1.062
  line_20q      3599ep | trunc=0%  swp=32.5±33.9  fid=0.0000  rew=+28.17
  ring_20q      3589ep | trunc=0%  swp=26.5±22.5  fid=0.0000  rew=+28.45
  grid_5x4_20q  3581ep | trunc=0%  swp=10.6±10.1  fid=0.0000  rew=+29.16
step=264448  rew=+50.586  swp=42.4  map=0.4  trunc=0%  pl=0.036  vl=0.582  ent=1.435  kl=0.0554  gn=1.750
  line_20q      3601ep | trunc=0%  swp=32.5±34.0  fid=0.0000  rew=+28.18
  ring_20q      3589ep | trunc=0%  swp=26.5±22.5  fid=0.0000  rew=+28.45
  grid_5x4_20q  3581ep | trunc=0%  swp=10.6±10.1  fid=0.0000  rew=+29.16
step=264704  rew=+48.338  swp=39.8  map=0.9  trunc=0%  pl=0.008  vl=0.178  ent=1.176  kl=0.0433  gn=1.153
  line_20q      3604ep | trunc=0%  swp=32.5±34.0  fid=0.0000  rew=+28.20
  ring_20q      3591ep | trunc=0%  swp=26.5±22.5  fid=0.0000  rew=+28.46
  grid_5x4_20q  3583ep | trunc=0%  swp=10.6±10.1  fid=0.0000  rew=+29.17
step=264960  rew=+52.676  swp=49.0  map=0.8  trunc=0%  pl=0.006  vl=0.856  ent=1.468  kl=0.0413  gn=1.242
  line_20q      3606ep | trunc=0%  swp=32.6±34.0  fid=0.0000  rew=+28.23
  ring_20q      3593ep | trunc=0%  swp=26.5±22.5  fid=0.0000  rew=+28.48
  grid_5x4_20q  3583ep | trunc=0%  swp=10.6±10.1  fid=0.0000  rew=+29.17
step=265216  rew=+50.158  swp=50.1  map=0.7  trunc=0%  pl=0.021  vl=0.381  ent=1.266  kl=0.0575  gn=1.558
  line_20q      3608ep | trunc=0%  swp=32.6±34.0  fid=0.0000  rew=+28.24
  ring_20q      3597ep | trunc=0%  swp=26.5±22.5  fid=0.0000  rew=+28.49
  grid_5x4_20q  3584ep | trunc=0%  swp=10.6±10.1  fid=0.0000  rew=+29.17
step=265472  rew=+51.536  swp=44.1  map=0.5  trunc=0%  pl=-0.016  vl=0.378  ent=1.229  kl=0.0550  gn=1.335
  line_20q      3609ep | trunc=0%  swp=32.6±34.0  fid=0.0000  rew=+28.24
  ring_20q      3602ep | trunc=0%  swp=26.5±22.5  fid=0.0000  rew=+28.52
  grid_5x4_20q  3586ep | trunc=0%  swp=10.6±10.1  fid=0.0000  rew=+29.19
step=265728  rew=+47.094  swp=34.0  map=0.5  trunc=0%  pl=-0.020  vl=0.297  ent=1.227  kl=0.1519  gn=1.038
  line_20q      3612ep | trunc=0%  swp=32.6±34.0  fid=0.0000  rew=+28.25
  ring_20q      3604ep | trunc=0%  swp=26.5±22.6  fid=0.0000  rew=+28.54
  grid_5x4_20q  3588ep | trunc=0%  swp=10.6±10.2  fid=0.0000  rew=+29.20
step=265984  rew=+45.170  swp=27.7  map=1.2  trunc=0%  pl=-0.013  vl=0.201  ent=1.021  kl=0.0660  gn=0.971
  line_20q      3613ep | trunc=0%  swp=32.6±34.0  fid=0.0000  rew=+28.25
  ring_20q      3608ep | trunc=0%  swp=26.6±22.6  fid=0.0000  rew=+28.55
  grid_5x4_20q  3594ep | trunc=0%  swp=10.6±10.1  fid=0.0000  rew=+29.23
step=266240  rew=+40.094  swp=20.4  map=1.1  trunc=0%  pl=-0.001  vl=0.235  ent=0.864  kl=0.0574  gn=1.091
  line_20q      3617ep | trunc=0%  swp=32.6±34.0  fid=0.0000  rew=+28.27
  ring_20q      3611ep | trunc=0%  swp=26.6±22.6  fid=0.0000  rew=+28.55
  grid_5x4_20q  3598ep | trunc=0%  swp=10.6±10.1  fid=0.0000  rew=+29.24
step=266496  rew=+42.270  swp=24.8  map=1.2  trunc=0%  pl=0.014  vl=0.325  ent=1.652  kl=0.0532  gn=1.486
  line_20q      3619ep | trunc=0%  swp=32.6±34.0  fid=0.0000  rew=+28.29
  ring_20q      3611ep | trunc=0%  swp=26.6±22.6  fid=0.0000  rew=+28.55
  grid_5x4_20q  3600ep | trunc=0%  swp=10.6±10.1  fid=0.0000  rew=+29.26
step=266752  rew=+48.994  swp=38.0  map=0.8  trunc=0%  pl=0.002  vl=0.493  ent=1.679  kl=0.1351  gn=1.210
  line_20q      3621ep | trunc=0%  swp=32.6±34.0  fid=0.0000  rew=+28.31
  ring_20q      3612ep | trunc=0%  swp=26.6±22.6  fid=0.0000  rew=+28.57
  grid_5x4_20q  3600ep | trunc=0%  swp=10.6±10.1  fid=0.0000  rew=+29.26
step=267008  rew=+52.333  swp=48.2  map=0.8  trunc=0%  pl=0.001  vl=0.487  ent=1.420  kl=0.0974  gn=1.407
  line_20q      3622ep | trunc=0%  swp=32.6±34.0  fid=0.0000  rew=+28.31
  ring_20q      3614ep | trunc=0%  swp=26.6±22.7  fid=0.0000  rew=+28.59
  grid_5x4_20q  3600ep | trunc=0%  swp=10.6±10.1  fid=0.0000  rew=+29.26
step=267264  rew=+56.556  swp=52.4  map=0.9  trunc=0%  pl=-0.019  vl=0.272  ent=1.174  kl=0.0529  gn=1.283
  line_20q      3624ep | trunc=0%  swp=32.6±34.0  fid=0.0000  rew=+28.32
  ring_20q      3616ep | trunc=0%  swp=26.6±22.7  fid=0.0000  rew=+28.62
  grid_5x4_20q  3603ep | trunc=0%  swp=10.6±10.1  fid=0.0000  rew=+29.27
step=267520  rew=+55.493  swp=50.9  map=0.8  trunc=0%  pl=-0.010  vl=0.407  ent=1.489  kl=0.0846  gn=1.248
  line_20q      3624ep | trunc=0%  swp=32.6±34.0  fid=0.0000  rew=+28.32
  ring_20q      3621ep | trunc=0%  swp=26.6±22.7  fid=0.0000  rew=+28.64
  grid_5x4_20q  3603ep | trunc=0%  swp=10.6±10.1  fid=0.0000  rew=+29.27
step=267776  rew=+57.588  swp=62.6  map=0.8  trunc=0%  pl=0.024  vl=0.539  ent=1.608  kl=0.0668  gn=1.315
  line_20q      3626ep | trunc=0%  swp=32.7±34.1  fid=0.0000  rew=+28.35
  ring_20q      3621ep | trunc=0%  swp=26.6±22.7  fid=0.0000  rew=+28.64
  grid_5x4_20q  3603ep | trunc=0%  swp=10.6±10.1  fid=0.0000  rew=+29.27
step=268032  rew=+52.124  swp=47.8  map=0.9  trunc=0%  pl=-0.012  vl=0.136  ent=1.187  kl=0.0788  gn=0.954
  line_20q      3630ep | trunc=0%  swp=32.7±34.1  fid=0.0000  rew=+28.36
  ring_20q      3622ep | trunc=0%  swp=26.7±22.7  fid=0.0000  rew=+28.65
  grid_5x4_20q  3605ep | trunc=0%  swp=10.6±10.1  fid=0.0000  rew=+29.29
step=268288  rew=+50.974  swp=51.1  map=0.8  trunc=0%  pl=0.001  vl=0.450  ent=1.334  kl=0.0454  gn=1.286
  line_20q      3634ep | trunc=0%  swp=32.8±34.2  fid=0.0000  rew=+28.38
  ring_20q      3622ep | trunc=0%  swp=26.7±22.7  fid=0.0000  rew=+28.65
  grid_5x4_20q  3606ep | trunc=0%  swp=10.6±10.1  fid=0.0000  rew=+29.29
step=268544  rew=+47.452  swp=38.2  map=0.8  trunc=0%  pl=-0.009  vl=0.313  ent=1.219  kl=0.0513  gn=1.303
  line_20q      3635ep | trunc=0%  swp=32.8±34.2  fid=0.0000  rew=+28.39
  ring_20q      3624ep | trunc=0%  swp=26.7±22.7  fid=0.0000  rew=+28.66
  grid_5x4_20q  3611ep | trunc=0%  swp=10.6±10.1  fid=0.0000  rew=+29.31
step=268800  rew=+49.323  swp=45.1  map=0.6  trunc=0%  pl=-0.000  vl=0.743  ent=1.631  kl=0.1211  gn=1.270
  line_20q      3637ep | trunc=0%  swp=32.8±34.2  fid=0.0000  rew=+28.41
  ring_20q      3625ep | trunc=0%  swp=26.7±22.7  fid=0.0000  rew=+28.68
  grid_5x4_20q  3611ep | trunc=0%  swp=10.6±10.1  fid=0.0000  rew=+29.31
step=269056  rew=+47.502  swp=34.2  map=1.1  trunc=0%  pl=-0.004  vl=0.184  ent=1.093  kl=0.0616  gn=1.242
  line_20q      3639ep | trunc=0%  swp=32.8±34.2  fid=0.0000  rew=+28.41
  ring_20q      3629ep | trunc=0%  swp=26.7±22.7  fid=0.0000  rew=+28.69
  grid_5x4_20q  3617ep | trunc=0%  swp=10.6±10.1  fid=0.0000  rew=+29.34
step=269312  rew=+45.139  swp=33.0  map=0.9  trunc=0%  pl=0.046  vl=0.466  ent=1.791  kl=0.1127  gn=0.948
  line_20q      3639ep | trunc=0%  swp=32.8±34.2  fid=0.0000  rew=+28.41
  ring_20q      3630ep | trunc=0%  swp=26.7±22.8  fid=0.0000  rew=+28.70
  grid_5x4_20q  3619ep | trunc=0%  swp=10.6±10.1  fid=0.0000  rew=+29.33
step=269568  rew=+40.452  swp=26.6  map=0.6  trunc=0%  pl=-0.003  vl=0.738  ent=0.888  kl=0.0323  gn=1.470
  line_20q      3644ep | trunc=0%  swp=32.8±34.2  fid=0.0000  rew=+28.44
  ring_20q      3632ep | trunc=0%  swp=26.7±22.8  fid=0.0000  rew=+28.71
  grid_5x4_20q  3624ep | trunc=0%  swp=10.6±10.1  fid=0.0000  rew=+29.34
step=269824  rew=+41.404  swp=33.4  map=0.6  trunc=0%  pl=-0.017  vl=0.551  ent=1.537  kl=0.1909  gn=1.241
  line_20q      3648ep | trunc=0%  swp=32.8±34.2  fid=0.0000  rew=+28.46
  ring_20q      3633ep | trunc=0%  swp=26.7±22.7  fid=0.0000  rew=+28.71
  grid_5x4_20q  3624ep | trunc=0%  swp=10.6±10.1  fid=0.0000  rew=+29.34
step=270080  rew=+42.622  swp=31.1  map=0.7  trunc=0%  pl=0.004  vl=0.394  ent=1.375  kl=0.0398  gn=1.435
  line_20q      3651ep | trunc=0%  swp=32.8±34.2  fid=0.0000  rew=+28.46
  ring_20q      3636ep | trunc=0%  swp=26.7±22.8  fid=0.0000  rew=+28.74
  grid_5x4_20q  3625ep | trunc=0%  swp=10.6±10.1  fid=0.0000  rew=+29.34
step=270336  rew=+41.878  swp=34.6  map=0.9  trunc=0%  pl=-0.028  vl=0.431  ent=1.229  kl=0.0536  gn=1.085
  line_20q      3653ep | trunc=0%  swp=32.8±34.2  fid=0.0000  rew=+28.46
  ring_20q      3642ep | trunc=0%  swp=26.7±22.8  fid=0.0000  rew=+28.76
  grid_5x4_20q  3625ep | trunc=0%  swp=10.6±10.1  fid=0.0000  rew=+29.34
step=270592  rew=+46.328  swp=40.8  map=0.8  trunc=0%  pl=-0.012  vl=0.373  ent=1.489  kl=0.0308  gn=1.396
  line_20q      3654ep | trunc=0%  swp=32.8±34.2  fid=0.0000  rew=+28.47
  ring_20q      3645ep | trunc=0%  swp=26.8±22.8  fid=0.0000  rew=+28.79
  grid_5x4_20q  3625ep | trunc=0%  swp=10.6±10.1  fid=0.0000  rew=+29.34
step=270848  rew=+46.476  swp=35.5  map=0.9  trunc=0%  pl=-0.032  vl=0.377  ent=1.032  kl=0.0803  gn=1.154
  line_20q      3659ep | trunc=0%  swp=32.8±34.2  fid=0.0000  rew=+28.48
  ring_20q      3647ep | trunc=0%  swp=26.8±22.8  fid=0.0000  rew=+28.81
  grid_5x4_20q  3628ep | trunc=0%  swp=10.6±10.1  fid=0.0000  rew=+29.36
step=271104  rew=+41.802  swp=24.1  map=1.1  trunc=0%  pl=0.001  vl=0.142  ent=1.121  kl=0.0642  gn=1.154
  line_20q      3661ep | trunc=0%  swp=32.8±34.2  fid=0.0000  rew=+28.49
  ring_20q      3649ep | trunc=0%  swp=26.8±22.8  fid=0.0000  rew=+28.81
  grid_5x4_20q  3633ep | trunc=0%  swp=10.6±10.1  fid=0.0000  rew=+29.37
step=271360  rew=+41.427  swp=23.9  map=1.2  trunc=0%  pl=-0.011  vl=0.208  ent=1.319  kl=0.0256  gn=1.083
  line_20q      3663ep | trunc=0%  swp=32.8±34.2  fid=0.0000  rew=+28.49
  ring_20q      3652ep | trunc=0%  swp=26.8±22.8  fid=0.0000  rew=+28.83
  grid_5x4_20q  3636ep | trunc=0%  swp=10.6±10.1  fid=0.0000  rew=+29.38
step=271616  rew=+45.955  swp=31.8  map=1.0  trunc=0%  pl=-0.009  vl=0.127  ent=1.506  kl=0.0493  gn=1.179
  line_20q      3664ep | trunc=0%  swp=32.9±34.3  fid=0.0000  rew=+28.51
  ring_20q      3653ep | trunc=0%  swp=26.8±22.8  fid=0.0000  rew=+28.84
  grid_5x4_20q  3638ep | trunc=0%  swp=10.6±10.1  fid=0.0000  rew=+29.40
step=271872  rew=+50.217  swp=31.9  map=0.6  trunc=0%  pl=0.016  vl=0.907  ent=1.352  kl=0.0595  gn=2.153
  line_20q      3664ep | trunc=0%  swp=32.9±34.3  fid=0.0000  rew=+28.51
  ring_20q      3656ep | trunc=0%  swp=26.8±22.8  fid=0.0000  rew=+28.85
  grid_5x4_20q  3645ep | trunc=0%  swp=10.6±10.1  fid=0.0000  rew=+29.43
step=272128  rew=+54.362  swp=40.9  map=0.5  trunc=0%  pl=-0.004  vl=0.768  ent=1.699  kl=0.0928  gn=1.266
  line_20q      3665ep | trunc=0%  swp=32.9±34.3  fid=0.0000  rew=+28.53
  ring_20q      3659ep | trunc=0%  swp=26.8±22.9  fid=0.0000  rew=+28.88
  grid_5x4_20q  3645ep | trunc=0%  swp=10.6±10.1  fid=0.0000  rew=+29.43
step=272384  rew=+55.757  swp=42.0  map=0.5  trunc=0%  pl=-0.024  vl=0.543  ent=1.623  kl=0.0489  gn=1.282
  line_20q      3666ep | trunc=0%  swp=32.9±34.3  fid=0.0000  rew=+28.54
  ring_20q      3661ep | trunc=0%  swp=26.9±22.9  fid=0.0000  rew=+28.90
  grid_5x4_20q  3645ep | trunc=0%  swp=10.6±10.1  fid=0.0000  rew=+29.43
step=272640  rew=+59.290  swp=46.8  map=0.2  trunc=0%  pl=-0.005  vl=0.473  ent=1.243  kl=0.0632  gn=1.172
  line_20q      3666ep | trunc=0%  swp=32.9±34.3  fid=0.0000  rew=+28.54
  ring_20q      3665ep | trunc=0%  swp=26.9±23.0  fid=0.0000  rew=+28.94
  grid_5x4_20q  3648ep | trunc=0%  swp=10.6±10.1  fid=0.0000  rew=+29.44
step=272896  rew=+57.095  swp=53.2  map=0.6  trunc=0%  pl=-0.002  vl=0.216  ent=1.515  kl=0.0679  gn=1.170
  line_20q      3667ep | trunc=0%  swp=32.9±34.4  fid=0.0000  rew=+28.54
  ring_20q      3667ep | trunc=0%  swp=26.9±23.0  fid=0.0000  rew=+28.95
  grid_5x4_20q  3651ep | trunc=0%  swp=10.6±10.1  fid=0.0000  rew=+29.44
step=273152  rew=+52.151  swp=41.8  map=0.6  trunc=0%  pl=-0.001  vl=0.407  ent=1.338  kl=0.0461  gn=1.551
  line_20q      3670ep | trunc=0%  swp=32.9±34.4  fid=0.0000  rew=+28.55
  ring_20q      3669ep | trunc=0%  swp=26.9±23.0  fid=0.0000  rew=+28.97
  grid_5x4_20q  3652ep | trunc=0%  swp=10.6±10.1  fid=0.0000  rew=+29.47
step=273408  rew=+52.130  swp=42.1  map=0.6  trunc=0%  pl=0.004  vl=0.165  ent=1.509  kl=0.0578  gn=1.160
  line_20q      3672ep | trunc=0%  swp=33.0±34.4  fid=0.0000  rew=+28.57
  ring_20q      3669ep | trunc=0%  swp=26.9±23.0  fid=0.0000  rew=+28.97
  grid_5x4_20q  3653ep | trunc=0%  swp=10.7±10.2  fid=0.0000  rew=+29.48
step=273664  rew=+51.300  swp=30.4  map=0.6  trunc=0%  pl=0.028  vl=1.162  ent=0.866  kl=0.1406  gn=2.256
  line_20q      3674ep | trunc=0%  swp=33.0±34.4  fid=0.0000  rew=+28.58
  ring_20q      3672ep | trunc=0%  swp=26.9±23.0  fid=0.0000  rew=+28.97
  grid_5x4_20q  3661ep | trunc=0%  swp=10.7±10.2  fid=0.0000  rew=+29.53
step=273920  rew=+49.965  swp=33.3  map=0.7  trunc=0%  pl=0.024  vl=0.715  ent=1.781  kl=0.0674  gn=1.082
  line_20q      3676ep | trunc=0%  swp=33.0±34.4  fid=0.0000  rew=+28.58
  ring_20q      3673ep | trunc=0%  swp=26.9±23.0  fid=0.0000  rew=+28.98
  grid_5x4_20q  3662ep | trunc=0%  swp=10.7±10.2  fid=0.0000  rew=+29.54
step=274176  rew=+49.914  swp=32.3  map=1.0  trunc=0%  pl=-0.012  vl=0.415  ent=1.347  kl=0.0564  gn=1.051
  line_20q      3676ep | trunc=0%  swp=33.0±34.4  fid=0.0000  rew=+28.58
  ring_20q      3677ep | trunc=0%  swp=27.0±23.1  fid=0.0000  rew=+29.02
  grid_5x4_20q  3664ep | trunc=0%  swp=10.7±10.2  fid=0.0000  rew=+29.54
step=274432  rew=+59.199  swp=38.9  map=0.8  trunc=0%  pl=0.010  vl=0.326  ent=1.461  kl=0.0992  gn=1.656
  line_20q      3676ep | trunc=0%  swp=33.0±34.4  fid=0.0000  rew=+28.58
  ring_20q      3679ep | trunc=0%  swp=27.0±23.1  fid=0.0000  rew=+29.03
  grid_5x4_20q  3669ep | trunc=0%  swp=10.7±10.2  fid=0.0000  rew=+29.62
step=274688  rew=+60.721  swp=43.2  map=0.6  trunc=0%  pl=0.015  vl=0.657  ent=1.342  kl=0.0969  gn=1.433
  line_20q      3678ep | trunc=0%  swp=33.0±34.4  fid=0.0000  rew=+28.59
  ring_20q      3682ep | trunc=0%  swp=27.0±23.1  fid=0.0000  rew=+29.05
  grid_5x4_20q  3670ep | trunc=0%  swp=10.7±10.2  fid=0.0000  rew=+29.61
step=274944  rew=+56.932  swp=35.3  map=0.4  trunc=0%  pl=-0.011  vl=0.262  ent=1.201  kl=0.0697  gn=0.876
  line_20q      3680ep | trunc=0%  swp=33.0±34.4  fid=0.0000  rew=+28.59
  ring_20q      3685ep | trunc=0%  swp=27.0±23.1  fid=0.0000  rew=+29.08
  grid_5x4_20q  3674ep | trunc=0%  swp=10.7±10.2  fid=0.0000  rew=+29.63
step=275200  rew=+40.719  swp=22.9  map=1.0  trunc=0%  pl=-0.004  vl=0.384  ent=0.659  kl=0.0725  gn=1.329
  line_20q      3685ep | trunc=0%  swp=32.9±34.4  fid=0.0000  rew=+28.59
  ring_20q      3690ep | trunc=0%  swp=27.0±23.1  fid=0.0000  rew=+29.10
  grid_5x4_20q  3676ep | trunc=0%  swp=10.7±10.2  fid=0.0000  rew=+29.63
step=275456  rew=+43.317  swp=31.4  map=0.9  trunc=0%  pl=0.037  vl=0.656  ent=1.627  kl=0.1937  gn=1.435
  line_20q      3687ep | trunc=0%  swp=33.0±34.4  fid=0.0000  rew=+28.62
  ring_20q      3691ep | trunc=0%  swp=27.0±23.1  fid=0.0000  rew=+29.10
  grid_5x4_20q  3676ep | trunc=0%  swp=10.7±10.2  fid=0.0000  rew=+29.63
step=275712  rew=+46.818  swp=34.0  map=0.7  trunc=0%  pl=-0.047  vl=0.277  ent=1.262  kl=0.1384  gn=1.050
  line_20q      3689ep | trunc=0%  swp=33.0±34.4  fid=0.0000  rew=+28.64
  ring_20q      3692ep | trunc=0%  swp=27.0±23.1  fid=0.0000  rew=+29.11
  grid_5x4_20q  3680ep | trunc=0%  swp=10.7±10.2  fid=0.0000  rew=+29.66
step=275968  rew=+53.023  swp=38.5  map=0.3  trunc=0%  pl=0.003  vl=0.156  ent=1.267  kl=0.0625  gn=1.244
  line_20q      3689ep | trunc=0%  swp=33.0±34.4  fid=0.0000  rew=+28.64
  ring_20q      3694ep | trunc=0%  swp=27.1±23.1  fid=0.0000  rew=+29.12
  grid_5x4_20q  3686ep | trunc=0%  swp=10.7±10.2  fid=0.0000  rew=+29.70
step=276224  rew=+57.029  swp=37.0  map=0.2  trunc=0%  pl=0.012  vl=0.417  ent=1.617  kl=0.0569  gn=1.511
  line_20q      3690ep | trunc=0%  swp=33.0±34.4  fid=0.0000  rew=+28.64
  ring_20q      3695ep | trunc=0%  swp=27.1±23.1  fid=0.0000  rew=+29.14
  grid_5x4_20q  3687ep | trunc=0%  swp=10.7±10.2  fid=0.0000  rew=+29.71
step=276480  rew=+58.633  swp=42.7  map=0.5  trunc=0%  pl=-0.003  vl=0.268  ent=1.499  kl=0.0344  gn=1.030
  line_20q      3692ep | trunc=0%  swp=33.0±34.5  fid=0.0000  rew=+28.66
  ring_20q      3697ep | trunc=0%  swp=27.1±23.2  fid=0.0000  rew=+29.16
  grid_5x4_20q  3688ep | trunc=0%  swp=10.7±10.2  fid=0.0000  rew=+29.71
step=276736  rew=+57.973  swp=44.9  map=0.6  trunc=0%  pl=0.004  vl=0.286  ent=1.345  kl=0.0433  gn=1.251
  line_20q      3694ep | trunc=0%  swp=33.0±34.5  fid=0.0000  rew=+28.67
  ring_20q      3700ep | trunc=0%  swp=27.1±23.2  fid=0.0000  rew=+29.18
  grid_5x4_20q  3688ep | trunc=0%  swp=10.7±10.2  fid=0.0000  rew=+29.71
step=276992  rew=+55.183  swp=48.9  map=0.5  trunc=0%  pl=-0.013  vl=0.503  ent=1.219  kl=0.0901  gn=1.394
  line_20q      3698ep | trunc=0%  swp=33.1±34.5  fid=0.0000  rew=+28.70
  ring_20q      3700ep | trunc=0%  swp=27.1±23.2  fid=0.0000  rew=+29.18
  grid_5x4_20q  3691ep | trunc=0%  swp=10.7±10.2  fid=0.0000  rew=+29.73
step=277248  rew=+49.486  swp=39.5  map=0.6  trunc=0%  pl=-0.005  vl=0.260  ent=1.216  kl=0.0274  gn=1.221
  line_20q      3701ep | trunc=0%  swp=33.1±34.4  fid=0.0000  rew=+28.70
  ring_20q      3702ep | trunc=0%  swp=27.1±23.2  fid=0.0000  rew=+29.20
  grid_5x4_20q  3693ep | trunc=0%  swp=10.7±10.2  fid=0.0000  rew=+29.74
step=277504  rew=+52.793  swp=27.6  map=0.6  trunc=0%  pl=0.042  vl=0.733  ent=0.934  kl=0.0970  gn=1.607
  line_20q      3703ep | trunc=0%  swp=33.0±34.4  fid=0.0000  rew=+28.70
  ring_20q      3705ep | trunc=0%  swp=27.1±23.2  fid=0.0000  rew=+29.22
  grid_5x4_20q  3700ep | trunc=0%  swp=10.7±10.2  fid=0.0000  rew=+29.79
step=277760  rew=+51.153  swp=25.3  map=0.2  trunc=0%  pl=-0.038  vl=0.342  ent=1.355  kl=0.1124  gn=0.818
  line_20q      3705ep | trunc=0%  swp=33.0±34.4  fid=0.0000  rew=+28.70
  ring_20q      3707ep | trunc=0%  swp=27.2±23.2  fid=0.0000  rew=+29.24
  grid_5x4_20q  3703ep | trunc=0%  swp=10.7±10.3  fid=0.0000  rew=+29.81
step=278016  rew=+56.711  swp=31.9  map=0.1  trunc=0%  pl=-0.041  vl=0.184  ent=1.212  kl=0.2717  gn=1.384
  line_20q      3706ep | trunc=0%  swp=33.0±34.4  fid=0.0000  rew=+28.72
  ring_20q      3709ep | trunc=0%  swp=27.2±23.3  fid=0.0000  rew=+29.25
  grid_5x4_20q  3707ep | trunc=0%  swp=10.8±10.3  fid=0.0000  rew=+29.85
step=278272  rew=+47.700  swp=33.4  map=0.1  trunc=0%  pl=0.025  vl=0.420  ent=0.858  kl=0.0580  gn=1.254
  line_20q      3709ep | trunc=0%  swp=33.1±34.4  fid=0.0000  rew=+28.72
  ring_20q      3713ep | trunc=0%  swp=27.2±23.2  fid=0.0000  rew=+29.26
  grid_5x4_20q  3709ep | trunc=0%  swp=10.8±10.3  fid=0.0000  rew=+29.85
step=278528  rew=+47.616  swp=32.0  map=0.4  trunc=0%  pl=-0.018  vl=0.321  ent=1.330  kl=0.0975  gn=1.119
  line_20q      3712ep | trunc=0%  swp=33.1±34.4  fid=0.0000  rew=+28.74
  ring_20q      3714ep | trunc=0%  swp=27.2±23.3  fid=0.0000  rew=+29.27
  grid_5x4_20q  3710ep | trunc=0%  swp=10.8±10.3  fid=0.0000  rew=+29.86
step=278784  rew=+50.358  swp=34.5  map=0.5  trunc=0%  pl=0.022  vl=0.420  ent=1.263  kl=0.0589  gn=1.546
  line_20q      3713ep | trunc=0%  swp=33.1±34.4  fid=0.0000  rew=+28.74
  ring_20q      3715ep | trunc=0%  swp=27.2±23.3  fid=0.0000  rew=+29.29
  grid_5x4_20q  3715ep | trunc=0%  swp=10.8±10.3  fid=0.0000  rew=+29.89
step=279040  rew=+52.100  swp=35.4  map=0.6  trunc=0%  pl=-0.015  vl=0.589  ent=1.680  kl=0.0407  gn=1.653
  line_20q      3713ep | trunc=0%  swp=33.1±34.4  fid=0.0000  rew=+28.74
  ring_20q      3717ep | trunc=0%  swp=27.2±23.3  fid=0.0000  rew=+29.31
  grid_5x4_20q  3717ep | trunc=0%  swp=10.8±10.3  fid=0.0000  rew=+29.90
step=279296  rew=+56.830  swp=42.4  map=0.7  trunc=0%  pl=0.009  vl=0.385  ent=1.052  kl=0.0451  gn=1.600
  line_20q      3714ep | trunc=0%  swp=33.1±34.5  fid=0.0000  rew=+28.76
  ring_20q      3721ep | trunc=0%  swp=27.2±23.3  fid=0.0000  rew=+29.32
  grid_5x4_20q  3720ep | trunc=0%  swp=10.8±10.3  fid=0.0000  rew=+29.92
step=279552  rew=+46.840  swp=34.4  map=1.0  trunc=0%  pl=0.024  vl=0.628  ent=0.834  kl=0.1134  gn=1.587
  line_20q      3718ep | trunc=0%  swp=33.1±34.5  fid=0.0000  rew=+28.76
  ring_20q      3725ep | trunc=0%  swp=27.3±23.3  fid=0.0000  rew=+29.34
  grid_5x4_20q  3721ep | trunc=0%  swp=10.8±10.3  fid=0.0000  rew=+29.93
step=279808  rew=+51.658  swp=34.5  map=1.0  trunc=0%  pl=-0.023  vl=0.169  ent=1.178  kl=0.1464  gn=1.419
  line_20q      3719ep | trunc=0%  swp=33.1±34.5  fid=0.0000  rew=+28.78
  ring_20q      3726ep | trunc=0%  swp=27.3±23.3  fid=0.0000  rew=+29.36
  grid_5x4_20q  3724ep | trunc=0%  swp=10.8±10.3  fid=0.0000  rew=+29.95
step=280064  rew=+49.359  swp=31.2  map=1.2  trunc=0%  pl=0.021  vl=0.342  ent=0.946  kl=0.0540  gn=1.513
  line_20q      3720ep | trunc=0%  swp=33.1±34.5  fid=0.0000  rew=+28.78
  ring_20q      3728ep | trunc=0%  swp=27.3±23.3  fid=0.0000  rew=+29.36
  grid_5x4_20q  3728ep | trunc=0%  swp=10.8±10.3  fid=0.0000  rew=+29.97
step=280320  rew=+52.280  swp=39.5  map=1.1  trunc=0%  pl=0.032  vl=0.895  ent=1.545  kl=0.0603  gn=1.739
  line_20q      3721ep | trunc=0%  swp=33.1±34.5  fid=0.0000  rew=+28.78
  ring_20q      3731ep | trunc=0%  swp=27.3±23.4  fid=0.0000  rew=+29.39
  grid_5x4_20q  3729ep | trunc=0%  swp=10.8±10.3  fid=0.0000  rew=+29.97
step=280576  rew=+45.619  swp=30.1  map=0.7  trunc=0%  pl=-0.013  vl=0.508  ent=0.734  kl=0.0577  gn=1.073
  line_20q      3724ep | trunc=0%  swp=33.1±34.5  fid=0.0000  rew=+28.79
  ring_20q      3735ep | trunc=0%  swp=27.3±23.4  fid=0.0000  rew=+29.41
  grid_5x4_20q  3733ep | trunc=0%  swp=10.8±10.3  fid=0.0000  rew=+29.99
step=280832  rew=+40.884  swp=20.2  map=0.6  trunc=0%  pl=0.006  vl=0.317  ent=1.028  kl=0.1188  gn=1.638
  line_20q      3726ep | trunc=0%  swp=33.1±34.5  fid=0.0000  rew=+28.79
  ring_20q      3739ep | trunc=0%  swp=27.3±23.4  fid=0.0000  rew=+29.42
  grid_5x4_20q  3738ep | trunc=0%  swp=10.8±10.3  fid=0.0000  rew=+30.02
step=281088  rew=+43.498  swp=18.2  map=0.9  trunc=0%  pl=-0.034  vl=0.237  ent=0.866  kl=0.0952  gn=0.819
  line_20q      3730ep | trunc=0%  swp=33.1±34.5  fid=0.0000  rew=+28.80
  ring_20q      3741ep | trunc=0%  swp=27.3±23.4  fid=0.0000  rew=+29.42
  grid_5x4_20q  3743ep | trunc=0%  swp=10.8±10.3  fid=0.0000  rew=+30.05
step=281344  rew=+44.914  swp=27.9  map=1.1  trunc=0%  pl=0.028  vl=0.466  ent=1.580  kl=0.1494  gn=1.308
  line_20q      3731ep | trunc=0%  swp=33.1±34.6  fid=0.0000  rew=+28.82
  ring_20q      3743ep | trunc=0%  swp=27.3±23.4  fid=0.0000  rew=+29.43
  grid_5x4_20q  3744ep | trunc=0%  swp=10.8±10.3  fid=0.0000  rew=+30.05
step=281600  rew=+44.521  swp=28.1  map=0.8  trunc=0%  pl=-0.001  vl=0.256  ent=1.063  kl=0.1436  gn=1.365
  line_20q      3735ep | trunc=0%  swp=33.1±34.6  fid=0.0000  rew=+28.82
  ring_20q      3743ep | trunc=0%  swp=27.3±23.4  fid=0.0000  rew=+29.43
  grid_5x4_20q  3750ep | trunc=0%  swp=10.8±10.3  fid=0.0000  rew=+30.09
step=281856  rew=+44.875  swp=21.8  map=0.7  trunc=0%  pl=0.012  vl=0.203  ent=1.083  kl=0.0639  gn=1.264
  line_20q      3739ep | trunc=0%  swp=33.1±34.6  fid=0.0000  rew=+28.84
  ring_20q      3744ep | trunc=0%  swp=27.3±23.4  fid=0.0000  rew=+29.44
  grid_5x4_20q  3756ep | trunc=0%  swp=10.8±10.3  fid=0.0000  rew=+30.11
step=282112  rew=+45.028  swp=22.8  map=0.4  trunc=0%  pl=0.002  vl=0.197  ent=1.193  kl=0.0329  gn=1.082
  line_20q      3742ep | trunc=0%  swp=33.1±34.5  fid=0.0000  rew=+28.84
  ring_20q      3744ep | trunc=0%  swp=27.3±23.4  fid=0.0000  rew=+29.44
  grid_5x4_20q  3761ep | trunc=0%  swp=10.8±10.3  fid=0.0000  rew=+30.15
step=282368  rew=+49.153  swp=28.6  map=0.7  trunc=0%  pl=0.007  vl=0.159  ent=1.128  kl=0.0895  gn=1.346
  line_20q      3744ep | trunc=0%  swp=33.1±34.5  fid=0.0000  rew=+28.84
  ring_20q      3747ep | trunc=0%  swp=27.4±23.5  fid=0.0000  rew=+29.47
  grid_5x4_20q  3765ep | trunc=0%  swp=10.8±10.3  fid=0.0000  rew=+30.17
step=282624  rew=+47.986  swp=27.4  map=0.7  trunc=0%  pl=0.010  vl=0.272  ent=1.421  kl=0.2064  gn=1.182
  line_20q      3746ep | trunc=0%  swp=33.1±34.5  fid=0.0000  rew=+28.85
  ring_20q      3748ep | trunc=0%  swp=27.4±23.4  fid=0.0000  rew=+29.47
  grid_5x4_20q  3767ep | trunc=0%  swp=10.8±10.3  fid=0.0000  rew=+30.18
step=282880  rew=+49.439  swp=35.2  map=1.1  trunc=0%  pl=0.018  vl=0.218  ent=1.152  kl=0.1002  gn=1.305
  line_20q      3748ep | trunc=0%  swp=33.2±34.6  fid=0.0000  rew=+28.88
  ring_20q      3752ep | trunc=0%  swp=27.4±23.5  fid=0.0000  rew=+29.49
  grid_5x4_20q  3769ep | trunc=0%  swp=10.8±10.3  fid=0.0000  rew=+30.19
step=283136  rew=+47.974  swp=34.5  map=1.0  trunc=0%  pl=0.008  vl=0.324  ent=0.919  kl=0.3052  gn=1.231
  line_20q      3750ep | trunc=0%  swp=33.1±34.6  fid=0.0000  rew=+28.88
  ring_20q      3755ep | trunc=0%  swp=27.4±23.5  fid=0.0000  rew=+29.50
  grid_5x4_20q  3772ep | trunc=0%  swp=10.8±10.3  fid=0.0000  rew=+30.21
step=283392  rew=+47.142  swp=34.0  map=0.9  trunc=0%  pl=0.029  vl=0.509  ent=1.195  kl=0.1272  gn=1.597
  line_20q      3752ep | trunc=0%  swp=33.2±34.6  fid=0.0000  rew=+28.89
  ring_20q      3759ep | trunc=0%  swp=27.4±23.5  fid=0.0000  rew=+29.52
  grid_5x4_20q  3772ep | trunc=0%  swp=10.8±10.3  fid=0.0000  rew=+30.21
step=283648  rew=+48.651  swp=35.6  map=1.0  trunc=0%  pl=0.003  vl=0.184  ent=1.351  kl=0.0349  gn=1.440
  line_20q      3753ep | trunc=0%  swp=33.2±34.6  fid=0.0000  rew=+28.90
  ring_20q      3760ep | trunc=0%  swp=27.4±23.5  fid=0.0000  rew=+29.53
  grid_5x4_20q  3774ep | trunc=0%  swp=10.8±10.3  fid=0.0000  rew=+30.22
step=283904  rew=+52.366  swp=44.2  map=0.7  trunc=0%  pl=0.028  vl=0.509  ent=1.239  kl=0.1632  gn=1.188
  line_20q      3755ep | trunc=0%  swp=33.2±34.7  fid=0.0000  rew=+28.92
  ring_20q      3762ep | trunc=0%  swp=27.4±23.5  fid=0.0000  rew=+29.54
  grid_5x4_20q  3774ep | trunc=0%  swp=10.8±10.3  fid=0.0000  rew=+30.22
step=284160  rew=+47.342  swp=42.8  map=0.8  trunc=0%  pl=0.026  vl=0.198  ent=1.020  kl=0.0327  gn=1.300
  line_20q      3758ep | trunc=0%  swp=33.2±34.7  fid=0.0000  rew=+28.93
  ring_20q      3766ep | trunc=0%  swp=27.4±23.5  fid=0.0000  rew=+29.56
  grid_5x4_20q  3776ep | trunc=0%  swp=10.8±10.3  fid=0.0000  rew=+30.23
step=284416  rew=+51.907  swp=49.1  map=0.7  trunc=0%  pl=0.016  vl=0.503  ent=1.339  kl=0.0351  gn=1.357
  line_20q      3759ep | trunc=0%  swp=33.2±34.7  fid=0.0000  rew=+28.94
  ring_20q      3768ep | trunc=0%  swp=27.4±23.5  fid=0.0000  rew=+29.58
  grid_5x4_20q  3776ep | trunc=0%  swp=10.8±10.3  fid=0.0000  rew=+30.23
step=284672  rew=+49.656  swp=44.1  map=0.3  trunc=0%  pl=-0.000  vl=0.867  ent=1.128  kl=0.0682  gn=1.686
  line_20q      3760ep | trunc=0%  swp=33.2±34.7  fid=0.0000  rew=+28.94
  ring_20q      3772ep | trunc=0%  swp=27.5±23.5  fid=0.0000  rew=+29.61
  grid_5x4_20q  3776ep | trunc=0%  swp=10.8±10.3  fid=0.0000  rew=+30.23
step=284928  rew=+47.899  swp=43.8  map=0.6  trunc=0%  pl=-0.013  vl=0.434  ent=1.341  kl=0.1190  gn=0.704
  line_20q      3764ep | trunc=0%  swp=33.3±34.7  fid=0.0000  rew=+28.96
  ring_20q      3773ep | trunc=0%  swp=27.5±23.5  fid=0.0000  rew=+29.61
  grid_5x4_20q  3776ep | trunc=0%  swp=10.8±10.3  fid=0.0000  rew=+30.23
step=285184  rew=+47.756  swp=45.9  map=0.3  trunc=0%  pl=-0.006  vl=0.303  ent=1.407  kl=0.0555  gn=1.336
  line_20q      3766ep | trunc=0%  swp=33.3±34.7  fid=0.0000  rew=+28.97
  ring_20q      3775ep | trunc=0%  swp=27.5±23.5  fid=0.0000  rew=+29.62
  grid_5x4_20q  3777ep | trunc=0%  swp=10.8±10.3  fid=0.0000  rew=+30.22
step=285440  rew=+43.849  swp=34.0  map=0.7  trunc=0%  pl=0.004  vl=0.719  ent=0.702  kl=0.0370  gn=1.610
  line_20q      3770ep | trunc=0%  swp=33.3±34.7  fid=0.0000  rew=+28.98
  ring_20q      3778ep | trunc=0%  swp=27.5±23.5  fid=0.0000  rew=+29.63
  grid_5x4_20q  3782ep | trunc=0%  swp=10.8±10.3  fid=0.0000  rew=+30.24
step=285696  rew=+44.846  swp=25.4  map=0.7  trunc=0%  pl=-0.033  vl=0.220  ent=0.970  kl=0.1267  gn=0.998
  line_20q      3772ep | trunc=0%  swp=33.3±34.7  fid=0.0000  rew=+29.00
  ring_20q      3781ep | trunc=0%  swp=27.5±23.5  fid=0.0000  rew=+29.63
  grid_5x4_20q  3785ep | trunc=0%  swp=10.8±10.3  fid=0.0000  rew=+30.26
step=285952  rew=+45.390  swp=22.4  map=0.8  trunc=0%  pl=-0.011  vl=0.230  ent=1.105  kl=0.0368  gn=1.029
  line_20q      3774ep | trunc=0%  swp=33.3±34.7  fid=0.0000  rew=+29.01
  ring_20q      3784ep | trunc=0%  swp=27.5±23.5  fid=0.0000  rew=+29.65
  grid_5x4_20q  3789ep | trunc=0%  swp=10.8±10.3  fid=0.0000  rew=+30.27
step=286208  rew=+46.849  swp=30.4  map=0.8  trunc=0%  pl=0.022  vl=0.959  ent=1.963  kl=0.0354  gn=1.204
  line_20q      3775ep | trunc=0%  swp=33.3±34.8  fid=0.0000  rew=+29.02
  ring_20q      3784ep | trunc=0%  swp=27.5±23.5  fid=0.0000  rew=+29.65
  grid_5x4_20q  3789ep | trunc=0%  swp=10.8±10.3  fid=0.0000  rew=+30.27
step=286464  rew=+53.618  swp=44.1  map=0.8  trunc=0%  pl=0.009  vl=0.482  ent=1.068  kl=0.0425  gn=1.469
  line_20q      3777ep | trunc=0%  swp=33.4±34.9  fid=0.0000  rew=+29.03
  ring_20q      3785ep | trunc=0%  swp=27.5±23.5  fid=0.0000  rew=+29.65
  grid_5x4_20q  3794ep | trunc=0%  swp=10.8±10.3  fid=0.0000  rew=+30.30
step=286720  rew=+48.201  swp=42.1  map=0.8  trunc=0%  pl=0.029  vl=0.216  ent=0.740  kl=0.0969  gn=1.210
  line_20q      3778ep | trunc=0%  swp=33.4±34.9  fid=0.0000  rew=+29.04
  ring_20q      3789ep | trunc=0%  swp=27.5±23.5  fid=0.0000  rew=+29.66
  grid_5x4_20q  3798ep | trunc=0%  swp=10.8±10.3  fid=0.0000  rew=+30.31
step=286976  rew=+45.803  swp=30.1  map=0.7  trunc=0%  pl=-0.034  vl=0.285  ent=1.108  kl=0.1253  gn=0.958
  line_20q      3781ep | trunc=0%  swp=33.4±34.9  fid=0.0000  rew=+29.05
  ring_20q      3791ep | trunc=0%  swp=27.5±23.5  fid=0.0000  rew=+29.68
  grid_5x4_20q  3800ep | trunc=0%  swp=10.8±10.3  fid=0.0000  rew=+30.32
step=287232  rew=+44.261  swp=34.1  map=0.8  trunc=0%  pl=-0.002  vl=0.237  ent=1.340  kl=0.0391  gn=1.223
  line_20q      3782ep | trunc=0%  swp=33.4±35.0  fid=0.0000  rew=+29.07
  ring_20q      3793ep | trunc=0%  swp=27.5±23.5  fid=0.0000  rew=+29.67
  grid_5x4_20q  3802ep | trunc=0%  swp=10.8±10.3  fid=0.0000  rew=+30.33
step=287488  rew=+46.061  swp=40.3  map=0.7  trunc=0%  pl=0.012  vl=0.314  ent=1.038  kl=0.0345  gn=1.168
  line_20q      3784ep | trunc=0%  swp=33.4±35.0  fid=0.0000  rew=+29.08
  ring_20q      3796ep | trunc=0%  swp=27.5±23.5  fid=0.0000  rew=+29.68
  grid_5x4_20q  3804ep | trunc=0%  swp=10.8±10.3  fid=0.0000  rew=+30.34
step=287744  rew=+43.986  swp=37.7  map=0.8  trunc=0%  pl=0.005  vl=0.432  ent=1.316  kl=0.0304  gn=1.383
  line_20q      3786ep | trunc=0%  swp=33.4±35.0  fid=0.0000  rew=+29.09
  ring_20q      3797ep | trunc=0%  swp=27.5±23.5  fid=0.0000  rew=+29.68
  grid_5x4_20q  3805ep | trunc=0%  swp=10.8±10.3  fid=0.0000  rew=+30.34
step=288000  rew=+43.726  swp=39.9  map=0.7  trunc=0%  pl=-0.002  vl=0.438  ent=1.150  kl=0.0415  gn=1.464
  line_20q      3787ep | trunc=0%  swp=33.4±35.0  fid=0.0000  rew=+29.09
  ring_20q      3801ep | trunc=0%  swp=27.6±23.6  fid=0.0000  rew=+29.72
  grid_5x4_20q  3807ep | trunc=0%  swp=10.8±10.3  fid=0.0000  rew=+30.34
step=288256  rew=+45.573  swp=38.4  map=0.4  trunc=0%  pl=0.006  vl=0.515  ent=0.698  kl=0.0845  gn=1.180
  line_20q      3790ep | trunc=0%  swp=33.5±35.0  fid=0.0000  rew=+29.10
  ring_20q      3804ep | trunc=0%  swp=27.6±23.5  fid=0.0000  rew=+29.73
  grid_5x4_20q  3808ep | trunc=0%  swp=10.8±10.3  fid=0.0000  rew=+30.34
step=288512  rew=+48.100  swp=41.4  map=0.2  trunc=0%  pl=0.018  vl=0.276  ent=1.239  kl=0.0404  gn=0.922
  line_20q      3793ep | trunc=0%  swp=33.5±35.0  fid=0.0000  rew=+29.11
  ring_20q      3806ep | trunc=0%  swp=27.6±23.6  fid=0.0000  rew=+29.74
  grid_5x4_20q  3809ep | trunc=0%  swp=10.8±10.3  fid=0.0000  rew=+30.35
step=288768  rew=+45.477  swp=36.4  map=0.3  trunc=0%  pl=0.017  vl=0.156  ent=1.261  kl=0.0290  gn=1.154
  line_20q      3795ep | trunc=0%  swp=33.5±35.0  fid=0.0000  rew=+29.12
  ring_20q      3808ep | trunc=0%  swp=27.6±23.6  fid=0.0000  rew=+29.75
  grid_5x4_20q  3811ep | trunc=0%  swp=10.9±10.3  fid=0.0000  rew=+30.36
step=289024  rew=+45.387  swp=42.7  map=0.1  trunc=0%  pl=-0.007  vl=0.356  ent=1.328  kl=0.1090  gn=1.249
  line_20q      3798ep | trunc=0%  swp=33.5±35.0  fid=0.0000  rew=+29.13
  ring_20q      3810ep | trunc=0%  swp=27.6±23.6  fid=0.0000  rew=+29.76
  grid_5x4_20q  3811ep | trunc=0%  swp=10.9±10.3  fid=0.0000  rew=+30.36
step=289280  rew=+53.306  swp=46.1  map=0.1  trunc=0%  pl=0.005  vl=0.156  ent=1.250  kl=0.0966  gn=1.398
  line_20q      3800ep | trunc=0%  swp=33.5±35.0  fid=0.0000  rew=+29.15
  ring_20q      3811ep | trunc=0%  swp=27.6±23.6  fid=0.0000  rew=+29.77
  grid_5x4_20q  3813ep | trunc=0%  swp=10.9±10.3  fid=0.0000  rew=+30.38
step=289536  rew=+53.440  swp=51.0  map=0.1  trunc=0%  pl=0.004  vl=0.668  ent=1.454  kl=0.0365  gn=1.274
  line_20q      3801ep | trunc=0%  swp=33.5±35.0  fid=0.0000  rew=+29.15
  ring_20q      3814ep | trunc=0%  swp=27.6±23.6  fid=0.0000  rew=+29.79
  grid_5x4_20q  3813ep | trunc=0%  swp=10.9±10.3  fid=0.0000  rew=+30.38
step=289792  rew=+55.414  swp=53.2  map=0.1  trunc=0%  pl=-0.007  vl=0.200  ent=1.451  kl=0.0330  gn=1.071
  line_20q      3804ep | trunc=0%  swp=33.5±35.0  fid=0.0000  rew=+29.16
  ring_20q      3816ep | trunc=0%  swp=27.6±23.6  fid=0.0000  rew=+29.81
  grid_5x4_20q  3813ep | trunc=0%  swp=10.9±10.3  fid=0.0000  rew=+30.38
step=290048  rew=+48.478  swp=43.4  map=0.1  trunc=0%  pl=0.006  vl=0.391  ent=0.912  kl=0.0571  gn=1.358
  line_20q      3804ep | trunc=0%  swp=33.5±35.0  fid=0.0000  rew=+29.16
  ring_20q      3822ep | trunc=0%  swp=27.7±23.6  fid=0.0000  rew=+29.84
  grid_5x4_20q  3816ep | trunc=0%  swp=10.9±10.3  fid=0.0000  rew=+30.37
step=290304  rew=+47.486  swp=32.5  map=0.1  trunc=0%  pl=-0.018  vl=0.368  ent=1.017  kl=0.0991  gn=1.334
  line_20q      3805ep | trunc=0%  swp=33.5±35.0  fid=0.0000  rew=+29.16
  ring_20q      3826ep | trunc=0%  swp=27.7±23.6  fid=0.0000  rew=+29.86
  grid_5x4_20q  3819ep | trunc=0%  swp=10.9±10.3  fid=0.0000  rew=+30.40
step=290560  rew=+49.207  swp=35.3  map=0.2  trunc=0%  pl=-0.013  vl=0.391  ent=1.406  kl=0.2962  gn=1.288
  line_20q      3806ep | trunc=0%  swp=33.5±35.0  fid=0.0000  rew=+29.18
  ring_20q      3828ep | trunc=0%  swp=27.7±23.6  fid=0.0000  rew=+29.88
  grid_5x4_20q  3820ep | trunc=0%  swp=10.9±10.3  fid=0.0000  rew=+30.41
step=290816  rew=+54.311  swp=36.6  map=0.2  trunc=0%  pl=0.002  vl=0.361  ent=0.750  kl=0.0482  gn=1.622
  line_20q      3810ep | trunc=0%  swp=33.5±35.0  fid=0.0000  rew=+29.20
  ring_20q      3832ep | trunc=0%  swp=27.7±23.6  fid=0.0000  rew=+29.89
  grid_5x4_20q  3821ep | trunc=0%  swp=10.9±10.3  fid=0.0000  rew=+30.43
step=291072  rew=+49.867  swp=36.0  map=0.3  trunc=0%  pl=0.005  vl=0.357  ent=1.403  kl=0.0408  gn=1.153
  line_20q      3810ep | trunc=0%  swp=33.5±35.0  fid=0.0000  rew=+29.20
  ring_20q      3835ep | trunc=0%  swp=27.7±23.7  fid=0.0000  rew=+29.90
  grid_5x4_20q  3823ep | trunc=0%  swp=10.9±10.3  fid=0.0000  rew=+30.43
step=291328  rew=+49.797  swp=37.3  map=0.4  trunc=0%  pl=-0.070  vl=0.257  ent=1.271  kl=0.1700  gn=0.966
  line_20q      3813ep | trunc=0%  swp=33.6±35.0  fid=0.0000  rew=+29.21
  ring_20q      3837ep | trunc=0%  swp=27.7±23.7  fid=0.0000  rew=+29.92
  grid_5x4_20q  3824ep | trunc=0%  swp=10.9±10.3  fid=0.0000  rew=+30.44
step=291584  rew=+47.536  swp=36.9  map=0.4  trunc=0%  pl=-0.032  vl=0.168  ent=1.218  kl=0.1676  gn=0.876
  line_20q      3814ep | trunc=0%  swp=33.6±35.0  fid=0.0000  rew=+29.22
  ring_20q      3840ep | trunc=0%  swp=27.7±23.7  fid=0.0000  rew=+29.92
  grid_5x4_20q  3826ep | trunc=0%  swp=10.9±10.3  fid=0.0000  rew=+30.44
step=291840  rew=+42.002  swp=34.1  map=0.3  trunc=0%  pl=0.013  vl=0.480  ent=0.670  kl=0.0970  gn=1.662
  line_20q      3818ep | trunc=0%  swp=33.6±35.0  fid=0.0000  rew=+29.23
  ring_20q      3844ep | trunc=0%  swp=27.7±23.7  fid=0.0000  rew=+29.93
  grid_5x4_20q  3828ep | trunc=0%  swp=10.9±10.3  fid=0.0000  rew=+30.45
step=292096  rew=+44.958  swp=29.4  map=0.3  trunc=0%  pl=0.001  vl=0.126  ent=1.173  kl=0.0660  gn=1.084
  line_20q      3819ep | trunc=0%  swp=33.6±35.0  fid=0.0000  rew=+29.23
  ring_20q      3847ep | trunc=0%  swp=27.8±23.7  fid=0.0000  rew=+29.95
  grid_5x4_20q  3832ep | trunc=0%  swp=10.9±10.3  fid=0.0000  rew=+30.47
step=292352  rew=+56.786  swp=31.1  map=0.3  trunc=0%  pl=0.009  vl=0.202  ent=1.065  kl=0.0445  gn=1.530
  line_20q      3819ep | trunc=0%  swp=33.6±35.0  fid=0.0000  rew=+29.23
  ring_20q      3850ep | trunc=0%  swp=27.8±23.7  fid=0.0000  rew=+29.97
  grid_5x4_20q  3837ep | trunc=0%  swp=10.9±10.3  fid=0.0000  rew=+30.53
step=292608  rew=+57.880  swp=38.2  map=0.3  trunc=0%  pl=-0.000  vl=0.522  ent=1.372  kl=0.0507  gn=1.232
  line_20q      3821ep | trunc=0%  swp=33.6±35.1  fid=0.0000  rew=+29.25
  ring_20q      3850ep | trunc=0%  swp=27.8±23.7  fid=0.0000  rew=+29.97
  grid_5x4_20q  3839ep | trunc=0%  swp=10.9±10.3  fid=0.0000  rew=+30.53
step=292864  rew=+57.773  swp=37.7  map=0.3  trunc=0%  pl=-0.002  vl=0.348  ent=1.493  kl=0.0634  gn=1.014
  line_20q      3824ep | trunc=0%  swp=33.6±35.1  fid=0.0000  rew=+29.27
  ring_20q      3850ep | trunc=0%  swp=27.8±23.7  fid=0.0000  rew=+29.97
  grid_5x4_20q  3840ep | trunc=0%  swp=10.9±10.3  fid=0.0000  rew=+30.54
step=293120  rew=+54.164  swp=44.0  map=0.3  trunc=0%  pl=0.033  vl=0.367  ent=0.996  kl=0.1261  gn=1.521
  line_20q      3826ep | trunc=0%  swp=33.6±35.1  fid=0.0000  rew=+29.27
  ring_20q      3853ep | trunc=0%  swp=27.8±23.8  fid=0.0000  rew=+30.00
  grid_5x4_20q  3841ep | trunc=0%  swp=10.9±10.3  fid=0.0000  rew=+30.54
step=293376  rew=+45.829  swp=37.8  map=0.7  trunc=0%  pl=0.010  vl=0.174  ent=1.145  kl=0.1336  gn=1.092
  line_20q      3829ep | trunc=0%  swp=33.6±35.1  fid=0.0000  rew=+29.28
  ring_20q      3854ep | trunc=0%  swp=27.8±23.8  fid=0.0000  rew=+30.00
  grid_5x4_20q  3845ep | trunc=0%  swp=10.9±10.3  fid=0.0000  rew=+30.55
step=293632  rew=+44.534  swp=32.4  map=0.8  trunc=0%  pl=-0.007  vl=0.246  ent=0.947  kl=0.0399  gn=1.042
  line_20q      3831ep | trunc=0%  swp=33.6±35.1  fid=0.0000  rew=+29.28
  ring_20q      3858ep | trunc=0%  swp=27.8±23.8  fid=0.0000  rew=+30.02
  grid_5x4_20q  3848ep | trunc=0%  swp=10.9±10.3  fid=0.0000  rew=+30.56
step=293888  rew=+43.000  swp=25.1  map=0.7  trunc=0%  pl=0.002  vl=0.502  ent=0.692  kl=0.0792  gn=1.021
  line_20q      3835ep | trunc=0%  swp=33.6±35.1  fid=0.0000  rew=+29.29
  ring_20q      3862ep | trunc=0%  swp=27.8±23.8  fid=0.0000  rew=+30.04
  grid_5x4_20q  3848ep | trunc=0%  swp=10.9±10.3  fid=0.0000  rew=+30.56
step=294144  rew=+47.327  swp=31.9  map=0.3  trunc=0%  pl=-0.005  vl=0.076  ent=1.264  kl=0.0857  gn=1.134
  line_20q      3839ep | trunc=0%  swp=33.6±35.1  fid=0.0000  rew=+29.31
  ring_20q      3862ep | trunc=0%  swp=27.8±23.8  fid=0.0000  rew=+30.04
  grid_5x4_20q  3852ep | trunc=0%  swp=10.9±10.3  fid=0.0000  rew=+30.58
step=294400  rew=+45.854  swp=34.4  map=0.3  trunc=0%  pl=-0.020  vl=0.115  ent=1.350  kl=0.0583  gn=1.152
  line_20q      3840ep | trunc=0%  swp=33.7±35.2  fid=0.0000  rew=+29.32
  ring_20q      3865ep | trunc=0%  swp=27.8±23.8  fid=0.0000  rew=+30.05
  grid_5x4_20q  3853ep | trunc=0%  swp=10.9±10.3  fid=0.0000  rew=+30.58
step=294656  rew=+48.774  swp=35.9  map=0.5  trunc=0%  pl=-0.041  vl=0.190  ent=1.188  kl=0.1690  gn=1.100
  line_20q      3841ep | trunc=0%  swp=33.7±35.2  fid=0.0000  rew=+29.32
  ring_20q      3866ep | trunc=0%  swp=27.8±23.8  fid=0.0000  rew=+30.06
  grid_5x4_20q  3857ep | trunc=0%  swp=10.9±10.3  fid=0.0000  rew=+30.61
step=294912  rew=+52.789  swp=41.4  map=0.3  trunc=0%  pl=0.007  vl=0.289  ent=1.247  kl=0.0433  gn=1.588
  line_20q      3841ep | trunc=0%  swp=33.7±35.2  fid=0.0000  rew=+29.32
  ring_20q      3870ep | trunc=0%  swp=27.9±23.8  fid=0.0000  rew=+30.09
  grid_5x4_20q  3858ep | trunc=0%  swp=10.9±10.3  fid=0.0000  rew=+30.62
step=295168  rew=+60.867  swp=48.4  map=0.3  trunc=0%  pl=-0.048  vl=0.256  ent=1.284  kl=0.1952  gn=0.982
  line_20q      3842ep | trunc=0%  swp=33.7±35.2  fid=0.0000  rew=+29.33
  ring_20q      3871ep | trunc=0%  swp=27.9±23.8  fid=0.0000  rew=+30.10
  grid_5x4_20q  3861ep | trunc=0%  swp=10.9±10.3  fid=0.0000  rew=+30.66
step=295424  rew=+58.691  swp=43.2  map=0.3  trunc=0%  pl=0.027  vl=0.455  ent=1.082  kl=0.0528  gn=1.200
  line_20q      3846ep | trunc=0%  swp=33.7±35.2  fid=0.0000  rew=+29.34
  ring_20q      3873ep | trunc=0%  swp=27.9±23.8  fid=0.0000  rew=+30.13
  grid_5x4_20q  3864ep | trunc=0%  swp=10.9±10.3  fid=0.0000  rew=+30.67
step=295680  rew=+48.076  swp=23.9  map=0.9  trunc=0%  pl=0.004  vl=0.147  ent=0.912  kl=0.0578  gn=1.290
  line_20q      3849ep | trunc=0%  swp=33.7±35.2  fid=0.0000  rew=+29.35
  ring_20q      3877ep | trunc=0%  swp=27.9±23.9  fid=0.0000  rew=+30.15
  grid_5x4_20q  3868ep | trunc=0%  swp=10.9±10.3  fid=0.0000  rew=+30.69
step=295936  rew=+45.766  swp=25.2  map=1.1  trunc=0%  pl=0.010  vl=0.596  ent=0.923  kl=0.0722  gn=0.907
  line_20q      3852ep | trunc=0%  swp=33.7±35.2  fid=0.0000  rew=+29.35
  ring_20q      3880ep | trunc=0%  swp=27.9±23.9  fid=0.0000  rew=+30.17
  grid_5x4_20q  3870ep | trunc=0%  swp=10.9±10.3  fid=0.0000  rew=+30.69
step=296192  rew=+43.225  swp=27.2  map=0.8  trunc=0%  pl=0.003  vl=0.511  ent=1.060  kl=0.0411  gn=1.334
  line_20q      3855ep | trunc=0%  swp=33.7±35.1  fid=0.0000  rew=+29.35
  ring_20q      3883ep | trunc=0%  swp=27.9±23.9  fid=0.0000  rew=+30.19
  grid_5x4_20q  3870ep | trunc=0%  swp=10.9±10.3  fid=0.0000  rew=+30.69
step=296448  rew=+46.565  swp=34.2  map=0.5  trunc=0%  pl=-0.035  vl=0.361  ent=1.477  kl=0.0572  gn=1.141
  line_20q      3857ep | trunc=0%  swp=33.7±35.1  fid=0.0000  rew=+29.37
  ring_20q      3884ep | trunc=0%  swp=27.9±23.9  fid=0.0000  rew=+30.20
  grid_5x4_20q  3872ep | trunc=0%  swp=10.9±10.3  fid=0.0000  rew=+30.69
step=296704  rew=+51.525  swp=41.1  map=0.2  trunc=0%  pl=0.010  vl=0.301  ent=1.289  kl=0.0390  gn=1.316
  line_20q      3859ep | trunc=0%  swp=33.7±35.2  fid=0.0000  rew=+29.39
  ring_20q      3886ep | trunc=0%  swp=28.0±23.9  fid=0.0000  rew=+30.22
  grid_5x4_20q  3874ep | trunc=0%  swp=10.9±10.3  fid=0.0000  rew=+30.70
step=296960  rew=+51.656  swp=44.7  map=0.2  trunc=0%  pl=0.020  vl=0.262  ent=1.444  kl=0.0818  gn=0.999
  line_20q      3862ep | trunc=0%  swp=33.7±35.2  fid=0.0000  rew=+29.41
  ring_20q      3886ep | trunc=0%  swp=28.0±23.9  fid=0.0000  rew=+30.22
  grid_5x4_20q  3876ep | trunc=0%  swp=10.9±10.3  fid=0.0000  rew=+30.70
step=297216  rew=+48.993  swp=44.1  map=0.1  trunc=0%  pl=0.004  vl=0.349  ent=0.803  kl=0.2342  gn=1.288
  line_20q      3863ep | trunc=0%  swp=33.7±35.2  fid=0.0000  rew=+29.41
  ring_20q      3890ep | trunc=0%  swp=28.0±23.9  fid=0.0000  rew=+30.23
  grid_5x4_20q  3878ep | trunc=0%  swp=10.9±10.3  fid=0.0000  rew=+30.71
step=297472  rew=+50.800  swp=43.4  map=0.3  trunc=0%  pl=-0.036  vl=0.224  ent=0.843  kl=0.1923  gn=1.509
  line_20q      3863ep | trunc=0%  swp=33.7±35.2  fid=0.0000  rew=+29.41
  ring_20q      3894ep | trunc=0%  swp=28.0±23.9  fid=0.0000  rew=+30.24
  grid_5x4_20q  3881ep | trunc=0%  swp=10.9±10.3  fid=0.0000  rew=+30.74
step=297728  rew=+47.869  swp=31.5  map=0.5  trunc=0%  pl=-0.019  vl=0.225  ent=1.118  kl=0.0711  gn=0.924
  line_20q      3867ep | trunc=0%  swp=33.7±35.2  fid=0.0000  rew=+29.41
  ring_20q      3896ep | trunc=0%  swp=28.0±23.9  fid=0.0000  rew=+30.26
  grid_5x4_20q  3883ep | trunc=0%  swp=10.9±10.3  fid=0.0000  rew=+30.75
step=297984  rew=+43.376  swp=34.9  map=0.5  trunc=0%  pl=-0.018  vl=0.426  ent=0.868  kl=0.1670  gn=1.042
  line_20q      3871ep | trunc=0%  swp=33.7±35.2  fid=0.0000  rew=+29.43
  ring_20q      3899ep | trunc=0%  swp=28.0±23.9  fid=0.0000  rew=+30.27
  grid_5x4_20q  3883ep | trunc=0%  swp=10.9±10.3  fid=0.0000  rew=+30.75
step=298240  rew=+40.411  swp=34.2  map=0.4  trunc=0%  pl=0.015  vl=0.253  ent=1.325  kl=0.0628  gn=0.865
  line_20q      3873ep | trunc=0%  swp=33.8±35.2  fid=0.0000  rew=+29.44
  ring_20q      3899ep | trunc=0%  swp=28.0±23.9  fid=0.0000  rew=+30.27
  grid_5x4_20q  3884ep | trunc=0%  swp=10.9±10.3  fid=0.0000  rew=+30.75
step=298496  rew=+43.687  swp=39.7  map=0.3  trunc=0%  pl=0.004  vl=0.468  ent=0.862  kl=0.1145  gn=1.451
  line_20q      3876ep | trunc=0%  swp=33.8±35.2  fid=0.0000  rew=+29.45
  ring_20q      3902ep | trunc=0%  swp=28.0±23.9  fid=0.0000  rew=+30.27
  grid_5x4_20q  3886ep | trunc=0%  swp=10.9±10.3  fid=0.0000  rew=+30.76
step=298752  rew=+49.172  swp=38.6  map=0.3  trunc=0%  pl=-0.002  vl=0.198  ent=1.120  kl=0.1007  gn=1.170
  line_20q      3879ep | trunc=0%  swp=33.8±35.2  fid=0.0000  rew=+29.46
  ring_20q      3904ep | trunc=0%  swp=28.0±24.0  fid=0.0000  rew=+30.30
  grid_5x4_20q  3888ep | trunc=0%  swp=11.0±10.3  fid=0.0000  rew=+30.78
step=299008  rew=+58.018  swp=40.9  map=0.3  trunc=0%  pl=0.062  vl=0.450  ent=1.055  kl=0.1218  gn=1.321
  line_20q      3879ep | trunc=0%  swp=33.8±35.2  fid=0.0000  rew=+29.46
  ring_20q      3907ep | trunc=0%  swp=28.1±24.0  fid=0.0000  rew=+30.32
  grid_5x4_20q  3890ep | trunc=0%  swp=11.0±10.3  fid=0.0000  rew=+30.81
step=299264  rew=+54.504  swp=38.5  map=0.3  trunc=0%  pl=-0.015  vl=0.260  ent=1.030  kl=0.1195  gn=1.095
  line_20q      3884ep | trunc=0%  swp=33.8±35.2  fid=0.0000  rew=+29.48
  ring_20q      3908ep | trunc=0%  swp=28.1±24.0  fid=0.0000  rew=+30.32
  grid_5x4_20q  3892ep | trunc=0%  swp=11.0±10.3  fid=0.0000  rew=+30.82
step=299520  rew=+54.716  swp=41.0  map=0.3  trunc=0%  pl=-0.052  vl=0.273  ent=1.132  kl=0.1420  gn=1.013
  line_20q      3886ep | trunc=0%  swp=33.8±35.2  fid=0.0000  rew=+29.49
  ring_20q      3911ep | trunc=0%  swp=28.1±24.0  fid=0.0000  rew=+30.34
  grid_5x4_20q  3893ep | trunc=0%  swp=11.0±10.3  fid=0.0000  rew=+30.82
step=299776  rew=+44.713  swp=35.5  map=0.5  trunc=0%  pl=-0.018  vl=0.320  ent=1.082  kl=0.0573  gn=1.262
  line_20q      3889ep | trunc=0%  swp=33.8±35.2  fid=0.0000  rew=+29.50
  ring_20q      3914ep | trunc=0%  swp=28.1±23.9  fid=0.0000  rew=+30.35
  grid_5x4_20q  3894ep | trunc=0%  swp=11.0±10.3  fid=0.0000  rew=+30.82
step=300032  rew=+48.926  swp=34.8  map=0.5  trunc=0%  pl=-0.030  vl=0.323  ent=1.153  kl=0.1228  gn=0.844
  line_20q      3892ep | trunc=0%  swp=33.8±35.2  fid=0.0000  rew=+29.51
  ring_20q      3917ep | trunc=0%  swp=28.1±23.9  fid=0.0000  rew=+30.36
  grid_5x4_20q  3896ep | trunc=0%  swp=11.0±10.3  fid=0.0000  rew=+30.85
step=300288  rew=+49.723  swp=38.3  map=0.7  trunc=0%  pl=0.025  vl=0.344  ent=1.496  kl=0.0643  gn=1.621
  line_20q      3893ep | trunc=0%  swp=33.8±35.2  fid=0.0000  rew=+29.53
  ring_20q      3919ep | trunc=0%  swp=28.1±23.9  fid=0.0000  rew=+30.37
  grid_5x4_20q  3897ep | trunc=0%  swp=11.0±10.3  fid=0.0000  rew=+30.86
step=300544  rew=+54.855  swp=45.6  map=0.4  trunc=0%  pl=0.002  vl=0.166  ent=1.518  kl=0.1370  gn=1.436
  line_20q      3895ep | trunc=0%  swp=33.9±35.2  fid=0.0000  rew=+29.54
  ring_20q      3919ep | trunc=0%  swp=28.1±23.9  fid=0.0000  rew=+30.37
  grid_5x4_20q  3899ep | trunc=0%  swp=11.0±10.3  fid=0.0000  rew=+30.88
step=300800  rew=+55.358  swp=43.8  map=0.8  trunc=0%  pl=-0.036  vl=0.274  ent=1.034  kl=0.0630  gn=1.291
  line_20q      3900ep | trunc=0%  swp=33.8±35.2  fid=0.0000  rew=+29.56
  ring_20q      3920ep | trunc=0%  swp=28.1±24.0  fid=0.0000  rew=+30.37
  grid_5x4_20q  3902ep | trunc=0%  swp=11.0±10.3  fid=0.0000  rew=+30.89
step=301056  rew=+54.326  swp=44.6  map=1.0  trunc=0%  pl=-0.056  vl=0.331  ent=1.346  kl=0.2611  gn=1.012
  line_20q      3903ep | trunc=0%  swp=33.8±35.2  fid=0.0000  rew=+29.57
  ring_20q      3922ep | trunc=0%  swp=28.1±24.0  fid=0.0000  rew=+30.39
  grid_5x4_20q  3902ep | trunc=0%  swp=11.0±10.3  fid=0.0000  rew=+30.89
step=301312  rew=+49.024  swp=36.3  map=0.8  trunc=0%  pl=0.034  vl=0.376  ent=1.156  kl=0.0480  gn=1.471
  line_20q      3906ep | trunc=0%  swp=33.9±35.2  fid=0.0000  rew=+29.58
  ring_20q      3923ep | trunc=0%  swp=28.1±24.0  fid=0.0000  rew=+30.39
  grid_5x4_20q  3903ep | trunc=0%  swp=11.0±10.3  fid=0.0000  rew=+30.90
step=301568  rew=+45.746  swp=39.9  map=0.6  trunc=0%  pl=-0.017  vl=0.529  ent=1.091  kl=0.1261  gn=1.354
  line_20q      3910ep | trunc=0%  swp=33.9±35.2  fid=0.0000  rew=+29.60
  ring_20q      3925ep | trunc=0%  swp=28.1±24.0  fid=0.0000  rew=+30.40
  grid_5x4_20q  3904ep | trunc=0%  swp=11.0±10.3  fid=0.0000  rew=+30.89
step=301824  rew=+51.266  swp=40.2  map=0.8  trunc=0%  pl=-0.007  vl=0.166  ent=1.355  kl=0.0686  gn=1.337
  line_20q      3912ep | trunc=0%  swp=33.9±35.2  fid=0.0000  rew=+29.62
  ring_20q      3927ep | trunc=0%  swp=28.1±24.0  fid=0.0000  rew=+30.41
  grid_5x4_20q  3907ep | trunc=0%  swp=11.0±10.4  fid=0.0000  rew=+30.92
step=302080  rew=+53.412  swp=42.3  map=1.0  trunc=0%  pl=0.008  vl=0.280  ent=1.649  kl=0.0324  gn=1.390
  line_20q      3915ep | trunc=0%  swp=33.9±35.3  fid=0.0000  rew=+29.64
  ring_20q      3928ep | trunc=0%  swp=28.1±24.0  fid=0.0000  rew=+30.41
  grid_5x4_20q  3907ep | trunc=0%  swp=11.0±10.4  fid=0.0000  rew=+30.92
step=302336  rew=+51.923  swp=34.8  map=0.7  trunc=0%  pl=-0.013  vl=0.380  ent=0.855  kl=0.1107  gn=1.227
  line_20q      3919ep | trunc=0%  swp=33.9±35.3  fid=0.0000  rew=+29.65
  ring_20q      3930ep | trunc=0%  swp=28.1±24.0  fid=0.0000  rew=+30.43
  grid_5x4_20q  3911ep | trunc=0%  swp=11.0±10.4  fid=0.0000  rew=+30.93
step=302592  rew=+41.734  swp=20.4  map=0.7  trunc=0%  pl=-0.004  vl=0.155  ent=1.057  kl=0.0923  gn=1.316
  line_20q      3922ep | trunc=0%  swp=33.9±35.2  fid=0.0000  rew=+29.65
  ring_20q      3931ep | trunc=0%  swp=28.1±24.0  fid=0.0000  rew=+30.43
  grid_5x4_20q  3918ep | trunc=0%  swp=11.0±10.3  fid=0.0000  rew=+30.96
step=302848  rew=+45.671  swp=28.9  map=0.8  trunc=0%  pl=0.025  vl=0.776  ent=1.199  kl=0.1791  gn=1.692
  line_20q      3924ep | trunc=0%  swp=33.9±35.2  fid=0.0000  rew=+29.66
  ring_20q      3934ep | trunc=0%  swp=28.2±24.0  fid=0.0000  rew=+30.46
  grid_5x4_20q  3918ep | trunc=0%  swp=11.0±10.3  fid=0.0000  rew=+30.96
step=303104  rew=+48.671  swp=36.0  map=0.6  trunc=0%  pl=-0.007  vl=0.239  ent=1.180  kl=0.0402  gn=1.119
  line_20q      3925ep | trunc=0%  swp=33.9±35.2  fid=0.0000  rew=+29.66
  ring_20q      3936ep | trunc=0%  swp=28.2±24.1  fid=0.0000  rew=+30.48
  grid_5x4_20q  3920ep | trunc=0%  swp=11.0±10.3  fid=0.0000  rew=+30.96
step=303360  rew=+53.186  swp=40.9  map=0.6  trunc=0%  pl=0.016  vl=0.663  ent=0.921  kl=0.0563  gn=1.598
  line_20q      3928ep | trunc=0%  swp=33.9±35.2  fid=0.0000  rew=+29.67
  ring_20q      3938ep | trunc=0%  swp=28.2±24.1  fid=0.0000  rew=+30.48
  grid_5x4_20q  3923ep | trunc=0%  swp=11.0±10.4  fid=0.0000  rew=+31.00
step=303616  rew=+50.055  swp=23.7  map=0.9  trunc=0%  pl=-0.020  vl=0.277  ent=0.796  kl=0.0503  gn=1.172
  line_20q      3932ep | trunc=0%  swp=33.9±35.2  fid=0.0000  rew=+29.68
  ring_20q      3939ep | trunc=0%  swp=28.2±24.0  fid=0.0000  rew=+30.48
  grid_5x4_20q  3929ep | trunc=0%  swp=11.0±10.4  fid=0.0000  rew=+31.05
step=303872  rew=+49.811  swp=29.4  map=0.8  trunc=0%  pl=-0.007  vl=1.282  ent=1.279  kl=0.3961  gn=1.544
  line_20q      3935ep | trunc=0%  swp=33.9±35.2  fid=0.0000  rew=+29.69
  ring_20q      3940ep | trunc=0%  swp=28.2±24.0  fid=0.0000  rew=+30.49
  grid_5x4_20q  3929ep | trunc=0%  swp=11.0±10.4  fid=0.0000  rew=+31.05
step=304128  rew=+49.290  swp=34.8  map=0.8  trunc=0%  pl=-0.004  vl=0.474  ent=1.279  kl=0.0539  gn=1.188
  line_20q      3936ep | trunc=0%  swp=33.9±35.2  fid=0.0000  rew=+29.70
  ring_20q      3942ep | trunc=0%  swp=28.2±24.0  fid=0.0000  rew=+30.50
  grid_5x4_20q  3930ep | trunc=0%  swp=11.0±10.4  fid=0.0000  rew=+31.05
step=304384  rew=+52.030  swp=43.4  map=1.0  trunc=0%  pl=-0.006  vl=0.267  ent=1.275  kl=0.0473  gn=1.041
  line_20q      3937ep | trunc=0%  swp=34.0±35.3  fid=0.0000  rew=+29.72
  ring_20q      3945ep | trunc=0%  swp=28.2±24.0  fid=0.0000  rew=+30.51
  grid_5x4_20q  3931ep | trunc=0%  swp=11.0±10.4  fid=0.0000  rew=+31.05
step=304640  rew=+58.682  swp=57.5  map=0.9  trunc=0%  pl=-0.017  vl=0.216  ent=1.599  kl=0.0715  gn=0.960
  line_20q      3939ep | trunc=0%  swp=34.0±35.4  fid=0.0000  rew=+29.76
  ring_20q      3945ep | trunc=0%  swp=28.2±24.0  fid=0.0000  rew=+30.51
  grid_5x4_20q  3931ep | trunc=0%  swp=11.0±10.4  fid=0.0000  rew=+31.05
step=304896  rew=+60.474  swp=59.4  map=1.3  trunc=0%  pl=-0.036  vl=0.250  ent=1.370  kl=0.1861  gn=1.370
  line_20q      3940ep | trunc=0%  swp=34.0±35.4  fid=0.0000  rew=+29.76
  ring_20q      3946ep | trunc=0%  swp=28.2±24.0  fid=0.0000  rew=+30.52
  grid_5x4_20q  3933ep | trunc=0%  swp=11.0±10.4  fid=0.0000  rew=+31.08
step=305152  rew=+71.041  swp=57.0  map=1.7  trunc=0%  pl=-0.044  vl=0.266  ent=1.112  kl=0.0948  gn=1.608
  line_20q      3943ep | trunc=0%  swp=34.0±35.4  fid=0.0000  rew=+29.79
  ring_20q      3946ep | trunc=0%  swp=28.2±24.0  fid=0.0000  rew=+30.52
  grid_5x4_20q  3936ep | trunc=0%  swp=11.1±10.5  fid=0.0000  rew=+31.13
step=305408  rew=+71.648  swp=57.3  map=1.7  trunc=0%  pl=0.047  vl=0.791  ent=1.314  kl=0.1001  gn=1.293
  line_20q      3944ep | trunc=0%  swp=34.0±35.4  fid=0.0000  rew=+29.79
  ring_20q      3949ep | trunc=0%  swp=28.3±24.1  fid=0.0000  rew=+30.56
  grid_5x4_20q  3936ep | trunc=0%  swp=11.1±10.5  fid=0.0000  rew=+31.13
step=305664  rew=+70.488  swp=54.9  map=1.6  trunc=0%  pl=-0.032  vl=0.119  ent=1.027  kl=0.1685  gn=1.200
  line_20q      3945ep | trunc=0%  swp=34.0±35.4  fid=0.0000  rew=+29.78
  ring_20q      3951ep | trunc=0%  swp=28.3±24.1  fid=0.0000  rew=+30.56
  grid_5x4_20q  3938ep | trunc=0%  swp=11.1±10.5  fid=0.0000  rew=+31.16
step=305920  rew=+60.124  swp=44.5  map=1.2  trunc=0%  pl=-0.041  vl=0.147  ent=1.032  kl=0.2141  gn=1.064
  line_20q      3946ep | trunc=0%  swp=34.0±35.4  fid=0.0000  rew=+29.78
  ring_20q      3954ep | trunc=0%  swp=28.3±24.1  fid=0.0000  rew=+30.58
  grid_5x4_20q  3940ep | trunc=0%  swp=11.1±10.5  fid=0.0000  rew=+31.16
step=306176  rew=+45.848  swp=35.8  map=0.8  trunc=0%  pl=-0.030  vl=0.287  ent=0.753  kl=0.3180  gn=1.300
  line_20q      3949ep | trunc=0%  swp=34.1±35.4  fid=0.0000  rew=+29.79
  ring_20q      3958ep | trunc=0%  swp=28.3±24.1  fid=0.0000  rew=+30.59
  grid_5x4_20q  3942ep | trunc=0%  swp=11.1±10.5  fid=0.0000  rew=+31.17
step=306432  rew=+46.896  swp=35.5  map=0.7  trunc=0%  pl=0.016  vl=0.221  ent=1.162  kl=0.0374  gn=1.237
  line_20q      3950ep | trunc=0%  swp=34.1±35.4  fid=0.0000  rew=+29.79
  ring_20q      3961ep | trunc=0%  swp=28.3±24.1  fid=0.0000  rew=+30.61
  grid_5x4_20q  3945ep | trunc=0%  swp=11.1±10.5  fid=0.0000  rew=+31.18
step=306688  rew=+50.911  swp=39.2  map=0.9  trunc=0%  pl=0.013  vl=0.138  ent=1.381  kl=0.0181  gn=1.021
  line_20q      3952ep | trunc=0%  swp=34.1±35.4  fid=0.0000  rew=+29.81
  ring_20q      3962ep | trunc=0%  swp=28.3±24.1  fid=0.0000  rew=+30.62
  grid_5x4_20q  3946ep | trunc=0%  swp=11.1±10.5  fid=0.0000  rew=+31.19
step=306944  rew=+60.617  swp=43.0  map=0.8  trunc=0%  pl=0.005  vl=0.464  ent=1.063  kl=0.0309  gn=1.383
  line_20q      3953ep | trunc=0%  swp=34.1±35.4  fid=0.0000  rew=+29.82
  ring_20q      3965ep | trunc=0%  swp=28.3±24.1  fid=0.0000  rew=+30.64
  grid_5x4_20q  3947ep | trunc=0%  swp=11.1±10.5  fid=0.0000  rew=+31.21
step=307200  rew=+60.074  swp=45.1  map=1.0  trunc=0%  pl=0.008  vl=0.259  ent=1.041  kl=0.1033  gn=1.058
  line_20q      3954ep | trunc=0%  swp=34.1±35.4  fid=0.0000  rew=+29.83
  ring_20q      3968ep | trunc=0%  swp=28.4±24.1  fid=0.0000  rew=+30.66
  grid_5x4_20q  3948ep | trunc=0%  swp=11.1±10.5  fid=0.0000  rew=+31.21
step=307456  rew=+62.710  swp=43.5  map=1.1  trunc=0%  pl=-0.010  vl=0.472  ent=0.969  kl=0.1324  gn=1.544
  line_20q      3956ep | trunc=0%  swp=34.1±35.4  fid=0.0000  rew=+29.84
  ring_20q      3969ep | trunc=0%  swp=28.4±24.1  fid=0.0000  rew=+30.66
  grid_5x4_20q  3953ep | trunc=0%  swp=11.1±10.5  fid=0.0000  rew=+31.25
step=307712  rew=+62.622  swp=45.2  map=1.1  trunc=0%  pl=-0.041  vl=0.749  ent=1.524  kl=0.1792  gn=1.522
  line_20q      3959ep | trunc=0%  swp=34.1±35.5  fid=0.0000  rew=+29.88
  ring_20q      3969ep | trunc=0%  swp=28.4±24.1  fid=0.0000  rew=+30.66
  grid_5x4_20q  3953ep | trunc=0%  swp=11.1±10.5  fid=0.0000  rew=+31.25
step=307968  rew=+59.783  swp=50.8  map=1.1  trunc=0%  pl=-0.005  vl=0.583  ent=1.358  kl=0.0486  gn=1.062
  line_20q      3962ep | trunc=0%  swp=34.2±35.5  fid=0.0000  rew=+29.90
  ring_20q      3969ep | trunc=0%  swp=28.4±24.1  fid=0.0000  rew=+30.66
  grid_5x4_20q  3953ep | trunc=0%  swp=11.1±10.5  fid=0.0000  rew=+31.25
step=308224  rew=+55.091  swp=45.8  map=1.4  trunc=0%  pl=0.023  vl=0.196  ent=0.880  kl=0.0487  gn=1.395
  line_20q      3965ep | trunc=0%  swp=34.2±35.6  fid=0.0000  rew=+29.92
  ring_20q      3971ep | trunc=0%  swp=28.4±24.1  fid=0.0000  rew=+30.66
  grid_5x4_20q  3955ep | trunc=0%  swp=11.1±10.5  fid=0.0000  rew=+31.26
step=308480  rew=+51.211  swp=52.6  map=1.4  trunc=0%  pl=-0.018  vl=0.424  ent=1.088  kl=0.1529  gn=1.253
  line_20q      3966ep | trunc=0%  swp=34.2±35.6  fid=0.0000  rew=+29.94
  ring_20q      3973ep | trunc=0%  swp=28.4±24.1  fid=0.0000  rew=+30.67
  grid_5x4_20q  3957ep | trunc=0%  swp=11.1±10.5  fid=0.0000  rew=+31.26
step=308736  rew=+50.414  swp=48.5  map=1.1  trunc=0%  pl=-0.032  vl=0.148  ent=1.080  kl=0.2067  gn=1.044
  line_20q      3968ep | trunc=0%  swp=34.3±35.6  fid=0.0000  rew=+29.95
  ring_20q      3974ep | trunc=0%  swp=28.4±24.1  fid=0.0000  rew=+30.67
  grid_5x4_20q  3958ep | trunc=0%  swp=11.1±10.5  fid=0.0000  rew=+31.27
step=308992  rew=+46.747  swp=41.5  map=0.7  trunc=0%  pl=-0.024  vl=0.554  ent=0.804  kl=0.0985  gn=1.165
  line_20q      3971ep | trunc=0%  swp=34.3±35.6  fid=0.0000  rew=+29.95
  ring_20q      3978ep | trunc=0%  swp=28.4±24.1  fid=0.0000  rew=+30.69
  grid_5x4_20q  3959ep | trunc=0%  swp=11.1±10.5  fid=0.0000  rew=+31.27
step=309248  rew=+49.073  swp=40.1  map=0.7  trunc=0%  pl=-0.048  vl=0.158  ent=0.710  kl=0.3478  gn=0.965
  line_20q      3975ep | trunc=0%  swp=34.3±35.6  fid=0.0000  rew=+29.98
  ring_20q      3979ep | trunc=0%  swp=28.4±24.1  fid=0.0000  rew=+30.70
  grid_5x4_20q  3961ep | trunc=0%  swp=11.1±10.5  fid=0.0000  rew=+31.28
step=309504  rew=+53.667  swp=43.6  map=0.6  trunc=0%  pl=-0.003  vl=0.315  ent=1.858  kl=0.0177  gn=1.026
  line_20q      3975ep | trunc=0%  swp=34.3±35.6  fid=0.0000  rew=+29.98
  ring_20q      3980ep | trunc=0%  swp=28.4±24.2  fid=0.0000  rew=+30.73
  grid_5x4_20q  3963ep | trunc=0%  swp=11.1±10.5  fid=0.0000  rew=+31.28
step=309760  rew=+60.426  swp=40.9  map=0.8  trunc=0%  pl=-0.001  vl=1.054  ent=1.077  kl=0.0817  gn=2.281
  line_20q      3976ep | trunc=0%  swp=34.3±35.6  fid=0.0000  rew=+29.98
  ring_20q      3982ep | trunc=0%  swp=28.4±24.3  fid=0.0000  rew=+30.75
  grid_5x4_20q  3967ep | trunc=0%  swp=11.1±10.5  fid=0.0000  rew=+31.33
step=310016  rew=+63.030  swp=43.4  map=0.7  trunc=0%  pl=0.001  vl=0.441  ent=1.031  kl=0.1728  gn=1.208
  line_20q      3981ep | trunc=0%  swp=34.3±35.6  fid=0.0000  rew=+30.01
  ring_20q      3983ep | trunc=0%  swp=28.4±24.3  fid=0.0000  rew=+30.75
  grid_5x4_20q  3967ep | trunc=0%  swp=11.1±10.5  fid=0.0000  rew=+31.33
step=310272  rew=+59.485  swp=38.1  map=0.7  trunc=0%  pl=-0.001  vl=0.331  ent=1.573  kl=0.1004  gn=1.181
  line_20q      3982ep | trunc=0%  swp=34.3±35.6  fid=0.0000  rew=+30.03
  ring_20q      3985ep | trunc=0%  swp=28.4±24.3  fid=0.0000  rew=+30.76
  grid_5x4_20q  3969ep | trunc=0%  swp=11.1±10.5  fid=0.0000  rew=+31.34
step=310528  rew=+49.311  swp=29.6  map=1.1  trunc=0%  pl=-0.018  vl=0.730  ent=0.850  kl=0.0661  gn=1.688
  line_20q      3983ep | trunc=0%  swp=34.3±35.6  fid=0.0000  rew=+30.04
  ring_20q      3989ep | trunc=0%  swp=28.4±24.3  fid=0.0000  rew=+30.77
  grid_5x4_20q  3975ep | trunc=0%  swp=11.1±10.5  fid=0.0000  rew=+31.36
step=310784  rew=+52.125  swp=26.6  map=1.2  trunc=0%  pl=-0.046  vl=0.387  ent=1.069  kl=0.3664  gn=0.806
  line_20q      3985ep | trunc=0%  swp=34.3±35.6  fid=0.0000  rew=+30.05
  ring_20q      3990ep | trunc=0%  swp=28.5±24.3  fid=0.0000  rew=+30.78
  grid_5x4_20q  3979ep | trunc=0%  swp=11.1±10.5  fid=0.0000  rew=+31.40
step=311040  rew=+55.173  swp=27.6  map=1.0  trunc=0%  pl=-0.018  vl=0.272  ent=1.304  kl=0.0778  gn=1.553
  line_20q      3987ep | trunc=0%  swp=34.3±35.6  fid=0.0000  rew=+30.06
  ring_20q      3991ep | trunc=0%  swp=28.5±24.3  fid=0.0000  rew=+30.79
  grid_5x4_20q  3983ep | trunc=0%  swp=11.1±10.6  fid=0.0000  rew=+31.44
step=311296  rew=+60.502  swp=36.2  map=1.0  trunc=0%  pl=-0.026  vl=0.360  ent=1.380  kl=0.1144  gn=1.132
  line_20q      3988ep | trunc=0%  swp=34.3±35.7  fid=0.0000  rew=+30.09
  ring_20q      3991ep | trunc=0%  swp=28.5±24.3  fid=0.0000  rew=+30.79
  grid_5x4_20q  3985ep | trunc=0%  swp=11.1±10.6  fid=0.0000  rew=+31.45
step=311552  rew=+60.032  swp=37.8  map=0.9  trunc=0%  pl=-0.037  vl=0.208  ent=1.022  kl=0.1764  gn=1.193
  line_20q      3992ep | trunc=0%  swp=34.4±35.7  fid=0.0000  rew=+30.11
  ring_20q      3993ep | trunc=0%  swp=28.5±24.3  fid=0.0000  rew=+30.79
  grid_5x4_20q  3988ep | trunc=0%  swp=11.1±10.6  fid=0.0000  rew=+31.46
step=311808  rew=+59.841  swp=42.6  map=0.8  trunc=0%  pl=-0.037  vl=0.479  ent=1.311  kl=0.2737  gn=1.094
  line_20q      3993ep | trunc=0%  swp=34.4±35.7  fid=0.0000  rew=+30.13
  ring_20q      3995ep | trunc=0%  swp=28.5±24.3  fid=0.0000  rew=+30.81
  grid_5x4_20q  3990ep | trunc=0%  swp=11.1±10.6  fid=0.0000  rew=+31.48
step=312064  rew=+52.888  swp=39.9  map=0.6  trunc=0%  pl=-0.017  vl=0.067  ent=1.332  kl=0.0415  gn=1.381
  line_20q      3995ep | trunc=0%  swp=34.4±35.7  fid=0.0000  rew=+30.14
  ring_20q      3996ep | trunc=0%  swp=28.5±24.3  fid=0.0000  rew=+30.81
  grid_5x4_20q  3993ep | trunc=0%  swp=11.1±10.6  fid=0.0000  rew=+31.48
step=312320  rew=+56.188  swp=41.4  map=0.8  trunc=0%  pl=0.006  vl=0.199  ent=1.290  kl=0.0591  gn=1.334
  line_20q      3996ep | trunc=0%  swp=34.4±35.7  fid=0.0000  rew=+30.14
  ring_20q      3998ep | trunc=0%  swp=28.5±24.3  fid=0.0000  rew=+30.84
  grid_5x4_20q  3995ep | trunc=0%  swp=11.1±10.6  fid=0.0000  rew=+31.50
step=312576  rew=+60.381  swp=51.2  map=0.8  trunc=0%  pl=0.042  vl=0.515  ent=1.352  kl=0.0588  gn=1.611
  line_20q      3998ep | trunc=0%  swp=34.4±35.7  fid=0.0000  rew=+30.17
  ring_20q      3998ep | trunc=0%  swp=28.5±24.3  fid=0.0000  rew=+30.84
  grid_5x4_20q  3996ep | trunc=0%  swp=11.1±10.6  fid=0.0000  rew=+31.50
step=312832  rew=+60.835  swp=50.1  map=0.8  trunc=0%  pl=-0.020  vl=0.230  ent=1.423  kl=0.0356  gn=1.338
  line_20q      4001ep | trunc=0%  swp=34.5±35.8  fid=0.0000  rew=+30.20
  ring_20q      3998ep | trunc=0%  swp=28.5±24.3  fid=0.0000  rew=+30.84
  grid_5x4_20q  3997ep | trunc=0%  swp=11.1±10.6  fid=0.0000  rew=+31.51
step=313088  rew=+64.786  swp=49.5  map=1.2  trunc=0%  pl=0.003  vl=0.282  ent=1.023  kl=0.2150  gn=1.712
  line_20q      4003ep | trunc=0%  swp=34.5±35.8  fid=0.0000  rew=+30.21
  ring_20q      4000ep | trunc=0%  swp=28.5±24.3  fid=0.0000  rew=+30.85
  grid_5x4_20q  4000ep | trunc=0%  swp=11.2±10.6  fid=0.0000  rew=+31.54
step=313344  rew=+69.424  swp=57.0  map=1.2  trunc=0%  pl=0.009  vl=1.297  ent=1.931  kl=0.0399  gn=1.555
  line_20q      4003ep | trunc=0%  swp=34.5±35.8  fid=0.0000  rew=+30.21
  ring_20q      4001ep | trunc=0%  swp=28.6±24.5  fid=0.0000  rew=+30.88
  grid_5x4_20q  4000ep | trunc=0%  swp=11.2±10.6  fid=0.0000  rew=+31.54
step=313600  rew=+64.769  swp=61.0  map=1.1  trunc=0%  pl=-0.015  vl=0.633  ent=1.462  kl=0.2524  gn=1.624
  line_20q      4006ep | trunc=0%  swp=34.5±35.8  fid=0.0000  rew=+30.22
  ring_20q      4002ep | trunc=0%  swp=28.6±24.5  fid=0.0000  rew=+30.89
  grid_5x4_20q  4000ep | trunc=0%  swp=11.2±10.6  fid=0.0000  rew=+31.54
step=313856  rew=+59.347  swp=50.4  map=1.2  trunc=0%  pl=0.006  vl=0.244  ent=1.171  kl=0.1502  gn=1.360
  line_20q      4007ep | trunc=0%  swp=34.5±35.8  fid=0.0000  rew=+30.22
  ring_20q      4004ep | trunc=0%  swp=28.6±24.5  fid=0.0000  rew=+30.90
  grid_5x4_20q  4003ep | trunc=0%  swp=11.2±10.6  fid=0.0000  rew=+31.56
step=314112  rew=+64.675  swp=55.8  map=0.8  trunc=0%  pl=0.000  vl=0.479  ent=1.257  kl=0.0368  gn=1.390
  line_20q      4009ep | trunc=0%  swp=34.5±35.8  fid=0.0000  rew=+30.25
  ring_20q      4005ep | trunc=0%  swp=28.6±24.5  fid=0.0000  rew=+30.92
  grid_5x4_20q  4006ep | trunc=0%  swp=11.2±10.6  fid=0.0000  rew=+31.57
step=314368  rew=+60.774  swp=53.6  map=0.8  trunc=0%  pl=0.006  vl=0.406  ent=1.508  kl=0.0300  gn=1.213
  line_20q      4011ep | trunc=0%  swp=34.5±35.8  fid=0.0000  rew=+30.25
  ring_20q      4007ep | trunc=0%  swp=28.6±24.6  fid=0.0000  rew=+30.95
  grid_5x4_20q  4006ep | trunc=0%  swp=11.2±10.6  fid=0.0000  rew=+31.57
step=314624  rew=+62.496  swp=46.1  map=0.8  trunc=0%  pl=-0.014  vl=0.468  ent=1.407  kl=0.0947  gn=1.312
  line_20q      4012ep | trunc=0%  swp=34.5±35.8  fid=0.0000  rew=+30.26
  ring_20q      4010ep | trunc=0%  swp=28.7±24.6  fid=0.0000  rew=+30.97
  grid_5x4_20q  4007ep | trunc=0%  swp=11.2±10.6  fid=0.0000  rew=+31.59
step=314880  rew=+64.202  swp=46.2  map=0.8  trunc=0%  pl=0.006  vl=0.284  ent=1.252  kl=0.0608  gn=1.583
  line_20q      4014ep | trunc=0%  swp=34.6±35.8  fid=0.0000  rew=+30.27
  ring_20q      4010ep | trunc=0%  swp=28.7±24.6  fid=0.0000  rew=+30.97
  grid_5x4_20q  4011ep | trunc=0%  swp=11.2±10.6  fid=0.0000  rew=+31.61
step=315136  rew=+58.303  swp=40.5  map=0.7  trunc=0%  pl=-0.017  vl=0.279  ent=0.964  kl=0.1063  gn=1.216
  line_20q      4018ep | trunc=0%  swp=34.6±35.8  fid=0.0000  rew=+30.29
  ring_20q      4012ep | trunc=0%  swp=28.7±24.6  fid=0.0000  rew=+30.98
  grid_5x4_20q  4013ep | trunc=0%  swp=11.2±10.6  fid=0.0000  rew=+31.62
step=315392  rew=+59.479  swp=48.3  map=0.6  trunc=0%  pl=0.003  vl=0.515  ent=1.533  kl=0.1687  gn=1.434
  line_20q      4019ep | trunc=0%  swp=34.6±35.8  fid=0.0000  rew=+30.31
  ring_20q      4013ep | trunc=0%  swp=28.7±24.7  fid=0.0000  rew=+31.00
  grid_5x4_20q  4014ep | trunc=0%  swp=11.2±10.6  fid=0.0000  rew=+31.63
step=315648  rew=+60.184  swp=41.4  map=1.3  trunc=0%  pl=0.003  vl=0.157  ent=1.312  kl=0.1211  gn=1.207
  line_20q      4020ep | trunc=0%  swp=34.6±35.8  fid=0.0000  rew=+30.32
  ring_20q      4014ep | trunc=0%  swp=28.7±24.7  fid=0.0000  rew=+31.01
  grid_5x4_20q  4019ep | trunc=0%  swp=11.2±10.6  fid=0.0000  rew=+31.66
step=315904  rew=+60.560  swp=48.0  map=1.3  trunc=0%  pl=0.055  vl=0.721  ent=1.682  kl=0.0583  gn=1.017
  line_20q      4022ep | trunc=0%  swp=34.6±35.9  fid=0.0000  rew=+30.34
  ring_20q      4014ep | trunc=0%  swp=28.7±24.7  fid=0.0000  rew=+31.01
  grid_5x4_20q  4019ep | trunc=0%  swp=11.2±10.6  fid=0.0000  rew=+31.66
step=316160  rew=+62.641  swp=50.5  map=1.4  trunc=0%  pl=0.032  vl=1.093  ent=0.946  kl=0.0568  gn=1.717
  line_20q      4026ep | trunc=0%  swp=34.7±35.9  fid=0.0000  rew=+30.35
  ring_20q      4015ep | trunc=0%  swp=28.7±24.7  fid=0.0000  rew=+31.01
  grid_5x4_20q  4021ep | trunc=0%  swp=11.2±10.6  fid=0.0000  rew=+31.69
step=316416  rew=+56.416  swp=41.5  map=1.4  trunc=0%  pl=0.020  vl=0.688  ent=1.701  kl=0.0301  gn=1.177
  line_20q      4028ep | trunc=0%  swp=34.7±35.9  fid=0.0000  rew=+30.36
  ring_20q      4016ep | trunc=0%  swp=28.7±24.7  fid=0.0000  rew=+31.01
  grid_5x4_20q  4021ep | trunc=0%  swp=11.2±10.6  fid=0.0000  rew=+31.69
step=316672  rew=+59.136  swp=47.8  map=1.1  trunc=0%  pl=-0.024  vl=0.268  ent=1.146  kl=0.0797  gn=1.128
  line_20q      4030ep | trunc=0%  swp=34.7±35.9  fid=0.0000  rew=+30.37
  ring_20q      4018ep | trunc=0%  swp=28.7±24.8  fid=0.0000  rew=+31.04
  grid_5x4_20q  4023ep | trunc=0%  swp=11.2±10.6  fid=0.0000  rew=+31.71
step=316928  rew=+61.099  swp=45.4  map=0.8  trunc=0%  pl=-0.036  vl=0.196  ent=1.418  kl=0.1189  gn=1.107
  line_20q      4032ep | trunc=0%  swp=34.7±35.9  fid=0.0000  rew=+30.38
  ring_20q      4020ep | trunc=0%  swp=28.7±24.8  fid=0.0000  rew=+31.05
  grid_5x4_20q  4025ep | trunc=0%  swp=11.2±10.6  fid=0.0000  rew=+31.73
step=317184  rew=+59.818  swp=49.7  map=0.8  trunc=0%  pl=-0.036  vl=0.099  ent=1.472  kl=0.1700  gn=1.117
  line_20q      4034ep | trunc=0%  swp=34.7±35.9  fid=0.0000  rew=+30.40
  ring_20q      4022ep | trunc=0%  swp=28.7±24.8  fid=0.0000  rew=+31.05
  grid_5x4_20q  4026ep | trunc=0%  swp=11.2±10.6  fid=0.0000  rew=+31.75
step=317440  rew=+62.429  swp=44.8  map=1.1  trunc=0%  pl=-0.007  vl=0.414  ent=1.120  kl=0.0540  gn=1.038
  line_20q      4034ep | trunc=0%  swp=34.7±35.9  fid=0.0000  rew=+30.40
  ring_20q      4026ep | trunc=0%  swp=28.7±24.8  fid=0.0000  rew=+31.07
  grid_5x4_20q  4028ep | trunc=0%  swp=11.2±10.6  fid=0.0000  rew=+31.77
step=317696  rew=+64.412  swp=53.0  map=0.9  trunc=0%  pl=0.069  vl=0.659  ent=1.746  kl=0.1249  gn=1.953
  line_20q      4036ep | trunc=0%  swp=34.8±36.0  fid=0.0000  rew=+30.42
  ring_20q      4026ep | trunc=0%  swp=28.7±24.8  fid=0.0000  rew=+31.07
  grid_5x4_20q  4028ep | trunc=0%  swp=11.2±10.6  fid=0.0000  rew=+31.77
step=317952  rew=+62.524  swp=49.4  map=0.8  trunc=0%  pl=0.008  vl=0.536  ent=0.895  kl=0.0379  gn=1.744
  line_20q      4038ep | trunc=0%  swp=34.8±36.0  fid=0.0000  rew=+30.44
  ring_20q      4028ep | trunc=0%  swp=28.7±24.8  fid=0.0000  rew=+31.08
  grid_5x4_20q  4030ep | trunc=0%  swp=11.2±10.6  fid=0.0000  rew=+31.78
step=318208  rew=+63.316  swp=54.5  map=0.8  trunc=0%  pl=-0.005  vl=0.215  ent=1.416  kl=0.0448  gn=1.163
  line_20q      4039ep | trunc=0%  swp=34.8±36.0  fid=0.0000  rew=+30.44
  ring_20q      4031ep | trunc=0%  swp=28.8±24.8  fid=0.0000  rew=+31.11
  grid_5x4_20q  4031ep | trunc=0%  swp=11.2±10.6  fid=0.0000  rew=+31.79
step=318464  rew=+56.614  swp=57.0  map=0.7  trunc=0%  pl=-0.006  vl=0.137  ent=1.372  kl=0.0297  gn=1.023
  line_20q      4043ep | trunc=0%  swp=34.8±36.0  fid=0.0000  rew=+30.46
  ring_20q      4031ep | trunc=0%  swp=28.8±24.8  fid=0.0000  rew=+31.11
  grid_5x4_20q  4031ep | trunc=0%  swp=11.2±10.6  fid=0.0000  rew=+31.79
step=318720  rew=+57.204  swp=45.2  map=0.8  trunc=0%  pl=-0.008  vl=0.191  ent=1.616  kl=0.0403  gn=0.879
  line_20q      4044ep | trunc=0%  swp=34.8±36.1  fid=0.0000  rew=+30.47
  ring_20q      4031ep | trunc=0%  swp=28.8±24.8  fid=0.0000  rew=+31.11
  grid_5x4_20q  4036ep | trunc=0%  swp=11.2±10.6  fid=0.0000  rew=+31.82
step=318976  rew=+50.165  swp=40.1  map=1.0  trunc=0%  pl=0.003  vl=0.199  ent=1.420  kl=0.0649  gn=1.095
  line_20q      4047ep | trunc=0%  swp=34.9±36.1  fid=0.0000  rew=+30.48
  ring_20q      4033ep | trunc=0%  swp=28.8±24.8  fid=0.0000  rew=+31.12
  grid_5x4_20q  4038ep | trunc=0%  swp=11.2±10.6  fid=0.0000  rew=+31.83
step=319232  rew=+55.382  swp=43.8  map=0.7  trunc=0%  pl=-0.044  vl=0.129  ent=1.214  kl=0.1544  gn=1.024
  line_20q      4049ep | trunc=0%  swp=34.9±36.1  fid=0.0000  rew=+30.49
  ring_20q      4033ep | trunc=0%  swp=28.8±24.8  fid=0.0000  rew=+31.12
  grid_5x4_20q  4042ep | trunc=0%  swp=11.2±10.6  fid=0.0000  rew=+31.86
step=319488  rew=+50.799  swp=40.1  map=0.7  trunc=0%  pl=0.007  vl=0.457  ent=1.709  kl=0.0354  gn=0.917
  line_20q      4050ep | trunc=0%  swp=34.9±36.1  fid=0.0000  rew=+30.49
  ring_20q      4035ep | trunc=0%  swp=28.8±24.8  fid=0.0000  rew=+31.12
  grid_5x4_20q  4042ep | trunc=0%  swp=11.2±10.6  fid=0.0000  rew=+31.86
step=319744  rew=+56.326  swp=46.0  map=0.7  trunc=0%  pl=0.032  vl=0.528  ent=1.363  kl=0.0582  gn=1.921
  line_20q      4051ep | trunc=0%  swp=34.9±36.2  fid=0.0000  rew=+30.52
  ring_20q      4036ep | trunc=0%  swp=28.8±24.9  fid=0.0000  rew=+31.14
  grid_5x4_20q  4044ep | trunc=0%  swp=11.2±10.6  fid=0.0000  rew=+31.88
step=320000  rew=+64.640  swp=46.4  map=0.7  trunc=0%  pl=0.008  vl=0.401  ent=0.891  kl=0.0264  gn=1.328
  line_20q      4052ep | trunc=0%  swp=34.9±36.2  fid=0.0000  rew=+30.53
  ring_20q      4038ep | trunc=0%  swp=28.8±24.9  fid=0.0000  rew=+31.16
  grid_5x4_20q  4049ep | trunc=0%  swp=11.2±10.6  fid=0.0000  rew=+31.91
step=320256  rew=+68.252  swp=45.4  map=0.7  trunc=0%  pl=0.017  vl=0.462  ent=1.300  kl=0.0386  gn=1.740
  line_20q      4053ep | trunc=0%  swp=34.9±36.2  fid=0.0000  rew=+30.53
  ring_20q      4041ep | trunc=0%  swp=28.9±24.9  fid=0.0000  rew=+31.19
  grid_5x4_20q  4051ep | trunc=0%  swp=11.2±10.6  fid=0.0000  rew=+31.93
step=320512  rew=+73.172  swp=50.5  map=0.7  trunc=0%  pl=-0.004  vl=0.697  ent=1.956  kl=0.0346  gn=1.097
  line_20q      4053ep | trunc=0%  swp=34.9±36.2  fid=0.0000  rew=+30.53
  ring_20q      4042ep | trunc=0%  swp=28.9±25.0  fid=0.0000  rew=+31.21
  grid_5x4_20q  4051ep | trunc=0%  swp=11.2±10.6  fid=0.0000  rew=+31.93
step=320768  rew=+62.144  swp=44.6  map=0.7  trunc=0%  pl=-0.000  vl=0.431  ent=0.885  kl=0.2576  gn=1.340
  line_20q      4054ep | trunc=0%  swp=35.0±36.3  fid=0.0000  rew=+30.55
  ring_20q      4046ep | trunc=0%  swp=28.9±25.0  fid=0.0000  rew=+31.23
  grid_5x4_20q  4054ep | trunc=0%  swp=11.2±10.6  fid=0.0000  rew=+31.94
step=321024  rew=+58.769  swp=47.2  map=0.5  trunc=0%  pl=-0.013  vl=0.228  ent=1.241  kl=0.1125  gn=1.403
  line_20q      4057ep | trunc=0%  swp=35.0±36.3  fid=0.0000  rew=+30.55
  ring_20q      4048ep | trunc=0%  swp=28.9±25.0  fid=0.0000  rew=+31.24
  grid_5x4_20q  4056ep | trunc=0%  swp=11.2±10.6  fid=0.0000  rew=+31.96
step=321280  rew=+50.915  swp=35.2  map=0.5  trunc=0%  pl=0.029  vl=0.590  ent=1.167  kl=0.0997  gn=1.545
  line_20q      4061ep | trunc=0%  swp=35.0±36.2  fid=0.0000  rew=+30.57
  ring_20q      4050ep | trunc=0%  swp=28.9±25.0  fid=0.0000  rew=+31.26
  grid_5x4_20q  4056ep | trunc=0%  swp=11.2±10.6  fid=0.0000  rew=+31.96
step=321536  rew=+53.607  swp=39.4  map=0.3  trunc=0%  pl=0.015  vl=0.310  ent=1.599  kl=0.0325  gn=1.381
  line_20q      4065ep | trunc=0%  swp=35.0±36.3  fid=0.0000  rew=+30.60
  ring_20q      4050ep | trunc=0%  swp=28.9±25.0  fid=0.0000  rew=+31.26
  grid_5x4_20q  4056ep | trunc=0%  swp=11.2±10.6  fid=0.0000  rew=+31.96
step=321792  rew=+54.972  swp=41.6  map=0.4  trunc=0%  pl=0.021  vl=0.767  ent=1.140  kl=0.0406  gn=2.207
  line_20q      4068ep | trunc=0%  swp=35.0±36.3  fid=0.0000  rew=+30.61
  ring_20q      4052ep | trunc=0%  swp=28.9±25.0  fid=0.0000  rew=+31.28
  grid_5x4_20q  4058ep | trunc=0%  swp=11.2±10.6  fid=0.0000  rew=+31.97
step=322048  rew=+56.050  swp=42.9  map=0.5  trunc=0%  pl=-0.017  vl=0.237  ent=1.383  kl=0.1427  gn=1.388
  line_20q      4071ep | trunc=0%  swp=35.0±36.3  fid=0.0000  rew=+30.63
  ring_20q      4052ep | trunc=0%  swp=28.9±25.0  fid=0.0000  rew=+31.28
  grid_5x4_20q  4059ep | trunc=0%  swp=11.2±10.6  fid=0.0000  rew=+31.98
step=322304  rew=+64.018  swp=49.9  map=0.5  trunc=0%  pl=-0.066  vl=0.241  ent=1.492  kl=0.2177  gn=1.121
  line_20q      4073ep | trunc=0%  swp=35.0±36.3  fid=0.0000  rew=+30.65
  ring_20q      4052ep | trunc=0%  swp=28.9±25.0  fid=0.0000  rew=+31.28
  grid_5x4_20q  4061ep | trunc=0%  swp=11.3±10.7  fid=0.0000  rew=+32.02
step=322560  rew=+59.470  swp=44.4  map=0.7  trunc=0%  pl=-0.013  vl=0.192  ent=1.298  kl=0.0833  gn=1.053
  line_20q      4075ep | trunc=0%  swp=35.0±36.4  fid=0.0000  rew=+30.66
  ring_20q      4054ep | trunc=0%  swp=28.9±25.0  fid=0.0000  rew=+31.29
  grid_5x4_20q  4063ep | trunc=0%  swp=11.3±10.7  fid=0.0000  rew=+32.03
step=322816  rew=+63.651  swp=55.7  map=0.6  trunc=0%  pl=0.021  vl=0.961  ent=2.040  kl=0.0292  gn=1.110
  line_20q      4076ep | trunc=0%  swp=35.1±36.5  fid=0.0000  rew=+30.69
  ring_20q      4054ep | trunc=0%  swp=28.9±25.0  fid=0.0000  rew=+31.29
  grid_5x4_20q  4063ep | trunc=0%  swp=11.3±10.7  fid=0.0000  rew=+32.03
step=323072  rew=+68.656  swp=64.0  map=0.5  trunc=0%  pl=-0.007  vl=0.564  ent=1.224  kl=0.1650  gn=1.465
  line_20q      4078ep | trunc=0%  swp=35.1±36.5  fid=0.0000  rew=+30.71
  ring_20q      4056ep | trunc=0%  swp=29.0±25.0  fid=0.0000  rew=+31.29
  grid_5x4_20q  4064ep | trunc=0%  swp=11.3±10.7  fid=0.0000  rew=+32.05
step=323328  rew=+71.482  swp=68.0  map=0.6  trunc=0%  pl=-0.020  vl=0.314  ent=1.381  kl=0.2713  gn=1.016
  line_20q      4078ep | trunc=0%  swp=35.1±36.5  fid=0.0000  rew=+30.71
  ring_20q      4058ep | trunc=0%  swp=29.0±25.1  fid=0.0000  rew=+31.32
  grid_5x4_20q  4065ep | trunc=0%  swp=11.3±10.7  fid=0.0000  rew=+32.06
step=323584  rew=+68.606  swp=60.0  map=0.8  trunc=0%  pl=-0.009  vl=0.380  ent=1.636  kl=0.0274  gn=1.026
  line_20q      4079ep | trunc=0%  swp=35.1±36.5  fid=0.0000  rew=+30.72
  ring_20q      4060ep | trunc=0%  swp=29.0±25.1  fid=0.0000  rew=+31.32
  grid_5x4_20q  4065ep | trunc=0%  swp=11.3±10.7  fid=0.0000  rew=+32.06
step=323840  rew=+65.751  swp=63.3  map=0.8  trunc=0%  pl=0.017  vl=0.578  ent=1.601  kl=0.0316  gn=1.651
  line_20q      4081ep | trunc=0%  swp=35.2±36.7  fid=0.0000  rew=+30.75
  ring_20q      4061ep | trunc=0%  swp=29.0±25.1  fid=0.0000  rew=+31.32
  grid_5x4_20q  4065ep | trunc=0%  swp=11.3±10.7  fid=0.0000  rew=+32.06
step=324096  rew=+64.967  swp=59.1  map=0.9  trunc=0%  pl=0.010  vl=0.629  ent=1.008  kl=0.0815  gn=1.552
  line_20q      4085ep | trunc=0%  swp=35.2±36.7  fid=0.0000  rew=+30.79
  ring_20q      4061ep | trunc=0%  swp=29.0±25.1  fid=0.0000  rew=+31.32
  grid_5x4_20q  4067ep | trunc=0%  swp=11.3±10.7  fid=0.0000  rew=+32.07
step=324352  rew=+71.219  swp=67.6  map=0.9  trunc=0%  pl=0.022  vl=0.363  ent=1.561  kl=0.0829  gn=1.211
  line_20q      4086ep | trunc=0%  swp=35.2±36.7  fid=0.0000  rew=+30.80
  ring_20q      4063ep | trunc=0%  swp=29.0±25.2  fid=0.0000  rew=+31.35
  grid_5x4_20q  4067ep | trunc=0%  swp=11.3±10.7  fid=0.0000  rew=+32.07
step=324608  rew=+69.213  swp=62.0  map=1.1  trunc=0%  pl=-0.025  vl=0.356  ent=1.361  kl=0.1062  gn=0.849
  line_20q      4087ep | trunc=0%  swp=35.3±36.8  fid=0.0000  rew=+30.82
  ring_20q      4064ep | trunc=0%  swp=29.0±25.2  fid=0.0000  rew=+31.36
  grid_5x4_20q  4070ep | trunc=0%  swp=11.3±10.7  fid=0.0000  rew=+32.09
step=324864  rew=+64.000  swp=41.2  map=1.2  trunc=0%  pl=0.025  vl=0.845  ent=0.738  kl=0.0880  gn=2.805
  line_20q      4090ep | trunc=0%  swp=35.3±36.8  fid=0.0000  rew=+30.85
  ring_20q      4065ep | trunc=0%  swp=29.0±25.2  fid=0.0000  rew=+31.36
  grid_5x4_20q  4075ep | trunc=0%  swp=11.3±10.7  fid=0.0000  rew=+32.12
step=325120  rew=+62.855  swp=40.1  map=1.1  trunc=0%  pl=-0.001  vl=0.272  ent=1.543  kl=0.1956  gn=1.094
  line_20q      4091ep | trunc=0%  swp=35.3±36.8  fid=0.0000  rew=+30.86
  ring_20q      4067ep | trunc=0%  swp=29.0±25.2  fid=0.0000  rew=+31.36
  grid_5x4_20q  4077ep | trunc=0%  swp=11.3±10.7  fid=0.0000  rew=+32.14
step=325376  rew=+56.610  swp=30.6  map=1.1  trunc=0%  pl=0.004  vl=0.116  ent=1.610  kl=0.0790  gn=1.332
  line_20q      4093ep | trunc=0%  swp=35.3±36.8  fid=0.0000  rew=+30.88
  ring_20q      4068ep | trunc=0%  swp=29.0±25.2  fid=0.0000  rew=+31.36
  grid_5x4_20q  4080ep | trunc=0%  swp=11.3±10.7  fid=0.0000  rew=+32.16
step=325632  rew=+62.020  swp=42.6  map=0.9  trunc=0%  pl=-0.005  vl=0.286  ent=1.673  kl=0.0209  gn=0.994
  line_20q      4094ep | trunc=0%  swp=35.4±37.0  fid=0.0000  rew=+30.90
  ring_20q      4068ep | trunc=0%  swp=29.0±25.2  fid=0.0000  rew=+31.36
  grid_5x4_20q  4081ep | trunc=0%  swp=11.3±10.7  fid=0.0000  rew=+32.16
step=325888  rew=+66.958  swp=54.9  map=0.8  trunc=0%  pl=-0.024  vl=0.305  ent=1.832  kl=0.0527  gn=0.833
  line_20q      4095ep | trunc=0%  swp=35.4±37.0  fid=0.0000  rew=+30.91
  ring_20q      4069ep | trunc=0%  swp=29.1±25.3  fid=0.0000  rew=+31.40
  grid_5x4_20q  4082ep | trunc=0%  swp=11.3±10.7  fid=0.0000  rew=+32.17
step=326144  rew=+66.634  swp=49.8  map=1.3  trunc=0%  pl=0.022  vl=1.128  ent=1.084  kl=0.0746  gn=2.109
  line_20q      4096ep | trunc=0%  swp=35.4±37.0  fid=0.0000  rew=+30.91
  ring_20q      4069ep | trunc=0%  swp=29.1±25.3  fid=0.0000  rew=+31.40
  grid_5x4_20q  4088ep | trunc=0%  swp=11.3±10.7  fid=0.0000  rew=+32.20
step=326400  rew=+72.785  swp=56.3  map=1.2  trunc=0%  pl=-0.005  vl=0.553  ent=1.749  kl=0.0880  gn=1.348
  line_20q      4096ep | trunc=0%  swp=35.4±37.0  fid=0.0000  rew=+30.91
  ring_20q      4071ep | trunc=0%  swp=29.1±25.4  fid=0.0000  rew=+31.44
  grid_5x4_20q  4089ep | trunc=0%  swp=11.3±10.7  fid=0.0000  rew=+32.22
step=326656  rew=+72.989  swp=51.7  map=1.1  trunc=0%  pl=-0.005  vl=0.319  ent=1.216  kl=0.0316  gn=1.065
  line_20q      4101ep | trunc=0%  swp=35.4±37.0  fid=0.0000  rew=+30.94
  ring_20q      4071ep | trunc=0%  swp=29.1±25.4  fid=0.0000  rew=+31.44
  grid_5x4_20q  4090ep | trunc=0%  swp=11.3±10.7  fid=0.0000  rew=+32.24
step=326912  rew=+68.154  swp=45.6  map=0.8  trunc=0%  pl=-0.003  vl=0.309  ent=1.412  kl=0.0258  gn=0.982
  line_20q      4102ep | trunc=0%  swp=35.4±37.0  fid=0.0000  rew=+30.95
  ring_20q      4073ep | trunc=0%  swp=29.1±25.4  fid=0.0000  rew=+31.45
  grid_5x4_20q  4094ep | trunc=0%  swp=11.3±10.7  fid=0.0000  rew=+32.27
step=327168  rew=+71.288  swp=52.6  map=0.5  trunc=0%  pl=0.025  vl=0.994  ent=1.643  kl=0.0555  gn=1.635
  line_20q      4103ep | trunc=0%  swp=35.4±37.0  fid=0.0000  rew=+30.96
  ring_20q      4075ep | trunc=0%  swp=29.1±25.5  fid=0.0000  rew=+31.48
  grid_5x4_20q  4094ep | trunc=0%  swp=11.3±10.7  fid=0.0000  rew=+32.27
step=327424  rew=+69.607  swp=55.8  map=0.5  trunc=0%  pl=-0.010  vl=0.798  ent=1.576  kl=0.0558  gn=1.070
  line_20q      4104ep | trunc=0%  swp=35.4±37.0  fid=0.0000  rew=+30.97
  ring_20q      4076ep | trunc=0%  swp=29.2±25.5  fid=0.0000  rew=+31.49
  grid_5x4_20q  4094ep | trunc=0%  swp=11.3±10.7  fid=0.0000  rew=+32.27
step=327680  rew=+74.292  swp=65.0  map=0.4  trunc=0%  pl=0.050  vl=0.572  ent=1.743  kl=0.0954  gn=1.712
  line_20q      4104ep | trunc=0%  swp=35.4±37.0  fid=0.0000  rew=+30.97
  ring_20q      4078ep | trunc=0%  swp=29.2±25.7  fid=0.0000  rew=+31.54
  grid_5x4_20q  4094ep | trunc=0%  swp=11.3±10.7  fid=0.0000  rew=+32.27
step=327936  rew=+76.704  swp=63.0  map=0.7  trunc=0%  pl=0.003  vl=0.258  ent=1.279  kl=0.0463  gn=1.502
  line_20q      4105ep | trunc=0%  swp=35.4±37.0  fid=0.0000  rew=+30.98
  ring_20q      4079ep | trunc=0%  swp=29.2±25.7  fid=0.0000  rew=+31.54
  grid_5x4_20q  4098ep | trunc=0%  swp=11.3±10.7  fid=0.0000  rew=+32.32
step=328192  rew=+77.944  swp=67.0  map=0.7  trunc=0%  pl=-0.001  vl=0.717  ent=1.809  kl=0.0339  gn=1.113
  line_20q      4106ep | trunc=0%  swp=35.5±37.0  fid=0.0000  rew=+30.99
  ring_20q      4080ep | trunc=0%  swp=29.2±25.7  fid=0.0000  rew=+31.55
  grid_5x4_20q  4098ep | trunc=0%  swp=11.3±10.7  fid=0.0000  rew=+32.32
step=328448  rew=+83.022  swp=77.7  map=0.7  trunc=0%  pl=-0.020  vl=0.223  ent=1.473  kl=0.0429  gn=0.818
  line_20q      4107ep | trunc=0%  swp=35.5±37.1  fid=0.0000  rew=+31.01
  ring_20q      4081ep | trunc=0%  swp=29.3±25.7  fid=0.0000  rew=+31.58
  grid_5x4_20q  4100ep | trunc=0%  swp=11.3±10.7  fid=0.0000  rew=+32.33
step=328704  rew=+79.756  swp=70.7  map=0.7  trunc=0%  pl=-0.009  vl=0.532  ent=1.058  kl=0.0355  gn=1.281
  line_20q      4107ep | trunc=0%  swp=35.5±37.1  fid=0.0000  rew=+31.01
  ring_20q      4085ep | trunc=0%  swp=29.3±25.7  fid=0.0000  rew=+31.60
  grid_5x4_20q  4101ep | trunc=0%  swp=11.3±10.7  fid=0.0000  rew=+32.34
step=328960  rew=+73.830  swp=60.2  map=0.7  trunc=0%  pl=0.016  vl=0.861  ent=1.335  kl=0.0638  gn=1.113
  line_20q      4108ep | trunc=0%  swp=35.5±37.1  fid=0.0000  rew=+31.01
  ring_20q      4088ep | trunc=0%  swp=29.3±25.8  fid=0.0000  rew=+31.64
  grid_5x4_20q  4101ep | trunc=0%  swp=11.3±10.7  fid=0.0000  rew=+32.34
step=329216  rew=+78.900  swp=65.3  map=0.7  trunc=0%  pl=0.008  vl=0.536  ent=1.514  kl=0.0271  gn=1.273
  line_20q      4109ep | trunc=0%  swp=35.5±37.1  fid=0.0000  rew=+31.02
  ring_20q      4090ep | trunc=0%  swp=29.3±25.8  fid=0.0000  rew=+31.68
  grid_5x4_20q  4102ep | trunc=0%  swp=11.3±10.7  fid=0.0000  rew=+32.35
step=329472  rew=+80.323  swp=72.0  map=0.5  trunc=0%  pl=-0.003  vl=0.174  ent=1.574  kl=0.0532  gn=1.817
  line_20q      4111ep | trunc=0%  swp=35.5±37.1  fid=0.0000  rew=+31.06
  ring_20q      4090ep | trunc=0%  swp=29.3±25.8  fid=0.0000  rew=+31.68
  grid_5x4_20q  4102ep | trunc=0%  swp=11.3±10.7  fid=0.0000  rew=+32.35
step=329728  rew=+78.505  swp=67.8  map=0.5  trunc=0%  pl=-0.000  vl=0.548  ent=1.747  kl=0.0329  gn=1.020
  line_20q      4112ep | trunc=0%  swp=35.6±37.2  fid=0.0000  rew=+31.07
  ring_20q      4090ep | trunc=0%  swp=29.3±25.8  fid=0.0000  rew=+31.68
  grid_5x4_20q  4103ep | trunc=0%  swp=11.3±10.7  fid=0.0000  rew=+32.36
step=329984  rew=+74.160  swp=59.2  map=0.6  trunc=0%  pl=0.015  vl=0.748  ent=1.184  kl=0.0546  gn=1.441
  line_20q      4115ep | trunc=0%  swp=35.6±37.2  fid=0.0000  rew=+31.09
  ring_20q      4090ep | trunc=0%  swp=29.3±25.8  fid=0.0000  rew=+31.68
  grid_5x4_20q  4109ep | trunc=0%  swp=11.4±10.7  fid=0.0000  rew=+32.39
step=330240  rew=+77.258  swp=63.6  map=0.6  trunc=0%  pl=-0.012  vl=0.458  ent=1.605  kl=0.0355  gn=0.922
  line_20q      4116ep | trunc=0%  swp=35.6±37.3  fid=0.0000  rew=+31.11
  ring_20q      4090ep | trunc=0%  swp=29.3±25.8  fid=0.0000  rew=+31.68
  grid_5x4_20q  4110ep | trunc=0%  swp=11.4±10.7  fid=0.0000  rew=+32.40
step=330496  rew=+80.859  swp=72.3  map=0.6  trunc=0%  pl=-0.003  vl=0.414  ent=1.613  kl=0.0455  gn=1.477
  line_20q      4117ep | trunc=0%  swp=35.7±37.4  fid=0.0000  rew=+31.13
  ring_20q      4090ep | trunc=0%  swp=29.3±25.8  fid=0.0000  rew=+31.68
  grid_5x4_20q  4111ep | trunc=0%  swp=11.4±10.8  fid=0.0000  rew=+32.43
step=330752  rew=+78.400  swp=74.2  map=0.5  trunc=0%  pl=-0.036  vl=0.356  ent=1.441  kl=0.0652  gn=1.185
  line_20q      4120ep | trunc=0%  swp=35.7±37.5  fid=0.0000  rew=+31.17
  ring_20q      4090ep | trunc=0%  swp=29.3±25.8  fid=0.0000  rew=+31.68
  grid_5x4_20q  4111ep | trunc=0%  swp=11.4±10.8  fid=0.0000  rew=+32.43
step=331008  rew=+73.001  swp=55.8  map=0.8  trunc=0%  pl=0.021  vl=0.434  ent=1.166  kl=0.0412  gn=1.535
  line_20q      4122ep | trunc=0%  swp=35.7±37.5  fid=0.0000  rew=+31.17
  ring_20q      4091ep | trunc=0%  swp=29.4±25.9  fid=0.0000  rew=+31.71
  grid_5x4_20q  4114ep | trunc=0%  swp=11.4±10.8  fid=0.0000  rew=+32.47
step=331264  rew=+75.053  swp=63.2  map=0.7  trunc=0%  pl=0.019  vl=0.850  ent=1.552  kl=0.2799  gn=1.437
  line_20q      4123ep | trunc=0%  swp=35.7±37.5  fid=0.0000  rew=+31.18
  ring_20q      4092ep | trunc=0%  swp=29.4±25.9  fid=0.0000  rew=+31.72
  grid_5x4_20q  4114ep | trunc=0%  swp=11.4±10.8  fid=0.0000  rew=+32.47
step=331520  rew=+77.803  swp=65.0  map=1.1  trunc=0%  pl=-0.033  vl=0.189  ent=1.241  kl=0.2307  gn=0.739
  line_20q      4125ep | trunc=0%  swp=35.7±37.5  fid=0.0000  rew=+31.20
  ring_20q      4094ep | trunc=0%  swp=29.4±25.9  fid=0.0000  rew=+31.73
  grid_5x4_20q  4116ep | trunc=0%  swp=11.4±10.8  fid=0.0000  rew=+32.48
step=331776  rew=+68.863  swp=42.1  map=1.1  trunc=0%  pl=0.011  vl=0.209  ent=1.056  kl=0.0784  gn=1.450
  line_20q      4128ep | trunc=0%  swp=35.7±37.5  fid=0.0000  rew=+31.21
  ring_20q      4094ep | trunc=0%  swp=29.4±25.9  fid=0.0000  rew=+31.73
  grid_5x4_20q  4120ep | trunc=0%  swp=11.4±10.8  fid=0.0000  rew=+32.54
step=332032  rew=+73.765  swp=44.8  map=1.1  trunc=0%  pl=0.003  vl=0.223  ent=0.953  kl=0.0531  gn=1.998
  line_20q      4129ep | trunc=0%  swp=35.8±37.5  fid=0.0000  rew=+31.23
  ring_20q      4096ep | trunc=0%  swp=29.4±25.9  fid=0.0000  rew=+31.74
  grid_5x4_20q  4123ep | trunc=0%  swp=11.4±10.8  fid=0.0000  rew=+32.59
step=332288  rew=+72.285  swp=40.6  map=1.1  trunc=0%  pl=-0.014  vl=0.573  ent=1.589  kl=0.0692  gn=1.212
  line_20q      4130ep | trunc=0%  swp=35.8±37.5  fid=0.0000  rew=+31.23
  ring_20q      4099ep | trunc=0%  swp=29.4±25.9  fid=0.0000  rew=+31.77
  grid_5x4_20q  4124ep | trunc=0%  swp=11.4±10.8  fid=0.0000  rew=+32.59
step=332544  rew=+67.275  swp=40.8  map=0.9  trunc=0%  pl=-0.008  vl=0.311  ent=1.237  kl=0.0465  gn=1.089
  line_20q      4132ep | trunc=0%  swp=35.8±37.5  fid=0.0000  rew=+31.25
  ring_20q      4101ep | trunc=0%  swp=29.4±25.9  fid=0.0000  rew=+31.77
  grid_5x4_20q  4126ep | trunc=0%  swp=11.4±10.8  fid=0.0000  rew=+32.60
step=332800  rew=+69.235  swp=49.0  map=0.9  trunc=0%  pl=0.012  vl=0.138  ent=1.559  kl=0.0396  gn=1.404
  line_20q      4132ep | trunc=0%  swp=35.8±37.5  fid=0.0000  rew=+31.25
  ring_20q      4102ep | trunc=0%  swp=29.5±26.0  fid=0.0000  rew=+31.79
  grid_5x4_20q  4127ep | trunc=0%  swp=11.4±10.8  fid=0.0000  rew=+32.62
step=333056  rew=+74.633  swp=53.0  map=0.6  trunc=0%  pl=-0.005  vl=0.305  ent=1.091  kl=0.0778  gn=1.478
  line_20q      4134ep | trunc=0%  swp=35.8±37.5  fid=0.0000  rew=+31.27
  ring_20q      4103ep | trunc=0%  swp=29.5±26.0  fid=0.0000  rew=+31.80
  grid_5x4_20q  4129ep | trunc=0%  swp=11.4±10.9  fid=0.0000  rew=+32.67
step=333312  rew=+71.693  swp=51.8  map=0.5  trunc=0%  pl=-0.000  vl=0.395  ent=1.852  kl=0.0543  gn=1.783
  line_20q      4134ep | trunc=0%  swp=35.8±37.5  fid=0.0000  rew=+31.27
  ring_20q      4104ep | trunc=0%  swp=29.5±26.0  fid=0.0000  rew=+31.80
  grid_5x4_20q  4130ep | trunc=0%  swp=11.4±10.9  fid=0.0000  rew=+32.68
step=333568  rew=+80.220  swp=68.7  map=0.3  trunc=0%  pl=-0.014  vl=0.185  ent=1.653  kl=0.0231  gn=1.464
  line_20q      4136ep | trunc=0%  swp=35.9±37.7  fid=0.0000  rew=+31.31
  ring_20q      4104ep | trunc=0%  swp=29.5±26.0  fid=0.0000  rew=+31.80
  grid_5x4_20q  4132ep | trunc=0%  swp=11.4±10.9  fid=0.0000  rew=+32.70
step=333824  rew=+83.362  swp=67.2  map=0.4  trunc=0%  pl=-0.027  vl=0.182  ent=1.464  kl=0.0630  gn=1.327
  line_20q      4137ep | trunc=0%  swp=35.9±37.7  fid=0.0000  rew=+31.32
  ring_20q      4106ep | trunc=0%  swp=29.5±26.1  fid=0.0000  rew=+31.83
  grid_5x4_20q  4133ep | trunc=0%  swp=11.4±10.9  fid=0.0000  rew=+32.71
step=334080  rew=+82.478  swp=63.9  map=0.5  trunc=0%  pl=-0.037  vl=0.232  ent=1.364  kl=0.1654  gn=0.782
  line_20q      4140ep | trunc=0%  swp=35.9±37.7  fid=0.0000  rew=+31.35
  ring_20q      4107ep | trunc=0%  swp=29.5±26.1  fid=0.0000  rew=+31.84
  grid_5x4_20q  4134ep | trunc=0%  swp=11.4±10.9  fid=0.0000  rew=+32.73
step=334336  rew=+82.488  swp=67.2  map=0.5  trunc=0%  pl=0.003  vl=0.349  ent=1.291  kl=0.0734  gn=1.277
  line_20q      4142ep | trunc=0%  swp=35.9±37.8  fid=0.0000  rew=+31.37
  ring_20q      4108ep | trunc=0%  swp=29.5±26.1  fid=0.0000  rew=+31.84
  grid_5x4_20q  4134ep | trunc=0%  swp=11.4±10.9  fid=0.0000  rew=+32.73
step=334592  rew=+68.486  swp=50.2  map=0.8  trunc=0%  pl=0.004  vl=0.531  ent=0.991  kl=0.0643  gn=1.993
  line_20q      4143ep | trunc=0%  swp=35.9±37.8  fid=0.0000  rew=+31.37
  ring_20q      4112ep | trunc=0%  swp=29.5±26.0  fid=0.0000  rew=+31.87
  grid_5x4_20q  4136ep | trunc=0%  swp=11.4±10.9  fid=0.0000  rew=+32.74
step=334848  rew=+60.081  swp=47.1  map=0.7  trunc=0%  pl=0.006  vl=0.524  ent=1.469  kl=0.1930  gn=1.045
  line_20q      4145ep | trunc=0%  swp=35.9±37.8  fid=0.0000  rew=+31.39
  ring_20q      4114ep | trunc=0%  swp=29.5±26.0  fid=0.0000  rew=+31.87
  grid_5x4_20q  4137ep | trunc=0%  swp=11.4±10.9  fid=0.0000  rew=+32.73
step=335104  rew=+60.355  swp=48.4  map=0.7  trunc=0%  pl=-0.020  vl=0.438  ent=1.713  kl=0.0432  gn=0.961
  line_20q      4147ep | trunc=0%  swp=36.0±37.9  fid=0.0000  rew=+31.42
  ring_20q      4114ep | trunc=0%  swp=29.5±26.0  fid=0.0000  rew=+31.87
  grid_5x4_20q  4137ep | trunc=0%  swp=11.4±10.9  fid=0.0000  rew=+32.73
step=335360  rew=+56.234  swp=43.6  map=0.9  trunc=0%  pl=-0.006  vl=0.233  ent=1.231  kl=0.0386  gn=0.967
  line_20q      4150ep | trunc=0%  swp=36.0±37.9  fid=0.0000  rew=+31.45
  ring_20q      4117ep | trunc=0%  swp=29.5±26.0  fid=0.0000  rew=+31.87
  grid_5x4_20q  4138ep | trunc=0%  swp=11.4±10.9  fid=0.0000  rew=+32.74
step=335616  rew=+63.036  swp=52.5  map=0.8  trunc=0%  pl=-0.004  vl=0.357  ent=1.209  kl=0.0574  gn=1.857
  line_20q      4152ep | trunc=0%  swp=36.0±37.9  fid=0.0000  rew=+31.47
  ring_20q      4118ep | trunc=0%  swp=29.5±26.0  fid=0.0000  rew=+31.88
  grid_5x4_20q  4140ep | trunc=0%  swp=11.4±10.9  fid=0.0000  rew=+32.76
step=335872  rew=+65.973  swp=49.9  map=0.8  trunc=0%  pl=-0.008  vl=0.255  ent=1.548  kl=0.0439  gn=1.282
  line_20q      4152ep | trunc=0%  swp=36.0±37.9  fid=0.0000  rew=+31.47
  ring_20q      4120ep | trunc=0%  swp=29.5±26.1  fid=0.0000  rew=+31.91
  grid_5x4_20q  4143ep | trunc=0%  swp=11.4±10.9  fid=0.0000  rew=+32.78
step=336128  rew=+67.923  swp=45.0  map=1.0  trunc=0%  pl=0.008  vl=0.374  ent=1.005  kl=0.0299  gn=1.230
  line_20q      4156ep | trunc=0%  swp=36.0±37.9  fid=0.0000  rew=+31.49
  ring_20q      4122ep | trunc=0%  swp=29.6±26.1  fid=0.0000  rew=+31.93
  grid_5x4_20q  4144ep | trunc=0%  swp=11.4±10.9  fid=0.0000  rew=+32.78
step=336384  rew=+61.208  swp=41.6  map=0.7  trunc=0%  pl=-0.047  vl=0.234  ent=1.354  kl=0.1317  gn=1.124
  line_20q      4158ep | trunc=0%  swp=36.0±37.9  fid=0.0000  rew=+31.49
  ring_20q      4124ep | trunc=0%  swp=29.6±26.2  fid=0.0000  rew=+31.95
  grid_5x4_20q  4146ep | trunc=0%  swp=11.4±10.9  fid=0.0000  rew=+32.79
step=336640  rew=+53.833  swp=32.8  map=0.7  trunc=0%  pl=-0.012  vl=0.497  ent=1.048  kl=0.0653  gn=1.391
  line_20q      4161ep | trunc=0%  swp=36.0±37.9  fid=0.0000  rew=+31.50
  ring_20q      4125ep | trunc=0%  swp=29.6±26.2  fid=0.0000  rew=+31.95
  grid_5x4_20q  4150ep | trunc=0%  swp=11.5±10.9  fid=0.0000  rew=+32.83
step=336896  rew=+56.444  swp=37.9  map=0.4  trunc=0%  pl=-0.003  vl=0.352  ent=1.589  kl=0.0418  gn=1.449
  line_20q      4163ep | trunc=0%  swp=36.0±37.9  fid=0.0000  rew=+31.51
  ring_20q      4125ep | trunc=0%  swp=29.6±26.2  fid=0.0000  rew=+31.95
  grid_5x4_20q  4151ep | trunc=0%  swp=11.5±10.9  fid=0.0000  rew=+32.85
step=337152  rew=+60.836  swp=48.0  map=0.4  trunc=0%  pl=0.066  vl=0.896  ent=1.743  kl=0.3172  gn=1.246
  line_20q      4165ep | trunc=0%  swp=36.1±37.9  fid=0.0000  rew=+31.54
  ring_20q      4125ep | trunc=0%  swp=29.6±26.2  fid=0.0000  rew=+31.95
  grid_5x4_20q  4151ep | trunc=0%  swp=11.5±10.9  fid=0.0000  rew=+32.85
step=337408  rew=+70.434  swp=52.5  map=0.5  trunc=0%  pl=-0.018  vl=0.830  ent=1.022  kl=0.0977  gn=1.717
  line_20q      4167ep | trunc=0%  swp=36.1±37.9  fid=0.0000  rew=+31.56
  ring_20q      4127ep | trunc=0%  swp=29.6±26.2  fid=0.0000  rew=+31.98
  grid_5x4_20q  4154ep | trunc=0%  swp=11.5±10.9  fid=0.0000  rew=+32.88
step=337664  rew=+70.827  swp=55.0  map=0.3  trunc=0%  pl=-0.004  vl=0.573  ent=1.480  kl=0.0621  gn=0.784
  line_20q      4168ep | trunc=0%  swp=36.1±37.9  fid=0.0000  rew=+31.56
  ring_20q      4128ep | trunc=0%  swp=29.6±26.2  fid=0.0000  rew=+32.01
  grid_5x4_20q  4155ep | trunc=0%  swp=11.5±10.9  fid=0.0000  rew=+32.88
step=337920  rew=+72.685  swp=55.4  map=0.4  trunc=0%  pl=0.001  vl=0.451  ent=1.724  kl=0.0300  gn=1.074
  line_20q      4169ep | trunc=0%  swp=36.1±37.9  fid=0.0000  rew=+31.58
  ring_20q      4128ep | trunc=0%  swp=29.6±26.2  fid=0.0000  rew=+32.01
  grid_5x4_20q  4156ep | trunc=0%  swp=11.5±10.9  fid=0.0000  rew=+32.88
step=338176  rew=+76.961  swp=59.2  map=0.6  trunc=0%  pl=0.004  vl=0.880  ent=0.863  kl=0.0286  gn=1.774
  line_20q      4171ep | trunc=0%  swp=36.1±38.0  fid=0.0000  rew=+31.61
  ring_20q      4129ep | trunc=0%  swp=29.7±26.2  fid=0.0000  rew=+32.02
  grid_5x4_20q  4160ep | trunc=0%  swp=11.5±10.9  fid=0.0000  rew=+32.92
step=338432  rew=+70.588  swp=47.0  map=0.8  trunc=0%  pl=0.002  vl=0.315  ent=1.324  kl=0.0346  gn=1.177
  line_20q      4172ep | trunc=0%  swp=36.1±38.0  fid=0.0000  rew=+31.61
  ring_20q      4131ep | trunc=0%  swp=29.6±26.2  fid=0.0000  rew=+32.02
  grid_5x4_20q  4162ep | trunc=0%  swp=11.5±10.9  fid=0.0000  rew=+32.96
step=338688  rew=+83.971  swp=61.1  map=0.6  trunc=0%  pl=0.012  vl=0.426  ent=1.532  kl=0.0332  gn=1.205
  line_20q      4173ep | trunc=0%  swp=36.1±38.0  fid=0.0000  rew=+31.61
  ring_20q      4133ep | trunc=0%  swp=29.7±26.4  fid=0.0000  rew=+32.07
  grid_5x4_20q  4163ep | trunc=0%  swp=11.5±11.0  fid=0.0000  rew=+32.98
step=338944  rew=+77.096  swp=45.4  map=0.8  trunc=0%  pl=-0.040  vl=0.322  ent=1.082  kl=0.1167  gn=1.273
  line_20q      4176ep | trunc=0%  swp=36.2±38.0  fid=0.0000  rew=+31.64
  ring_20q      4135ep | trunc=0%  swp=29.7±26.4  fid=0.0000  rew=+32.08
  grid_5x4_20q  4165ep | trunc=0%  swp=11.5±11.0  fid=0.0000  rew=+33.01
step=339200  rew=+79.697  swp=51.4  map=0.8  trunc=0%  pl=0.014  vl=0.851  ent=1.463  kl=0.2456  gn=1.253
  line_20q      4177ep | trunc=0%  swp=36.2±38.0  fid=0.0000  rew=+31.65
  ring_20q      4136ep | trunc=0%  swp=29.7±26.4  fid=0.0000  rew=+32.09
  grid_5x4_20q  4165ep | trunc=0%  swp=11.5±11.0  fid=0.0000  rew=+33.01
step=339456  rew=+71.837  swp=46.1  map=1.0  trunc=0%  pl=-0.005  vl=0.463  ent=0.976  kl=0.1025  gn=1.284
  line_20q      4181ep | trunc=0%  swp=36.2±38.0  fid=0.0000  rew=+31.68
  ring_20q      4137ep | trunc=0%  swp=29.7±26.4  fid=0.0000  rew=+32.10
  grid_5x4_20q  4168ep | trunc=0%  swp=11.5±11.0  fid=0.0000  rew=+33.03
step=339712  rew=+71.857  swp=46.1  map=1.1  trunc=0%  pl=0.002  vl=0.282  ent=1.377  kl=0.0936  gn=1.334
  line_20q      4181ep | trunc=0%  swp=36.2±38.0  fid=0.0000  rew=+31.68
  ring_20q      4140ep | trunc=0%  swp=29.7±26.4  fid=0.0000  rew=+32.14
  grid_5x4_20q  4169ep | trunc=0%  swp=11.5±11.0  fid=0.0000  rew=+33.05
step=339968  rew=+74.944  swp=54.9  map=0.8  trunc=0%  pl=-0.017  vl=0.605  ent=1.441  kl=0.0374  gn=1.087
  line_20q      4182ep | trunc=0%  swp=36.2±38.1  fid=0.0000  rew=+31.69
  ring_20q      4142ep | trunc=0%  swp=29.8±26.4  fid=0.0000  rew=+32.16
  grid_5x4_20q  4169ep | trunc=0%  swp=11.5±11.0  fid=0.0000  rew=+33.05
step=340224  rew=+77.353  swp=59.1  map=0.8  trunc=0%  pl=0.011  vl=0.788  ent=1.939  kl=0.0155  gn=0.932
  line_20q      4182ep | trunc=0%  swp=36.2±38.1  fid=0.0000  rew=+31.69
  ring_20q      4143ep | trunc=0%  swp=29.8±26.5  fid=0.0000  rew=+32.18
  grid_5x4_20q  4169ep | trunc=0%  swp=11.5±11.0  fid=0.0000  rew=+33.05
step=340480  rew=+81.759  swp=64.7  map=1.0  trunc=0%  pl=-0.013  vl=0.388  ent=1.457  kl=0.1086  gn=1.526
  line_20q      4183ep | trunc=0%  swp=36.2±38.1  fid=0.0000  rew=+31.70
  ring_20q      4145ep | trunc=0%  swp=29.8±26.6  fid=0.0000  rew=+32.23
  grid_5x4_20q  4170ep | trunc=0%  swp=11.5±11.0  fid=0.0000  rew=+33.06
step=340736  rew=+90.596  swp=69.9  map=0.8  trunc=0%  pl=0.020  vl=0.181  ent=1.489  kl=0.0403  gn=1.565
  line_20q      4183ep | trunc=0%  swp=36.2±38.1  fid=0.0000  rew=+31.70
  ring_20q      4146ep | trunc=0%  swp=29.9±26.7  fid=0.0000  rew=+32.25
  grid_5x4_20q  4173ep | trunc=0%  swp=11.6±11.0  fid=0.0000  rew=+33.11
step=340992  rew=+94.182  swp=76.3  map=0.8  trunc=0%  pl=0.005  vl=0.985  ent=1.916  kl=0.0333  gn=1.210
  line_20q      4183ep | trunc=0%  swp=36.2±38.1  fid=0.0000  rew=+31.70
  ring_20q      4147ep | trunc=0%  swp=29.9±26.7  fid=0.0000  rew=+32.27
  grid_5x4_20q  4173ep | trunc=0%  swp=11.6±11.0  fid=0.0000  rew=+33.11
step=341248  rew=+98.614  swp=81.6  map=0.8  trunc=0%  pl=-0.001  vl=0.665  ent=1.807  kl=0.0255  gn=0.833
  line_20q      4183ep | trunc=0%  swp=36.2±38.1  fid=0.0000  rew=+31.70
  ring_20q      4148ep | trunc=0%  swp=29.9±26.8  fid=0.0000  rew=+32.29
  grid_5x4_20q  4173ep | trunc=0%  swp=11.6±11.0  fid=0.0000  rew=+33.11
step=341504  rew=+102.361  swp=93.5  map=0.8  trunc=0%  pl=0.031  vl=0.806  ent=1.900  kl=0.0467  gn=0.886
  line_20q      4184ep | trunc=0%  swp=36.3±38.2  fid=0.0000  rew=+31.73
  ring_20q      4148ep | trunc=0%  swp=29.9±26.8  fid=0.0000  rew=+32.29
  grid_5x4_20q  4173ep | trunc=0%  swp=11.6±11.0  fid=0.0000  rew=+33.11
step=341760  rew=+105.044  swp=105.7  map=0.8  trunc=0%  pl=0.015  vl=0.695  ent=1.137  kl=0.0594  gn=1.423
  line_20q      4187ep | trunc=0%  swp=36.3±38.5  fid=0.0000  rew=+31.78
  ring_20q      4148ep | trunc=0%  swp=29.9±26.8  fid=0.0000  rew=+32.29
  grid_5x4_20q  4174ep | trunc=0%  swp=11.6±11.0  fid=0.0000  rew=+33.12
step=342016  rew=+81.446  swp=74.1  map=1.0  trunc=0%  pl=-0.023  vl=0.320  ent=0.813  kl=0.0832  gn=1.398
  line_20q      4190ep | trunc=0%  swp=36.4±38.5  fid=0.0000  rew=+31.81
  ring_20q      4150ep | trunc=0%  swp=29.9±26.8  fid=0.0000  rew=+32.30
  grid_5x4_20q  4179ep | trunc=0%  swp=11.6±11.0  fid=0.0000  rew=+33.14
step=342272  rew=+73.702  swp=68.2  map=0.7  trunc=0%  pl=0.032  vl=1.103  ent=1.123  kl=0.1841  gn=1.649
  line_20q      4190ep | trunc=0%  swp=36.4±38.5  fid=0.0000  rew=+31.81
  ring_20q      4154ep | trunc=0%  swp=29.9±26.8  fid=0.0000  rew=+32.33
  grid_5x4_20q  4179ep | trunc=0%  swp=11.6±11.0  fid=0.0000  rew=+33.14
step=342528  rew=+66.691  swp=44.5  map=0.8  trunc=0%  pl=0.012  vl=0.208  ent=1.416  kl=0.0303  gn=1.440
  line_20q      4191ep | trunc=0%  swp=36.4±38.5  fid=0.0000  rew=+31.82
  ring_20q      4155ep | trunc=0%  swp=30.0±26.8  fid=0.0000  rew=+32.35
  grid_5x4_20q  4180ep | trunc=0%  swp=11.6±11.0  fid=0.0000  rew=+33.16
step=342784  rew=+67.099  swp=42.9  map=1.2  trunc=0%  pl=0.012  vl=0.344  ent=1.161  kl=0.0423  gn=1.019
  line_20q      4193ep | trunc=0%  swp=36.4±38.5  fid=0.0000  rew=+31.84
  ring_20q      4156ep | trunc=0%  swp=30.0±26.8  fid=0.0000  rew=+32.35
  grid_5x4_20q  4181ep | trunc=0%  swp=11.6±11.0  fid=0.0000  rew=+33.17
step=343040  rew=+76.789  swp=54.2  map=1.4  trunc=0%  pl=-0.017  vl=0.328  ent=1.081  kl=0.0802  gn=1.446
  line_20q      4194ep | trunc=0%  swp=36.4±38.5  fid=0.0000  rew=+31.85
  ring_20q      4159ep | trunc=0%  swp=30.0±26.9  fid=0.0000  rew=+32.39
  grid_5x4_20q  4182ep | trunc=0%  swp=11.6±11.0  fid=0.0000  rew=+33.19
step=343296  rew=+82.596  swp=64.0  map=1.1  trunc=0%  pl=0.004  vl=1.143  ent=1.624  kl=0.0769  gn=1.177
  line_20q      4195ep | trunc=0%  swp=36.4±38.5  fid=0.0000  rew=+31.86
  ring_20q      4160ep | trunc=0%  swp=30.0±26.9  fid=0.0000  rew=+32.42
  grid_5x4_20q  4182ep | trunc=0%  swp=11.6±11.0  fid=0.0000  rew=+33.19
step=343552  rew=+85.941  swp=56.0  map=1.8  trunc=0%  pl=-0.004  vl=0.959  ent=0.847  kl=0.1003  gn=1.825
  line_20q      4198ep | trunc=0%  swp=36.4±38.5  fid=0.0000  rew=+31.88
  ring_20q      4160ep | trunc=0%  swp=30.0±26.9  fid=0.0000  rew=+32.42
  grid_5x4_20q  4186ep | trunc=0%  swp=11.6±11.1  fid=0.0000  rew=+33.26
step=343808  rew=+82.780  swp=51.9  map=1.6  trunc=0%  pl=-0.012  vl=0.342  ent=1.244  kl=0.2534  gn=1.453
  line_20q      4199ep | trunc=0%  swp=36.4±38.5  fid=0.0000  rew=+31.89
  ring_20q      4162ep | trunc=0%  swp=30.0±26.9  fid=0.0000  rew=+32.42
  grid_5x4_20q  4187ep | trunc=0%  swp=11.6±11.1  fid=0.0000  rew=+33.28
step=344064  rew=+74.600  swp=47.8  map=1.4  trunc=0%  pl=-0.009  vl=0.451  ent=0.857  kl=0.1319  gn=1.139
  line_20q      4204ep | trunc=0%  swp=36.4±38.5  fid=0.0000  rew=+31.92
  ring_20q      4164ep | trunc=0%  swp=30.0±26.9  fid=0.0000  rew=+32.43
  grid_5x4_20q  4187ep | trunc=0%  swp=11.6±11.1  fid=0.0000  rew=+33.28
step=344320  rew=+68.501  swp=38.1  map=1.6  trunc=0%  pl=-0.016  vl=0.202  ent=1.146  kl=0.1271  gn=0.973
  line_20q      4206ep | trunc=0%  swp=36.4±38.5  fid=0.0000  rew=+31.93
  ring_20q      4166ep | trunc=0%  swp=30.0±26.9  fid=0.0000  rew=+32.46
  grid_5x4_20q  4190ep | trunc=0%  swp=11.6±11.1  fid=0.0000  rew=+33.30
step=344576  rew=+67.145  swp=39.4  map=1.8  trunc=0%  pl=-0.010  vl=0.296  ent=1.072  kl=0.1494  gn=1.183
  line_20q      4208ep | trunc=0%  swp=36.4±38.5  fid=0.0000  rew=+31.94
  ring_20q      4168ep | trunc=0%  swp=30.1±26.9  fid=0.0000  rew=+32.48
  grid_5x4_20q  4191ep | trunc=0%  swp=11.6±11.1  fid=0.0000  rew=+33.32
step=344832  rew=+69.244  swp=38.7  map=1.9  trunc=0%  pl=-0.005  vl=0.623  ent=0.737  kl=0.1334  gn=1.671
  line_20q      4210ep | trunc=0%  swp=36.4±38.5  fid=0.0000  rew=+31.94
  ring_20q      4171ep | trunc=0%  swp=30.1±27.0  fid=0.0000  rew=+32.50
  grid_5x4_20q  4192ep | trunc=0%  swp=11.6±11.1  fid=0.0000  rew=+33.35
step=345088  rew=+69.983  swp=43.7  map=1.9  trunc=0%  pl=0.036  vl=0.428  ent=1.419  kl=0.1576  gn=1.236
  line_20q      4211ep | trunc=0%  swp=36.4±38.5  fid=0.0000  rew=+31.96
  ring_20q      4172ep | trunc=0%  swp=30.1±27.0  fid=0.0000  rew=+32.51
  grid_5x4_20q  4193ep | trunc=0%  swp=11.6±11.1  fid=0.0000  rew=+33.35
step=345344  rew=+75.629  swp=52.7  map=1.6  trunc=0%  pl=0.021  vl=0.696  ent=1.422  kl=0.0486  gn=1.205
  line_20q      4212ep | trunc=0%  swp=36.4±38.5  fid=0.0000  rew=+31.98
  ring_20q      4173ep | trunc=0%  swp=30.1±27.0  fid=0.0000  rew=+32.53
  grid_5x4_20q  4193ep | trunc=0%  swp=11.6±11.1  fid=0.0000  rew=+33.35
step=345600  rew=+77.720  swp=58.9  map=1.6  trunc=0%  pl=-0.001  vl=0.500  ent=1.498  kl=0.0698  gn=0.877
  line_20q      4214ep | trunc=0%  swp=36.5±38.6  fid=0.0000  rew=+32.00
  ring_20q      4173ep | trunc=0%  swp=30.1±27.0  fid=0.0000  rew=+32.53
  grid_5x4_20q  4193ep | trunc=0%  swp=11.6±11.1  fid=0.0000  rew=+33.35
step=345856  rew=+78.764  swp=68.4  map=1.6  trunc=0%  pl=0.006  vl=0.443  ent=1.271  kl=0.0979  gn=1.771
  line_20q      4216ep | trunc=0%  swp=36.5±38.7  fid=0.0000  rew=+32.04
  ring_20q      4173ep | trunc=0%  swp=30.1±27.0  fid=0.0000  rew=+32.53
  grid_5x4_20q  4195ep | trunc=0%  swp=11.6±11.1  fid=0.0000  rew=+33.36
step=346112  rew=+83.034  swp=69.6  map=1.7  trunc=0%  pl=-0.021  vl=0.206  ent=1.038  kl=0.1771  gn=1.241
  line_20q      4217ep | trunc=0%  swp=36.5±38.7  fid=0.0000  rew=+32.04
  ring_20q      4175ep | trunc=0%  swp=30.1±27.0  fid=0.0000  rew=+32.55
  grid_5x4_20q  4197ep | trunc=0%  swp=11.6±11.1  fid=0.0000  rew=+33.40
step=346368  rew=+80.481  swp=76.5  map=1.2  trunc=0%  pl=-0.003  vl=0.442  ent=1.629  kl=0.0264  gn=1.086
  line_20q      4219ep | trunc=0%  swp=36.6±38.8  fid=0.0000  rew=+32.07
  ring_20q      4176ep | trunc=0%  swp=30.1±27.0  fid=0.0000  rew=+32.55
  grid_5x4_20q  4198ep | trunc=0%  swp=11.6±11.1  fid=0.0000  rew=+33.40
step=346624  rew=+84.696  swp=86.7  map=1.2  trunc=0%  pl=-0.017  vl=0.149  ent=1.686  kl=0.0356  gn=0.672
  line_20q      4220ep | trunc=0%  swp=36.6±38.9  fid=0.0000  rew=+32.10
  ring_20q      4176ep | trunc=0%  swp=30.1±27.0  fid=0.0000  rew=+32.55
  grid_5x4_20q  4198ep | trunc=0%  swp=11.6±11.1  fid=0.0000  rew=+33.40
step=346880  rew=+86.211  swp=86.3  map=1.2  trunc=0%  pl=0.023  vl=0.572  ent=1.700  kl=0.1446  gn=1.295
  line_20q      4221ep | trunc=0%  swp=36.7±39.0  fid=0.0000  rew=+32.12
  ring_20q      4176ep | trunc=0%  swp=30.1±27.0  fid=0.0000  rew=+32.55
  grid_5x4_20q  4199ep | trunc=0%  swp=11.6±11.1  fid=0.0000  rew=+33.41
step=347136  rew=+87.597  swp=91.4  map=1.4  trunc=0%  pl=0.021  vl=0.415  ent=1.503  kl=0.0668  gn=1.003
  line_20q      4222ep | trunc=0%  swp=36.7±39.0  fid=0.0000  rew=+32.14
  ring_20q      4177ep | trunc=0%  swp=30.1±27.1  fid=0.0000  rew=+32.58
  grid_5x4_20q  4199ep | trunc=0%  swp=11.6±11.1  fid=0.0000  rew=+33.41
step=347392  rew=+82.853  swp=74.8  map=1.3  trunc=0%  pl=0.008  vl=0.600  ent=1.075  kl=0.0599  gn=1.242
  line_20q      4225ep | trunc=0%  swp=36.7±39.0  fid=0.0000  rew=+32.16
  ring_20q      4180ep | trunc=0%  swp=30.2±27.1  fid=0.0000  rew=+32.61
  grid_5x4_20q  4199ep | trunc=0%  swp=11.6±11.1  fid=0.0000  rew=+33.41
step=347648  rew=+79.952  swp=75.9  map=1.1  trunc=0%  pl=0.003  vl=0.454  ent=1.169  kl=0.1234  gn=0.927
  line_20q      4226ep | trunc=0%  swp=36.7±39.0  fid=0.0000  rew=+32.16
  ring_20q      4183ep | trunc=0%  swp=30.2±27.1  fid=0.0000  rew=+32.65
  grid_5x4_20q  4199ep | trunc=0%  swp=11.6±11.1  fid=0.0000  rew=+33.41
step=347904  rew=+83.520  swp=72.2  map=0.9  trunc=0%  pl=-0.039  vl=0.265  ent=1.468  kl=0.0796  gn=0.961
  line_20q      4228ep | trunc=0%  swp=36.7±39.0  fid=0.0000  rew=+32.18
  ring_20q      4184ep | trunc=0%  swp=30.2±27.1  fid=0.0000  rew=+32.66
  grid_5x4_20q  4200ep | trunc=0%  swp=11.6±11.1  fid=0.0000  rew=+33.41
step=348160  rew=+78.811  swp=57.4  map=0.7  trunc=0%  pl=0.009  vl=0.739  ent=1.122  kl=0.1972  gn=1.673
  line_20q      4230ep | trunc=0%  swp=36.7±39.0  fid=0.0000  rew=+32.20
  ring_20q      4185ep | trunc=0%  swp=30.2±27.1  fid=0.0000  rew=+32.67
  grid_5x4_20q  4202ep | trunc=0%  swp=11.7±11.2  fid=0.0000  rew=+33.46
step=348416  rew=+78.615  swp=56.1  map=0.7  trunc=0%  pl=0.005  vl=0.904  ent=1.358  kl=0.2918  gn=1.820
  line_20q      4233ep | trunc=0%  swp=36.7±39.0  fid=0.0000  rew=+32.23
  ring_20q      4185ep | trunc=0%  swp=30.2±27.1  fid=0.0000  rew=+32.67
  grid_5x4_20q  4202ep | trunc=0%  swp=11.7±11.2  fid=0.0000  rew=+33.46
step=348672  rew=+79.907  swp=51.8  map=0.9  trunc=0%  pl=-0.034  vl=0.469  ent=1.044  kl=0.1003  gn=1.437
  line_20q      4236ep | trunc=0%  swp=36.8±39.1  fid=0.0000  rew=+32.26
  ring_20q      4185ep | trunc=0%  swp=30.2±27.1  fid=0.0000  rew=+32.67
  grid_5x4_20q  4205ep | trunc=0%  swp=11.7±11.2  fid=0.0000  rew=+33.50
step=348928  rew=+81.645  swp=50.0  map=0.9  trunc=0%  pl=0.016  vl=0.272  ent=1.265  kl=0.1415  gn=1.506
  line_20q      4237ep | trunc=0%  swp=36.8±39.1  fid=0.0000  rew=+32.28
  ring_20q      4187ep | trunc=0%  swp=30.2±27.1  fid=0.0000  rew=+32.69
  grid_5x4_20q  4208ep | trunc=0%  swp=11.7±11.2  fid=0.0000  rew=+33.52
step=349184  rew=+77.641  swp=49.1  map=1.0  trunc=0%  pl=0.033  vl=0.778  ent=1.336  kl=0.0823  gn=1.119
  line_20q      4238ep | trunc=0%  swp=36.8±39.1  fid=0.0000  rew=+32.30
  ring_20q      4189ep | trunc=0%  swp=30.2±27.2  fid=0.0000  rew=+32.71
  grid_5x4_20q  4208ep | trunc=0%  swp=11.7±11.2  fid=0.0000  rew=+33.52
step=349440  rew=+74.808  swp=48.5  map=1.4  trunc=0%  pl=0.050  vl=0.701  ent=0.984  kl=0.1025  gn=2.554
  line_20q      4239ep | trunc=0%  swp=36.8±39.1  fid=0.0000  rew=+32.30
  ring_20q      4193ep | trunc=0%  swp=30.2±27.2  fid=0.0000  rew=+32.74
  grid_5x4_20q  4208ep | trunc=0%  swp=11.7±11.2  fid=0.0000  rew=+33.52
step=349696  rew=+82.967  swp=54.4  map=1.1  trunc=0%  pl=0.015  vl=0.334  ent=1.076  kl=0.0559  gn=1.611
  line_20q      4240ep | trunc=0%  swp=36.8±39.1  fid=0.0000  rew=+32.32
  ring_20q      4195ep | trunc=0%  swp=30.3±27.2  fid=0.0000  rew=+32.77
  grid_5x4_20q  4209ep | trunc=0%  swp=11.7±11.2  fid=0.0000  rew=+33.55
step=349952  rew=+75.412  swp=50.4  map=1.1  trunc=0%  pl=-0.015  vl=0.369  ent=0.960  kl=0.1906  gn=1.190
  line_20q      4243ep | trunc=0%  swp=36.8±39.1  fid=0.0000  rew=+32.33
  ring_20q      4196ep | trunc=0%  swp=30.3±27.2  fid=0.0000  rew=+32.79
  grid_5x4_20q  4211ep | trunc=0%  swp=11.7±11.2  fid=0.0000  rew=+33.57
step=350208  rew=+78.437  swp=54.4  map=0.9  trunc=0%  pl=0.031  vl=0.225  ent=1.264  kl=0.4145  gn=1.128
  line_20q      4243ep | trunc=0%  swp=36.8±39.1  fid=0.0000  rew=+32.33
  ring_20q      4198ep | trunc=0%  swp=30.3±27.3  fid=0.0000  rew=+32.82
  grid_5x4_20q  4213ep | trunc=0%  swp=11.7±11.2  fid=0.0000  rew=+33.58
step=350464  rew=+77.021  swp=51.2  map=0.9  trunc=0%  pl=0.017  vl=0.281  ent=1.438  kl=0.1513  gn=1.469
  line_20q      4244ep | trunc=0%  swp=36.8±39.1  fid=0.0000  rew=+32.34
  ring_20q      4199ep | trunc=0%  swp=30.3±27.3  fid=0.0000  rew=+32.83
  grid_5x4_20q  4214ep | trunc=0%  swp=11.7±11.2  fid=0.0000  rew=+33.58
step=350720  rew=+83.195  swp=60.5  map=0.7  trunc=0%  pl=-0.016  vl=0.633  ent=1.534  kl=0.1270  gn=1.178
  line_20q      4245ep | trunc=0%  swp=36.8±39.1  fid=0.0000  rew=+32.35
  ring_20q      4200ep | trunc=0%  swp=30.4±27.4  fid=0.0000  rew=+32.86
  grid_5x4_20q  4214ep | trunc=0%  swp=11.7±11.2  fid=0.0000  rew=+33.58
step=350976  rew=+87.001  swp=68.5  map=0.6  trunc=0%  pl=0.029  vl=0.556  ent=1.657  kl=0.1147  gn=1.386
  line_20q      4247ep | trunc=0%  swp=36.8±39.1  fid=0.0000  rew=+32.39
  ring_20q      4200ep | trunc=0%  swp=30.4±27.4  fid=0.0000  rew=+32.86
  grid_5x4_20q  4214ep | trunc=0%  swp=11.7±11.2  fid=0.0000  rew=+33.58
step=351232  rew=+90.695  swp=80.1  map=0.6  trunc=0%  pl=0.051  vl=0.610  ent=1.844  kl=0.0704  gn=0.911
  line_20q      4248ep | trunc=0%  swp=36.9±39.4  fid=0.0000  rew=+32.42
  ring_20q      4200ep | trunc=0%  swp=30.4±27.4  fid=0.0000  rew=+32.86
  grid_5x4_20q  4214ep | trunc=0%  swp=11.7±11.2  fid=0.0000  rew=+33.58
step=351488  rew=+92.423  swp=85.0  map=0.6  trunc=0%  pl=-0.010  vl=0.899  ent=1.747  kl=0.0297  gn=1.233
  line_20q      4249ep | trunc=0%  swp=37.0±39.4  fid=0.0000  rew=+32.44
  ring_20q      4200ep | trunc=0%  swp=30.4±27.4  fid=0.0000  rew=+32.86
  grid_5x4_20q  4214ep | trunc=0%  swp=11.7±11.2  fid=0.0000  rew=+33.58
step=351744  rew=+98.618  swp=89.9  map=0.2  trunc=0%  pl=0.045  vl=2.996  ent=0.588  kl=0.1312  gn=4.409
  line_20q      4250ep | trunc=0%  swp=37.0±39.4  fid=0.0000  rew=+32.45
  ring_20q      4202ep | trunc=0%  swp=30.4±27.4  fid=0.0000  rew=+32.89
  grid_5x4_20q  4218ep | trunc=0%  swp=11.7±11.2  fid=0.0000  rew=+33.65
step=352000  rew=+96.778  swp=89.8  map=0.3  trunc=0%  pl=-0.011  vl=0.694  ent=1.124  kl=0.0234  gn=1.397
  line_20q      4251ep | trunc=0%  swp=37.0±39.4  fid=0.0000  rew=+32.46
  ring_20q      4205ep | trunc=0%  swp=30.4±27.4  fid=0.0000  rew=+32.92
  grid_5x4_20q  4218ep | trunc=0%  swp=11.7±11.2  fid=0.0000  rew=+33.65
step=352256  rew=+77.811  swp=43.0  map=0.8  trunc=0%  pl=0.016  vl=0.729  ent=0.578  kl=0.0446  gn=1.328
  line_20q      4253ep | trunc=0%  swp=37.0±39.4  fid=0.0000  rew=+32.48
  ring_20q      4209ep | trunc=0%  swp=30.4±27.4  fid=0.0000  rew=+32.95
  grid_5x4_20q  4221ep | trunc=0%  swp=11.7±11.2  fid=0.0000  rew=+33.68
step=352512  rew=+74.304  swp=38.0  map=0.7  trunc=0%  pl=0.008  vl=0.223  ent=1.271  kl=0.0746  gn=1.324
  line_20q      4253ep | trunc=0%  swp=37.0±39.4  fid=0.0000  rew=+32.48
  ring_20q      4211ep | trunc=0%  swp=30.4±27.4  fid=0.0000  rew=+32.96
  grid_5x4_20q  4223ep | trunc=0%  swp=11.7±11.3  fid=0.0000  rew=+33.72
step=352768  rew=+75.510  swp=44.0  map=0.7  trunc=0%  pl=0.008  vl=1.069  ent=1.783  kl=0.1094  gn=1.098
  line_20q      4253ep | trunc=0%  swp=37.0±39.4  fid=0.0000  rew=+32.48
  ring_20q      4212ep | trunc=0%  swp=30.4±27.5  fid=0.0000  rew=+32.98
  grid_5x4_20q  4223ep | trunc=0%  swp=11.7±11.3  fid=0.0000  rew=+33.72
step=353024  rew=+76.933  swp=44.8  map=1.2  trunc=0%  pl=0.009  vl=0.712  ent=0.911  kl=0.0420  gn=1.890
  line_20q      4256ep | trunc=0%  swp=37.0±39.5  fid=0.0000  rew=+32.51
  ring_20q      4212ep | trunc=0%  swp=30.4±27.5  fid=0.0000  rew=+32.98
  grid_5x4_20q  4227ep | trunc=0%  swp=11.7±11.3  fid=0.0000  rew=+33.76
step=353280  rew=+78.284  swp=48.8  map=1.4  trunc=0%  pl=-0.010  vl=0.362  ent=0.951  kl=0.1524  gn=1.123
  line_20q      4256ep | trunc=0%  swp=37.0±39.5  fid=0.0000  rew=+32.51
  ring_20q      4215ep | trunc=0%  swp=30.5±27.5  fid=0.0000  rew=+33.01
  grid_5x4_20q  4229ep | trunc=0%  swp=11.8±11.3  fid=0.0000  rew=+33.78
step=353536  rew=+87.772  swp=59.9  map=1.1  trunc=0%  pl=0.014  vl=0.264  ent=1.206  kl=0.0807  gn=1.496
  line_20q      4257ep | trunc=0%  swp=37.0±39.5  fid=0.0000  rew=+32.52
  ring_20q      4217ep | trunc=0%  swp=30.5±27.5  fid=0.0000  rew=+33.03
  grid_5x4_20q  4230ep | trunc=0%  swp=11.8±11.3  fid=0.0000  rew=+33.81
step=353792  rew=+81.888  swp=52.8  map=1.2  trunc=0%  pl=-0.013  vl=0.189  ent=1.360  kl=0.0465  gn=1.162
  line_20q      4258ep | trunc=0%  swp=37.0±39.5  fid=0.0000  rew=+32.53
  ring_20q      4218ep | trunc=0%  swp=30.5±27.5  fid=0.0000  rew=+33.03
  grid_5x4_20q  4232ep | trunc=0%  swp=11.8±11.3  fid=0.0000  rew=+33.84
step=354048  rew=+83.552  swp=59.1  map=1.2  trunc=0%  pl=-0.008  vl=0.847  ent=2.118  kl=0.0250  gn=1.303
  line_20q      4259ep | trunc=0%  swp=37.1±39.8  fid=0.0000  rew=+32.55
  ring_20q      4218ep | trunc=0%  swp=30.5±27.5  fid=0.0000  rew=+33.03
  grid_5x4_20q  4232ep | trunc=0%  swp=11.8±11.3  fid=0.0000  rew=+33.84
step=354304  rew=+88.448  swp=66.2  map=1.1  trunc=0%  pl=-0.000  vl=0.907  ent=1.021  kl=0.1007  gn=2.072
  line_20q      4260ep | trunc=0%  swp=37.1±39.8  fid=0.0000  rew=+32.56
  ring_20q      4219ep | trunc=0%  swp=30.5±27.6  fid=0.0000  rew=+33.05
  grid_5x4_20q  4233ep | trunc=0%  swp=11.8±11.3  fid=0.0000  rew=+33.86
step=354560  rew=+84.538  swp=64.8  map=1.2  trunc=0%  pl=-0.041  vl=0.190  ent=1.022  kl=0.1841  gn=0.770
  line_20q      4262ep | trunc=0%  swp=37.1±39.8  fid=0.0000  rew=+32.58
  ring_20q      4221ep | trunc=0%  swp=30.5±27.6  fid=0.0000  rew=+33.07
  grid_5x4_20q  4236ep | trunc=0%  swp=11.8±11.3  fid=0.0000  rew=+33.88
step=354816  rew=+86.786  swp=66.3  map=1.1  trunc=0%  pl=0.000  vl=0.672  ent=1.184  kl=0.1179  gn=1.177
  line_20q      4264ep | trunc=0%  swp=37.1±39.8  fid=0.0000  rew=+32.61
  ring_20q      4222ep | trunc=0%  swp=30.5±27.6  fid=0.0000  rew=+33.08
  grid_5x4_20q  4236ep | trunc=0%  swp=11.8±11.3  fid=0.0000  rew=+33.88
step=355072  rew=+83.047  swp=65.0  map=1.1  trunc=0%  pl=-0.002  vl=0.121  ent=1.190  kl=0.0397  gn=0.824
  line_20q      4265ep | trunc=0%  swp=37.1±39.8  fid=0.0000  rew=+32.62
  ring_20q      4224ep | trunc=0%  swp=30.5±27.6  fid=0.0000  rew=+33.11
  grid_5x4_20q  4238ep | trunc=0%  swp=11.8±11.3  fid=0.0000  rew=+33.90
step=355328  rew=+77.574  swp=57.1  map=1.1  trunc=0%  pl=0.007  vl=0.595  ent=1.490  kl=0.0448  gn=0.873
  line_20q      4267ep | trunc=0%  swp=37.2±39.9  fid=0.0000  rew=+32.65
  ring_20q      4225ep | trunc=0%  swp=30.5±27.6  fid=0.0000  rew=+33.11
  grid_5x4_20q  4238ep | trunc=0%  swp=11.8±11.3  fid=0.0000  rew=+33.90
step=355584  rew=+77.378  swp=60.0  map=0.8  trunc=0%  pl=-0.006  vl=0.704  ent=1.349  kl=0.0259  gn=0.961
  line_20q      4267ep | trunc=0%  swp=37.2±39.9  fid=0.0000  rew=+32.65
  ring_20q      4228ep | trunc=0%  swp=30.6±27.7  fid=0.0000  rew=+33.15
  grid_5x4_20q  4238ep | trunc=0%  swp=11.8±11.3  fid=0.0000  rew=+33.90
step=355840  rew=+73.897  swp=62.2  map=0.6  trunc=0%  pl=-0.012  vl=0.572  ent=1.451  kl=0.0932  gn=0.810
  line_20q      4269ep | trunc=0%  swp=37.2±39.9  fid=0.0000  rew=+32.66
  ring_20q      4230ep | trunc=0%  swp=30.6±27.7  fid=0.0000  rew=+33.16
  grid_5x4_20q  4238ep | trunc=0%  swp=11.8±11.3  fid=0.0000  rew=+33.90
step=356096  rew=+79.562  swp=76.2  map=0.4  trunc=0%  pl=-0.001  vl=0.229  ent=1.818  kl=0.0400  gn=0.701
  line_20q      4270ep | trunc=0%  swp=37.2±40.1  fid=0.0000  rew=+32.69
  ring_20q      4230ep | trunc=0%  swp=30.6±27.7  fid=0.0000  rew=+33.16
  grid_5x4_20q  4238ep | trunc=0%  swp=11.8±11.3  fid=0.0000  rew=+33.90
step=356352  rew=+78.018  swp=73.8  map=0.8  trunc=0%  pl=0.006  vl=0.562  ent=1.290  kl=0.0850  gn=1.800
  line_20q      4271ep | trunc=0%  swp=37.2±40.1  fid=0.0000  rew=+32.70
  ring_20q      4232ep | trunc=0%  swp=30.6±27.7  fid=0.0000  rew=+33.19
  grid_5x4_20q  4240ep | trunc=0%  swp=11.8±11.3  fid=0.0000  rew=+33.92
step=356608  rew=+79.503  swp=76.3  map=0.8  trunc=0%  pl=-0.001  vl=0.186  ent=1.266  kl=0.0695  gn=0.934
  line_20q      4271ep | trunc=0%  swp=37.2±40.1  fid=0.0000  rew=+32.70
  ring_20q      4234ep | trunc=0%  swp=30.6±27.7  fid=0.0000  rew=+33.21
  grid_5x4_20q  4242ep | trunc=0%  swp=11.8±11.3  fid=0.0000  rew=+33.94
step=356864  rew=+81.830  swp=73.8  map=1.1  trunc=0%  pl=0.005  vl=0.450  ent=1.468  kl=0.0759  gn=0.966
  line_20q      4273ep | trunc=0%  swp=37.3±40.1  fid=0.0000  rew=+32.71
  ring_20q      4235ep | trunc=0%  swp=30.7±27.8  fid=0.0000  rew=+33.24
  grid_5x4_20q  4242ep | trunc=0%  swp=11.8±11.3  fid=0.0000  rew=+33.94
step=357120  rew=+78.869  swp=71.0  map=1.2  trunc=0%  pl=-0.009  vl=0.198  ent=1.451  kl=0.0503  gn=1.112
  line_20q      4275ep | trunc=0%  swp=37.3±40.1  fid=0.0000  rew=+32.73
  ring_20q      4235ep | trunc=0%  swp=30.7±27.8  fid=0.0000  rew=+33.24
  grid_5x4_20q  4244ep | trunc=0%  swp=11.8±11.3  fid=0.0000  rew=+33.95
step=357376  rew=+78.830  swp=60.9  map=1.5  trunc=0%  pl=-0.003  vl=0.689  ent=0.942  kl=0.1280  gn=1.554
  line_20q      4278ep | trunc=0%  swp=37.3±40.1  fid=0.0000  rew=+32.76
  ring_20q      4235ep | trunc=0%  swp=30.7±27.8  fid=0.0000  rew=+33.24
  grid_5x4_20q  4246ep | trunc=0%  swp=11.8±11.4  fid=0.0000  rew=+33.98
step=357632  rew=+79.932  swp=61.7  map=1.5  trunc=0%  pl=0.005  vl=1.090  ent=1.867  kl=0.0899  gn=1.473
  line_20q      4279ep | trunc=0%  swp=37.3±40.2  fid=0.0000  rew=+32.78
  ring_20q      4235ep | trunc=0%  swp=30.7±27.8  fid=0.0000  rew=+33.24
  grid_5x4_20q  4246ep | trunc=0%  swp=11.8±11.4  fid=0.0000  rew=+33.98
step=357888  rew=+77.356  swp=66.9  map=1.2  trunc=0%  pl=-0.002  vl=0.386  ent=1.217  kl=0.0269  gn=1.054
  line_20q      4280ep | trunc=0%  swp=37.3±40.1  fid=0.0000  rew=+32.79
  ring_20q      4239ep | trunc=0%  swp=30.7±27.9  fid=0.0000  rew=+33.28
  grid_5x4_20q  4246ep | trunc=0%  swp=11.8±11.4  fid=0.0000  rew=+33.98
step=358144  rew=+86.648  swp=74.7  map=1.1  trunc=0%  pl=-0.029  vl=0.323  ent=1.791  kl=0.0611  gn=1.411
  line_20q      4280ep | trunc=0%  swp=37.3±40.1  fid=0.0000  rew=+32.79
  ring_20q      4240ep | trunc=0%  swp=30.7±27.9  fid=0.0000  rew=+33.30
  grid_5x4_20q  4247ep | trunc=0%  swp=11.8±11.4  fid=0.0000  rew=+34.01
step=358400  rew=+90.113  swp=75.8  map=0.8  trunc=0%  pl=-0.042  vl=0.110  ent=1.308  kl=0.0870  gn=1.016
  line_20q      4280ep | trunc=0%  swp=37.3±40.1  fid=0.0000  rew=+32.79
  ring_20q      4242ep | trunc=0%  swp=30.8±28.0  fid=0.0000  rew=+33.34
  grid_5x4_20q  4248ep | trunc=0%  swp=11.8±11.4  fid=0.0000  rew=+34.02
step=358656  rew=+90.422  swp=69.8  map=0.8  trunc=0%  pl=0.002  vl=0.282  ent=1.184  kl=0.0376  gn=1.087
  line_20q      4282ep | trunc=0%  swp=37.3±40.1  fid=0.0000  rew=+32.80
  ring_20q      4242ep | trunc=0%  swp=30.8±28.0  fid=0.0000  rew=+33.34
  grid_5x4_20q  4251ep | trunc=0%  swp=11.9±11.4  fid=0.0000  rew=+34.08
step=358912  rew=+88.965  swp=60.3  map=0.8  trunc=0%  pl=0.006  vl=0.291  ent=1.080  kl=0.1323  gn=1.050
  line_20q      4283ep | trunc=0%  swp=37.4±40.2  fid=0.0000  rew=+32.82
  ring_20q      4245ep | trunc=0%  swp=30.8±28.0  fid=0.0000  rew=+33.36
  grid_5x4_20q  4253ep | trunc=0%  swp=11.9±11.4  fid=0.0000  rew=+34.11
step=359168  rew=+90.143  swp=61.5  map=0.6  trunc=0%  pl=0.005  vl=0.402  ent=1.194  kl=0.0832  gn=1.121
  line_20q      4284ep | trunc=0%  swp=37.4±40.2  fid=0.0000  rew=+32.82
  ring_20q      4247ep | trunc=0%  swp=30.8±28.0  fid=0.0000  rew=+33.38
  grid_5x4_20q  4254ep | trunc=0%  swp=11.9±11.4  fid=0.0000  rew=+34.11
step=359424  rew=+73.189  swp=48.1  map=0.9  trunc=0%  pl=-0.052  vl=0.145  ent=1.103  kl=0.1245  gn=0.877
  line_20q      4287ep | trunc=0%  swp=37.4±40.2  fid=0.0000  rew=+32.85
  ring_20q      4248ep | trunc=0%  swp=30.8±28.0  fid=0.0000  rew=+33.38
  grid_5x4_20q  4256ep | trunc=0%  swp=11.9±11.4  fid=0.0000  rew=+34.12
step=359680  rew=+73.189  swp=48.1  map=0.9  trunc=0%  pl=0.017  vl=1.313  ent=2.028  kl=0.0886  gn=1.092
  line_20q      4287ep | trunc=0%  swp=37.4±40.2  fid=0.0000  rew=+32.85
  ring_20q      4248ep | trunc=0%  swp=30.8±28.0  fid=0.0000  rew=+33.38
  grid_5x4_20q  4256ep | trunc=0%  swp=11.9±11.4  fid=0.0000  rew=+34.12
step=359936  rew=+80.006  swp=68.9  map=0.8  trunc=0%  pl=-0.011  vl=0.932  ent=1.582  kl=0.0519  gn=1.276
  line_20q      4289ep | trunc=0%  swp=37.5±40.5  fid=0.0000  rew=+32.89
  ring_20q      4248ep | trunc=0%  swp=30.8±28.0  fid=0.0000  rew=+33.38
  grid_5x4_20q  4256ep | trunc=0%  swp=11.9±11.4  fid=0.0000  rew=+34.12
step=360192  rew=+84.563  swp=76.1  map=0.8  trunc=0%  pl=-0.005  vl=0.327  ent=1.446  kl=0.0937  gn=1.545
  line_20q      4289ep | trunc=0%  swp=37.5±40.5  fid=0.0000  rew=+32.89
  ring_20q      4249ep | trunc=0%  swp=30.8±28.1  fid=0.0000  rew=+33.41
  grid_5x4_20q  4257ep | trunc=0%  swp=11.9±11.5  fid=0.0000  rew=+34.15
step=360448  rew=+79.985  swp=71.7  map=1.4  trunc=0%  pl=0.007  vl=0.551  ent=0.658  kl=0.0740  gn=1.184
  line_20q      4290ep | trunc=0%  swp=37.5±40.5  fid=0.0000  rew=+32.90
  ring_20q      4254ep | trunc=0%  swp=30.8±28.1  fid=0.0000  rew=+33.44
  grid_5x4_20q  4258ep | trunc=0%  swp=11.9±11.5  fid=0.0000  rew=+34.16
step=360704  rew=+78.594  swp=67.1  map=1.6  trunc=0%  pl=0.010  vl=0.475  ent=1.646  kl=0.0548  gn=1.125
  line_20q      4291ep | trunc=0%  swp=37.5±40.4  fid=0.0000  rew=+32.91
  ring_20q      4254ep | trunc=0%  swp=30.8±28.1  fid=0.0000  rew=+33.44
  grid_5x4_20q  4259ep | trunc=0%  swp=11.9±11.5  fid=0.0000  rew=+34.17
step=360960  rew=+78.030  swp=50.8  map=1.8  trunc=0%  pl=0.005  vl=0.808  ent=0.522  kl=0.1151  gn=1.699
  line_20q      4295ep | trunc=0%  swp=37.5±40.5  fid=0.0000  rew=+32.96
  ring_20q      4254ep | trunc=0%  swp=30.8±28.1  fid=0.0000  rew=+33.44
  grid_5x4_20q  4264ep | trunc=0%  swp=11.9±11.5  fid=0.0000  rew=+34.21
step=361216  rew=+71.752  swp=48.4  map=2.0  trunc=0%  pl=-0.016  vl=0.413  ent=1.389  kl=0.2065  gn=1.376
  line_20q      4296ep | trunc=0%  swp=37.6±40.6  fid=0.0000  rew=+32.97
  ring_20q      4254ep | trunc=0%  swp=30.8±28.1  fid=0.0000  rew=+33.44
  grid_5x4_20q  4265ep | trunc=0%  swp=11.9±11.5  fid=0.0000  rew=+34.22
step=361472  rew=+74.334  swp=53.0  map=2.0  trunc=0%  pl=0.009  vl=0.903  ent=1.659  kl=0.1429  gn=1.211
  line_20q      4297ep | trunc=0%  swp=37.6±40.6  fid=0.0000  rew=+32.99
  ring_20q      4254ep | trunc=0%  swp=30.8±28.1  fid=0.0000  rew=+33.44
  grid_5x4_20q  4265ep | trunc=0%  swp=11.9±11.5  fid=0.0000  rew=+34.22
step=361728  rew=+83.218  swp=65.3  map=2.1  trunc=0%  pl=-0.021  vl=0.205  ent=1.268  kl=0.2418  gn=1.115
  line_20q      4298ep | trunc=0%  swp=37.6±40.7  fid=0.0000  rew=+33.01
  ring_20q      4255ep | trunc=0%  swp=30.9±28.2  fid=0.0000  rew=+33.46
  grid_5x4_20q  4266ep | trunc=0%  swp=11.9±11.5  fid=0.0000  rew=+34.25
step=361984  rew=+87.697  swp=72.0  map=1.9  trunc=0%  pl=-0.018  vl=0.162  ent=1.566  kl=0.1689  gn=1.071
  line_20q      4299ep | trunc=0%  swp=37.6±40.7  fid=0.0000  rew=+33.02
  ring_20q      4256ep | trunc=0%  swp=30.9±28.2  fid=0.0000  rew=+33.47
  grid_5x4_20q  4267ep | trunc=0%  swp=11.9±11.5  fid=0.0000  rew=+34.27
step=362240  rew=+90.992  swp=82.8  map=1.8  trunc=0%  pl=0.035  vl=0.806  ent=1.890  kl=0.0259  gn=0.962
  line_20q      4300ep | trunc=0%  swp=37.7±40.8  fid=0.0000  rew=+33.05
  ring_20q      4256ep | trunc=0%  swp=30.9±28.2  fid=0.0000  rew=+33.47
  grid_5x4_20q  4267ep | trunc=0%  swp=11.9±11.5  fid=0.0000  rew=+34.27
step=362496  rew=+94.395  swp=86.3  map=1.6  trunc=0%  pl=-0.024  vl=0.555  ent=1.727  kl=0.0965  gn=1.326
  line_20q      4301ep | trunc=0%  swp=37.7±40.9  fid=0.0000  rew=+33.07
  ring_20q      4257ep | trunc=0%  swp=30.9±28.2  fid=0.0000  rew=+33.49
  grid_5x4_20q  4267ep | trunc=0%  swp=11.9±11.5  fid=0.0000  rew=+34.27
step=362752  rew=+101.059  swp=93.0  map=1.7  trunc=0%  pl=0.007  vl=0.793  ent=0.739  kl=0.1091  gn=1.623
  line_20q      4303ep | trunc=0%  swp=37.7±40.9  fid=0.0000  rew=+33.10
  ring_20q      4257ep | trunc=0%  swp=30.9±28.2  fid=0.0000  rew=+33.49
  grid_5x4_20q  4269ep | trunc=0%  swp=11.9±11.5  fid=0.0000  rew=+34.30
step=363008  rew=+96.231  swp=88.7  map=1.5  trunc=0%  pl=-0.042  vl=0.261  ent=1.055  kl=0.1803  gn=0.881
  line_20q      4306ep | trunc=0%  swp=37.7±40.9  fid=0.0000  rew=+33.12
  ring_20q      4258ep | trunc=0%  swp=30.9±28.2  fid=0.0000  rew=+33.49
  grid_5x4_20q  4271ep | trunc=0%  swp=11.9±11.5  fid=0.0000  rew=+34.32
step=363264  rew=+93.837  swp=73.6  map=1.4  trunc=0%  pl=-0.027  vl=0.264  ent=1.088  kl=0.1923  gn=1.357
  line_20q      4306ep | trunc=0%  swp=37.7±40.9  fid=0.0000  rew=+33.12
  ring_20q      4261ep | trunc=0%  swp=30.9±28.2  fid=0.0000  rew=+33.52
  grid_5x4_20q  4273ep | trunc=0%  swp=11.9±11.5  fid=0.0000  rew=+34.36
step=363520  rew=+92.231  swp=58.9  map=1.9  trunc=0%  pl=-0.034  vl=0.187  ent=1.101  kl=0.1824  gn=1.065
  line_20q      4307ep | trunc=0%  swp=37.8±40.9  fid=0.0000  rew=+33.14
  ring_20q      4261ep | trunc=0%  swp=30.9±28.2  fid=0.0000  rew=+33.52
  grid_5x4_20q  4275ep | trunc=0%  swp=12.0±11.5  fid=0.0000  rew=+34.40
step=363776  rew=+86.932  swp=56.5  map=1.9  trunc=0%  pl=0.006  vl=0.674  ent=1.292  kl=0.1051  gn=1.200
  line_20q      4310ep | trunc=0%  swp=37.8±40.9  fid=0.0000  rew=+33.17
  ring_20q      4262ep | trunc=0%  swp=30.9±28.3  fid=0.0000  rew=+33.54
  grid_5x4_20q  4275ep | trunc=0%  swp=12.0±11.5  fid=0.0000  rew=+34.40
step=364032  rew=+87.674  swp=59.4  map=2.1  trunc=0%  pl=-0.008  vl=0.411  ent=1.363  kl=0.1476  gn=0.783
  line_20q      4312ep | trunc=0%  swp=37.8±40.9  fid=0.0000  rew=+33.19
  ring_20q      4263ep | trunc=0%  swp=31.0±28.3  fid=0.0000  rew=+33.56
  grid_5x4_20q  4275ep | trunc=0%  swp=12.0±11.5  fid=0.0000  rew=+34.40
step=364288  rew=+89.644  swp=63.6  map=1.9  trunc=0%  pl=0.002  vl=0.406  ent=1.132  kl=0.0772  gn=1.977
  line_20q      4313ep | trunc=0%  swp=37.8±40.9  fid=0.0000  rew=+33.19
  ring_20q      4265ep | trunc=0%  swp=31.0±28.3  fid=0.0000  rew=+33.57
  grid_5x4_20q  4276ep | trunc=0%  swp=12.0±11.5  fid=0.0000  rew=+34.41
step=364544  rew=+87.713  swp=64.9  map=1.9  trunc=0%  pl=-0.022  vl=0.393  ent=1.450  kl=0.1390  gn=0.907
  line_20q      4314ep | trunc=0%  swp=37.8±40.9  fid=0.0000  rew=+33.20
  ring_20q      4267ep | trunc=0%  swp=31.0±28.4  fid=0.0000  rew=+33.62
  grid_5x4_20q  4277ep | trunc=0%  swp=12.0±11.5  fid=0.0000  rew=+34.41
step=364800  rew=+82.036  swp=64.0  map=1.1  trunc=0%  pl=-0.008  vl=0.422  ent=1.335  kl=0.1456  gn=1.109
  line_20q      4315ep | trunc=0%  swp=37.8±40.9  fid=0.0000  rew=+33.21
  ring_20q      4269ep | trunc=0%  swp=31.0±28.4  fid=0.0000  rew=+33.62
  grid_5x4_20q  4277ep | trunc=0%  swp=12.0±11.5  fid=0.0000  rew=+34.41
step=365056  rew=+77.097  swp=64.6  map=1.1  trunc=0%  pl=0.004  vl=0.657  ent=0.631  kl=0.0830  gn=0.937
  line_20q      4316ep | trunc=0%  swp=37.8±40.9  fid=0.0000  rew=+33.21
  ring_20q      4273ep | trunc=0%  swp=31.1±28.5  fid=0.0000  rew=+33.67
  grid_5x4_20q  4277ep | trunc=0%  swp=12.0±11.5  fid=0.0000  rew=+34.41
step=365312  rew=+74.369  swp=60.9  map=0.7  trunc=0%  pl=0.013  vl=0.368  ent=1.175  kl=0.1416  gn=0.887
  line_20q      4317ep | trunc=0%  swp=37.8±40.9  fid=0.0000  rew=+33.22
  ring_20q      4274ep | trunc=0%  swp=31.1±28.5  fid=0.0000  rew=+33.69
  grid_5x4_20q  4277ep | trunc=0%  swp=12.0±11.5  fid=0.0000  rew=+34.41
step=365568  rew=+77.655  swp=72.7  map=0.7  trunc=0%  pl=0.002  vl=0.237  ent=1.303  kl=0.0832  gn=0.866
  line_20q      4319ep | trunc=0%  swp=37.9±41.1  fid=0.0000  rew=+33.26
  ring_20q      4274ep | trunc=0%  swp=31.1±28.5  fid=0.0000  rew=+33.69
  grid_5x4_20q  4278ep | trunc=0%  swp=12.0±11.5  fid=0.0000  rew=+34.41
step=365824  rew=+76.265  swp=74.2  map=0.9  trunc=0%  pl=0.023  vl=0.529  ent=1.069  kl=0.1170  gn=1.362
  line_20q      4322ep | trunc=0%  swp=37.9±41.1  fid=0.0000  rew=+33.30
  ring_20q      4274ep | trunc=0%  swp=31.1±28.5  fid=0.0000  rew=+33.69
  grid_5x4_20q  4279ep | trunc=0%  swp=11.9±11.5  fid=0.0000  rew=+34.41
step=366080  rew=+81.291  swp=86.7  map=0.8  trunc=0%  pl=0.001  vl=0.762  ent=1.763  kl=0.0581  gn=1.028
  line_20q      4323ep | trunc=0%  swp=37.9±41.2  fid=0.0000  rew=+33.32
  ring_20q      4274ep | trunc=0%  swp=31.1±28.5  fid=0.0000  rew=+33.69
  grid_5x4_20q  4279ep | trunc=0%  swp=11.9±11.5  fid=0.0000  rew=+34.41
step=366336  rew=+85.099  swp=91.5  map=0.8  trunc=0%  pl=0.011  vl=1.192  ent=1.576  kl=0.1591  gn=1.894
  line_20q      4323ep | trunc=0%  swp=37.9±41.2  fid=0.0000  rew=+33.32
  ring_20q      4275ep | trunc=0%  swp=31.1±28.5  fid=0.0000  rew=+33.71
  grid_5x4_20q  4279ep | trunc=0%  swp=11.9±11.5  fid=0.0000  rew=+34.41
step=366592  rew=+90.987  swp=94.5  map=0.9  trunc=0%  pl=-0.009  vl=0.158  ent=1.328  kl=0.1268  gn=1.358
  line_20q      4325ep | trunc=0%  swp=38.0±41.3  fid=0.0000  rew=+33.37
  ring_20q      4275ep | trunc=0%  swp=31.1±28.5  fid=0.0000  rew=+33.71
  grid_5x4_20q  4281ep | trunc=0%  swp=12.0±11.6  fid=0.0000  rew=+34.43
step=366848  rew=+91.529  swp=91.8  map=0.9  trunc=0%  pl=-0.007  vl=0.595  ent=1.369  kl=0.2256  gn=1.211
  line_20q      4326ep | trunc=0%  swp=38.0±41.3  fid=0.0000  rew=+33.39
  ring_20q      4276ep | trunc=0%  swp=31.1±28.5  fid=0.0000  rew=+33.72
  grid_5x4_20q  4281ep | trunc=0%  swp=12.0±11.6  fid=0.0000  rew=+34.43
step=367104  rew=+97.435  swp=103.5  map=0.9  trunc=0%  pl=-0.042  vl=0.211  ent=1.607  kl=0.1154  gn=0.869
  line_20q      4328ep | trunc=0%  swp=38.1±41.4  fid=0.0000  rew=+33.42
  ring_20q      4276ep | trunc=0%  swp=31.1±28.5  fid=0.0000  rew=+33.72
  grid_5x4_20q  4282ep | trunc=0%  swp=12.0±11.6  fid=0.0000  rew=+34.45
step=367360  rew=+99.839  swp=111.3  map=0.8  trunc=0%  pl=0.026  vl=0.536  ent=1.697  kl=0.0716  gn=1.006
  line_20q      4329ep | trunc=0%  swp=38.1±41.4  fid=0.0000  rew=+33.45
  ring_20q      4277ep | trunc=0%  swp=31.1±28.5  fid=0.0000  rew=+33.73
  grid_5x4_20q  4282ep | trunc=0%  swp=12.0±11.6  fid=0.0000  rew=+34.45
step=367616  rew=+96.688  swp=100.7  map=1.0  trunc=0%  pl=0.018  vl=0.398  ent=1.178  kl=0.1017  gn=1.213
  line_20q      4331ep | trunc=0%  swp=38.1±41.4  fid=0.0000  rew=+33.46
  ring_20q      4278ep | trunc=0%  swp=31.1±28.6  fid=0.0000  rew=+33.74
  grid_5x4_20q  4282ep | trunc=0%  swp=12.0±11.6  fid=0.0000  rew=+34.45
step=367872  rew=+95.805  swp=98.2  map=0.8  trunc=0%  pl=0.015  vl=0.288  ent=1.312  kl=0.0813  gn=1.111
  line_20q      4331ep | trunc=0%  swp=38.1±41.4  fid=0.0000  rew=+33.46
  ring_20q      4281ep | trunc=0%  swp=31.2±28.6  fid=0.0000  rew=+33.78
  grid_5x4_20q  4282ep | trunc=0%  swp=12.0±11.6  fid=0.0000  rew=+34.45
step=368128  rew=+92.709  swp=85.7  map=0.8  trunc=0%  pl=0.008  vl=0.496  ent=1.231  kl=0.0758  gn=1.451
  line_20q      4332ep | trunc=0%  swp=38.2±41.6  fid=0.0000  rew=+33.49
  ring_20q      4281ep | trunc=0%  swp=31.2±28.6  fid=0.0000  rew=+33.78
  grid_5x4_20q  4285ep | trunc=0%  swp=12.0±11.6  fid=0.0000  rew=+34.48
step=368384  rew=+91.205  swp=82.5  map=0.8  trunc=0%  pl=-0.019  vl=0.189  ent=1.098  kl=0.1028  gn=1.801
  line_20q      4335ep | trunc=0%  swp=38.2±41.6  fid=0.0000  rew=+33.51
  ring_20q      4281ep | trunc=0%  swp=31.2±28.6  fid=0.0000  rew=+33.78
  grid_5x4_20q  4286ep | trunc=0%  swp=12.0±11.6  fid=0.0000  rew=+34.51
step=368640  rew=+90.759  swp=83.9  map=1.0  trunc=0%  pl=-0.000  vl=0.384  ent=1.659  kl=0.0607  gn=1.107
  line_20q      4336ep | trunc=0%  swp=38.2±41.7  fid=0.0000  rew=+33.53
  ring_20q      4281ep | trunc=0%  swp=31.2±28.6  fid=0.0000  rew=+33.78
  grid_5x4_20q  4287ep | trunc=0%  swp=12.0±11.6  fid=0.0000  rew=+34.51
step=368896  rew=+88.147  swp=71.2  map=1.0  trunc=0%  pl=0.029  vl=0.620  ent=1.020  kl=0.0579  gn=1.446
  line_20q      4337ep | trunc=0%  swp=38.2±41.7  fid=0.0000  rew=+33.55
  ring_20q      4283ep | trunc=0%  swp=31.2±28.6  fid=0.0000  rew=+33.80
  grid_5x4_20q  4288ep | trunc=0%  swp=12.0±11.6  fid=0.0000  rew=+34.52
step=369152  rew=+94.141  swp=79.5  map=0.8  trunc=0%  pl=-0.002  vl=0.764  ent=1.407  kl=0.0655  gn=1.464
  line_20q      4337ep | trunc=0%  swp=38.2±41.7  fid=0.0000  rew=+33.55
  ring_20q      4285ep | trunc=0%  swp=31.2±28.7  fid=0.0000  rew=+33.84
  grid_5x4_20q  4288ep | trunc=0%  swp=12.0±11.6  fid=0.0000  rew=+34.52
step=369408  rew=+95.250  swp=79.0  map=0.8  trunc=0%  pl=0.039  vl=0.349  ent=1.480  kl=0.0417  gn=1.502
  line_20q      4337ep | trunc=0%  swp=38.2±41.7  fid=0.0000  rew=+33.55
  ring_20q      4286ep | trunc=0%  swp=31.3±28.8  fid=0.0000  rew=+33.87
  grid_5x4_20q  4289ep | trunc=0%  swp=12.0±11.6  fid=0.0000  rew=+34.53
step=369664  rew=+97.674  swp=75.5  map=0.9  trunc=0%  pl=0.029  vl=0.274  ent=1.179  kl=0.0719  gn=1.360
  line_20q      4337ep | trunc=0%  swp=38.2±41.7  fid=0.0000  rew=+33.55
  ring_20q      4288ep | trunc=0%  swp=31.3±28.9  fid=0.0000  rew=+33.92
  grid_5x4_20q  4291ep | trunc=0%  swp=12.0±11.6  fid=0.0000  rew=+34.56
step=369920  rew=+95.762  swp=71.3  map=1.1  trunc=0%  pl=-0.001  vl=0.140  ent=1.266  kl=0.0460  gn=0.836
  line_20q      4338ep | trunc=0%  swp=38.2±41.6  fid=0.0000  rew=+33.55
  ring_20q      4289ep | trunc=0%  swp=31.3±28.9  fid=0.0000  rew=+33.93
  grid_5x4_20q  4294ep | trunc=0%  swp=12.0±11.6  fid=0.0000  rew=+34.57
step=370176  rew=+93.215  swp=68.0  map=0.9  trunc=0%  pl=-0.014  vl=0.261  ent=1.132  kl=0.1496  gn=1.056
  line_20q      4340ep | trunc=0%  swp=38.2±41.6  fid=0.0000  rew=+33.58
  ring_20q      4290ep | trunc=0%  swp=31.4±28.9  fid=0.0000  rew=+33.95
  grid_5x4_20q  4295ep | trunc=0%  swp=12.0±11.6  fid=0.0000  rew=+34.59
step=370432  rew=+99.291  swp=80.7  map=0.8  trunc=0%  pl=-0.016  vl=0.461  ent=1.285  kl=0.1594  gn=1.014
  line_20q      4341ep | trunc=0%  swp=38.3±41.7  fid=0.0000  rew=+33.60
  ring_20q      4291ep | trunc=0%  swp=31.4±29.0  fid=0.0000  rew=+33.98
  grid_5x4_20q  4295ep | trunc=0%  swp=12.0±11.6  fid=0.0000  rew=+34.59
step=370688  rew=+93.640  swp=63.2  map=1.1  trunc=0%  pl=0.004  vl=0.752  ent=1.055  kl=0.3011  gn=2.020
  line_20q      4342ep | trunc=0%  swp=38.3±41.7  fid=0.0000  rew=+33.61
  ring_20q      4291ep | trunc=0%  swp=31.4±29.0  fid=0.0000  rew=+33.98
  grid_5x4_20q  4299ep | trunc=0%  swp=12.0±11.6  fid=0.0000  rew=+34.63
step=370944  rew=+91.994  swp=57.0  map=1.1  trunc=0%  pl=-0.016  vl=0.368  ent=1.368  kl=0.2115  gn=1.305
  line_20q      4343ep | trunc=0%  swp=38.3±41.7  fid=0.0000  rew=+33.63
  ring_20q      4292ep | trunc=0%  swp=31.4±29.0  fid=0.0000  rew=+33.98
  grid_5x4_20q  4302ep | trunc=0%  swp=12.0±11.7  fid=0.0000  rew=+34.70
step=371200  rew=+99.201  swp=64.9  map=0.9  trunc=0%  pl=-0.010  vl=0.385  ent=1.553  kl=0.2687  gn=1.061
  line_20q      4343ep | trunc=0%  swp=38.3±41.7  fid=0.0000  rew=+33.63
  ring_20q      4293ep | trunc=0%  swp=31.4±29.0  fid=0.0000  rew=+34.00
  grid_5x4_20q  4303ep | trunc=0%  swp=12.0±11.7  fid=0.0000  rew=+34.71
step=371456  rew=+92.832  swp=57.4  map=0.8  trunc=0%  pl=-0.006  vl=0.779  ent=0.837  kl=0.2443  gn=1.481
  line_20q      4346ep | trunc=0%  swp=38.3±41.7  fid=0.0000  rew=+33.66
  ring_20q      4293ep | trunc=0%  swp=31.4±29.0  fid=0.0000  rew=+34.00
  grid_5x4_20q  4307ep | trunc=0%  swp=12.1±11.7  fid=0.0000  rew=+34.76
step=371712  rew=+94.271  swp=56.5  map=0.9  trunc=0%  pl=-0.002  vl=0.608  ent=1.743  kl=0.0767  gn=1.077
  line_20q      4346ep | trunc=0%  swp=38.3±41.7  fid=0.0000  rew=+33.66
  ring_20q      4294ep | trunc=0%  swp=31.4±29.1  fid=0.0000  rew=+34.03
  grid_5x4_20q  4309ep | trunc=0%  swp=12.1±11.7  fid=0.0000  rew=+34.77
step=371968  rew=+91.869  swp=61.5  map=0.8  trunc=0%  pl=0.025  vl=0.743  ent=1.467  kl=0.2017  gn=0.981
  line_20q      4348ep | trunc=0%  swp=38.4±41.8  fid=0.0000  rew=+33.68
  ring_20q      4294ep | trunc=0%  swp=31.4±29.1  fid=0.0000  rew=+34.03
  grid_5x4_20q  4309ep | trunc=0%  swp=12.1±11.7  fid=0.0000  rew=+34.77
step=372224  rew=+82.293  swp=54.2  map=0.9  trunc=0%  pl=0.017  vl=0.576  ent=0.942  kl=0.0951  gn=1.572
  line_20q      4348ep | trunc=0%  swp=38.4±41.8  fid=0.0000  rew=+33.68
  ring_20q      4297ep | trunc=0%  swp=31.5±29.1  fid=0.0000  rew=+34.06
  grid_5x4_20q  4313ep | trunc=0%  swp=12.1±11.7  fid=0.0000  rew=+34.80
step=372480  rew=+81.875  swp=57.6  map=0.9  trunc=0%  pl=0.009  vl=0.769  ent=1.923  kl=0.1028  gn=1.147
  line_20q      4349ep | trunc=0%  swp=38.4±41.8  fid=0.0000  rew=+33.70
  ring_20q      4297ep | trunc=0%  swp=31.5±29.1  fid=0.0000  rew=+34.06
  grid_5x4_20q  4313ep | trunc=0%  swp=12.1±11.7  fid=0.0000  rew=+34.80
step=372736  rew=+80.026  swp=58.2  map=1.4  trunc=0%  pl=-0.020  vl=0.321  ent=1.295  kl=0.0805  gn=1.228
  line_20q      4350ep | trunc=0%  swp=38.4±41.9  fid=0.0000  rew=+33.72
  ring_20q      4297ep | trunc=0%  swp=31.5±29.1  fid=0.0000  rew=+34.06
  grid_5x4_20q  4316ep | trunc=0%  swp=12.1±11.7  fid=0.0000  rew=+34.83
step=372992  rew=+82.831  swp=70.6  map=0.9  trunc=0%  pl=0.002  vl=0.327  ent=1.312  kl=0.1224  gn=0.811
  line_20q      4351ep | trunc=0%  swp=38.4±41.9  fid=0.0000  rew=+33.73
  ring_20q      4299ep | trunc=0%  swp=31.5±29.1  fid=0.0000  rew=+34.09
  grid_5x4_20q  4317ep | trunc=0%  swp=12.1±11.7  fid=0.0000  rew=+34.83
step=373248  rew=+76.989  swp=62.5  map=0.9  trunc=0%  pl=0.000  vl=0.586  ent=1.465  kl=0.0174  gn=0.834
  line_20q      4354ep | trunc=0%  swp=38.5±41.9  fid=0.0000  rew=+33.75
  ring_20q      4299ep | trunc=0%  swp=31.5±29.1  fid=0.0000  rew=+34.09
  grid_5x4_20q  4317ep | trunc=0%  swp=12.1±11.7  fid=0.0000  rew=+34.83
step=373504  rew=+86.801  swp=70.0  map=1.2  trunc=0%  pl=-0.018  vl=0.496  ent=1.019  kl=0.0588  gn=1.052
  line_20q      4356ep | trunc=0%  swp=38.5±41.9  fid=0.0000  rew=+33.77
  ring_20q      4300ep | trunc=0%  swp=31.5±29.2  fid=0.0000  rew=+34.12
  grid_5x4_20q  4318ep | trunc=0%  swp=12.1±11.7  fid=0.0000  rew=+34.86
step=373760  rew=+87.816  swp=71.8  map=1.1  trunc=0%  pl=0.015  vl=0.274  ent=0.898  kl=0.0785  gn=1.472
  line_20q      4358ep | trunc=0%  swp=38.5±41.9  fid=0.0000  rew=+33.79
  ring_20q      4301ep | trunc=0%  swp=31.5±29.2  fid=0.0000  rew=+34.13
  grid_5x4_20q  4320ep | trunc=0%  swp=12.1±11.8  fid=0.0000  rew=+34.89
step=374016  rew=+82.568  swp=59.9  map=0.9  trunc=0%  pl=0.011  vl=0.241  ent=0.928  kl=0.0306  gn=0.936
  line_20q      4359ep | trunc=0%  swp=38.5±41.9  fid=0.0000  rew=+33.80
  ring_20q      4304ep | trunc=0%  swp=31.6±29.3  fid=0.0000  rew=+34.17
  grid_5x4_20q  4322ep | trunc=0%  swp=12.1±11.8  fid=0.0000  rew=+34.89
step=374272  rew=+86.623  swp=58.5  map=1.1  trunc=0%  pl=0.006  vl=0.966  ent=1.508  kl=0.2937  gn=1.475
  line_20q      4359ep | trunc=0%  swp=38.5±41.9  fid=0.0000  rew=+33.80
  ring_20q      4305ep | trunc=0%  swp=31.6±29.3  fid=0.0000  rew=+34.18
  grid_5x4_20q  4323ep | trunc=0%  swp=12.1±11.8  fid=0.0000  rew=+34.92
step=374528  rew=+85.568  swp=54.8  map=1.2  trunc=0%  pl=-0.034  vl=0.206  ent=1.074  kl=0.1588  gn=1.170
  line_20q      4361ep | trunc=0%  swp=38.5±41.9  fid=0.0000  rew=+33.83
  ring_20q      4305ep | trunc=0%  swp=31.6±29.3  fid=0.0000  rew=+34.18
  grid_5x4_20q  4325ep | trunc=0%  swp=12.1±11.8  fid=0.0000  rew=+34.93
step=374784  rew=+84.797  swp=59.9  map=0.9  trunc=0%  pl=-0.026  vl=0.243  ent=1.158  kl=0.0579  gn=1.417
  line_20q      4363ep | trunc=0%  swp=38.5±41.9  fid=0.0000  rew=+33.85
  ring_20q      4307ep | trunc=0%  swp=31.6±29.3  fid=0.0000  rew=+34.20
  grid_5x4_20q  4326ep | trunc=0%  swp=12.1±11.8  fid=0.0000  rew=+34.95
step=375040  rew=+82.021  swp=59.2  map=0.8  trunc=0%  pl=-0.013  vl=0.593  ent=1.165  kl=0.0747  gn=0.815
  line_20q      4364ep | trunc=0%  swp=38.5±41.9  fid=0.0000  rew=+33.85
  ring_20q      4310ep | trunc=0%  swp=31.6±29.3  fid=0.0000  rew=+34.23
  grid_5x4_20q  4326ep | trunc=0%  swp=12.1±11.8  fid=0.0000  rew=+34.95
step=375296  rew=+81.280  swp=64.2  map=0.8  trunc=0%  pl=-0.008  vl=0.279  ent=0.920  kl=0.0591  gn=1.278
  line_20q      4364ep | trunc=0%  swp=38.5±41.9  fid=0.0000  rew=+33.85
  ring_20q      4313ep | trunc=0%  swp=31.7±29.3  fid=0.0000  rew=+34.26
  grid_5x4_20q  4327ep | trunc=0%  swp=12.1±11.8  fid=0.0000  rew=+34.96
step=375552  rew=+78.425  swp=66.0  map=0.7  trunc=0%  pl=0.012  vl=0.442  ent=1.651  kl=0.1486  gn=1.117
  line_20q      4364ep | trunc=0%  swp=38.5±41.9  fid=0.0000  rew=+33.85
  ring_20q      4314ep | trunc=0%  swp=31.7±29.3  fid=0.0000  rew=+34.27
  grid_5x4_20q  4328ep | trunc=0%  swp=12.1±11.8  fid=0.0000  rew=+34.96
step=375808  rew=+79.249  swp=72.1  map=0.7  trunc=0%  pl=0.023  vl=0.323  ent=1.524  kl=0.0669  gn=1.044
  line_20q      4366ep | trunc=0%  swp=38.6±42.1  fid=0.0000  rew=+33.89
  ring_20q      4314ep | trunc=0%  swp=31.7±29.3  fid=0.0000  rew=+34.27
  grid_5x4_20q  4328ep | trunc=0%  swp=12.1±11.8  fid=0.0000  rew=+34.96
step=376064  rew=+78.697  swp=76.3  map=0.7  trunc=0%  pl=-0.014  vl=0.177  ent=1.546  kl=0.0687  gn=0.815
  line_20q      4368ep | trunc=0%  swp=38.6±42.1  fid=0.0000  rew=+33.91
  ring_20q      4314ep | trunc=0%  swp=31.7±29.3  fid=0.0000  rew=+34.27
  grid_5x4_20q  4329ep | trunc=0%  swp=12.1±11.8  fid=0.0000  rew=+34.96
step=376320  rew=+82.344  swp=77.8  map=0.8  trunc=0%  pl=0.027  vl=0.274  ent=1.515  kl=0.0988  gn=1.919
  line_20q      4369ep | trunc=0%  swp=38.7±42.2  fid=0.0000  rew=+33.93
  ring_20q      4314ep | trunc=0%  swp=31.7±29.3  fid=0.0000  rew=+34.27
  grid_5x4_20q  4330ep | trunc=0%  swp=12.1±11.8  fid=0.0000  rew=+34.98
step=376576  rew=+81.373  swp=80.7  map=1.0  trunc=0%  pl=0.008  vl=0.487  ent=0.899  kl=0.0279  gn=1.034
  line_20q      4372ep | trunc=0%  swp=38.7±42.2  fid=0.0000  rew=+33.96
  ring_20q      4315ep | trunc=0%  swp=31.7±29.3  fid=0.0000  rew=+34.28
  grid_5x4_20q  4330ep | trunc=0%  swp=12.1±11.8  fid=0.0000  rew=+34.98
step=376832  rew=+82.571  swp=76.4  map=1.4  trunc=0%  pl=0.007  vl=0.182  ent=1.099  kl=0.0494  gn=1.134
  line_20q      4373ep | trunc=0%  swp=38.7±42.2  fid=0.0000  rew=+33.97
  ring_20q      4317ep | trunc=0%  swp=31.7±29.4  fid=0.0000  rew=+34.31
  grid_5x4_20q  4331ep | trunc=0%  swp=12.1±11.8  fid=0.0000  rew=+35.00
step=377088  rew=+88.148  swp=86.5  map=1.2  trunc=0%  pl=-0.005  vl=1.035  ent=1.662  kl=0.0233  gn=1.275
  line_20q      4374ep | trunc=0%  swp=38.7±42.2  fid=0.0000  rew=+33.99
  ring_20q      4318ep | trunc=0%  swp=31.7±29.4  fid=0.0000  rew=+34.33
  grid_5x4_20q  4331ep | trunc=0%  swp=12.1±11.8  fid=0.0000  rew=+35.00
step=377344  rew=+90.504  swp=77.5  map=1.3  trunc=0%  pl=-0.018  vl=0.091  ent=1.657  kl=0.0288  gn=0.849
  line_20q      4374ep | trunc=0%  swp=38.7±42.2  fid=0.0000  rew=+33.99
  ring_20q      4320ep | trunc=0%  swp=31.7±29.5  fid=0.0000  rew=+34.36
  grid_5x4_20q  4333ep | trunc=0%  swp=12.1±11.8  fid=0.0000  rew=+35.02
step=377600  rew=+91.094  swp=83.2  map=1.4  trunc=0%  pl=0.001  vl=0.188  ent=1.374  kl=0.1812  gn=0.838
  line_20q      4375ep | trunc=0%  swp=38.8±42.4  fid=0.0000  rew=+34.01
  ring_20q      4322ep | trunc=0%  swp=31.7±29.5  fid=0.0000  rew=+34.36
  grid_5x4_20q  4333ep | trunc=0%  swp=12.1±11.8  fid=0.0000  rew=+35.02
step=377856  rew=+81.975  swp=66.0  map=1.7  trunc=0%  pl=0.015  vl=0.628  ent=0.867  kl=0.0251  gn=1.356
  line_20q      4378ep | trunc=0%  swp=38.8±42.4  fid=0.0000  rew=+34.04
  ring_20q      4324ep | trunc=0%  swp=31.8±29.5  fid=0.0000  rew=+34.38
  grid_5x4_20q  4334ep | trunc=0%  swp=12.1±11.8  fid=0.0000  rew=+35.03
step=378112  rew=+83.836  swp=69.4  map=1.6  trunc=0%  pl=0.027  vl=0.925  ent=1.706  kl=0.0293  gn=1.229
  line_20q      4379ep | trunc=0%  swp=38.8±42.4  fid=0.0000  rew=+34.04
  ring_20q      4324ep | trunc=0%  swp=31.8±29.5  fid=0.0000  rew=+34.38
  grid_5x4_20q  4334ep | trunc=0%  swp=12.1±11.8  fid=0.0000  rew=+35.03
step=378368  rew=+87.097  swp=78.3  map=1.3  trunc=0%  pl=0.015  vl=1.101  ent=0.939  kl=0.1311  gn=1.760
  line_20q      4381ep | trunc=0%  swp=38.8±42.4  fid=0.0000  rew=+34.08
  ring_20q      4325ep | trunc=0%  swp=31.8±29.5  fid=0.0000  rew=+34.38
  grid_5x4_20q  4335ep | trunc=0%  swp=12.1±11.8  fid=0.0000  rew=+35.06
step=378624  rew=+82.334  swp=66.0  map=1.6  trunc=0%  pl=-0.004  vl=0.265  ent=1.234  kl=0.0279  gn=1.096
  line_20q      4382ep | trunc=0%  swp=38.8±42.4  fid=0.0000  rew=+34.08
  ring_20q      4327ep | trunc=0%  swp=31.8±29.5  fid=0.0000  rew=+34.41
  grid_5x4_20q  4337ep | trunc=0%  swp=12.1±11.8  fid=0.0000  rew=+35.08
step=378880  rew=+78.733  swp=59.5  map=1.7  trunc=0%  pl=-0.001  vl=0.657  ent=1.094  kl=0.0358  gn=1.255
  line_20q      4383ep | trunc=0%  swp=38.8±42.4  fid=0.0000  rew=+34.10
  ring_20q      4329ep | trunc=0%  swp=31.8±29.5  fid=0.0000  rew=+34.43
  grid_5x4_20q  4337ep | trunc=0%  swp=12.1±11.8  fid=0.0000  rew=+35.08
step=379136  rew=+84.359  swp=69.2  map=1.6  trunc=0%  pl=0.009  vl=0.653  ent=1.233  kl=0.0660  gn=1.241
  line_20q      4385ep | trunc=0%  swp=38.9±42.5  fid=0.0000  rew=+34.13
  ring_20q      4329ep | trunc=0%  swp=31.8±29.5  fid=0.0000  rew=+34.43
  grid_5x4_20q  4337ep | trunc=0%  swp=12.1±11.8  fid=0.0000  rew=+35.08
step=379392  rew=+90.079  swp=76.8  map=1.4  trunc=0%  pl=0.017  vl=0.280  ent=1.387  kl=0.0297  gn=1.148
  line_20q      4385ep | trunc=0%  swp=38.9±42.5  fid=0.0000  rew=+34.13
  ring_20q      4332ep | trunc=0%  swp=31.8±29.6  fid=0.0000  rew=+34.47
  grid_5x4_20q  4338ep | trunc=0%  swp=12.1±11.8  fid=0.0000  rew=+35.09
step=379648  rew=+94.195  swp=71.5  map=1.4  trunc=0%  pl=-0.010  vl=0.339  ent=1.082  kl=0.0761  gn=1.668
  line_20q      4385ep | trunc=0%  swp=38.9±42.5  fid=0.0000  rew=+34.13
  ring_20q      4333ep | trunc=0%  swp=31.9±29.6  fid=0.0000  rew=+34.49
  grid_5x4_20q  4340ep | trunc=0%  swp=12.2±11.8  fid=0.0000  rew=+35.13
step=379904  rew=+92.703  swp=74.3  map=1.3  trunc=0%  pl=0.013  vl=0.659  ent=1.501  kl=0.0398  gn=1.452
  line_20q      4386ep | trunc=0%  swp=38.9±42.5  fid=0.0000  rew=+34.13
  ring_20q      4336ep | trunc=0%  swp=31.9±29.7  fid=0.0000  rew=+34.53
  grid_5x4_20q  4340ep | trunc=0%  swp=12.2±11.8  fid=0.0000  rew=+35.13
step=380160  rew=+93.380  swp=77.0  map=1.2  trunc=0%  pl=0.035  vl=0.763  ent=1.783  kl=0.0689  gn=1.171
  line_20q      4386ep | trunc=0%  swp=38.9±42.5  fid=0.0000  rew=+34.13
  ring_20q      4337ep | trunc=0%  swp=31.9±29.7  fid=0.0000  rew=+34.55
  grid_5x4_20q  4340ep | trunc=0%  swp=12.2±11.8  fid=0.0000  rew=+35.13
step=380416  rew=+99.028  swp=88.3  map=0.9  trunc=0%  pl=0.003  vl=0.555  ent=1.643  kl=0.0358  gn=1.180
  line_20q      4386ep | trunc=0%  swp=38.9±42.5  fid=0.0000  rew=+34.13
  ring_20q      4340ep | trunc=0%  swp=32.0±29.9  fid=0.0000  rew=+34.61
  grid_5x4_20q  4340ep | trunc=0%  swp=12.2±11.8  fid=0.0000  rew=+35.13
step=380672  rew=+105.218  swp=83.0  map=0.9  trunc=0%  pl=0.000  vl=0.528  ent=1.121  kl=0.0905  gn=1.474
  line_20q      4387ep | trunc=0%  swp=38.9±42.5  fid=0.0000  rew=+34.15
  ring_20q      4340ep | trunc=0%  swp=32.0±29.9  fid=0.0000  rew=+34.61
  grid_5x4_20q  4343ep | trunc=0%  swp=12.2±11.9  fid=0.0000  rew=+35.19
step=380928  rew=+107.527  swp=85.7  map=1.0  trunc=0%  pl=-0.003  vl=0.192  ent=1.693  kl=0.0926  gn=0.764
  line_20q      4388ep | trunc=0%  swp=38.9±42.6  fid=0.0000  rew=+34.17
  ring_20q      4341ep | trunc=0%  swp=32.0±29.9  fid=0.0000  rew=+34.62
  grid_5x4_20q  4344ep | trunc=0%  swp=12.2±11.9  fid=0.0000  rew=+35.19
step=381184  rew=+107.527  swp=85.7  map=1.0  trunc=0%  pl=0.022  vl=1.101  ent=2.089  kl=0.0272  gn=1.090
  line_20q      4388ep | trunc=0%  swp=38.9±42.6  fid=0.0000  rew=+34.17
  ring_20q      4341ep | trunc=0%  swp=32.0±29.9  fid=0.0000  rew=+34.62
  grid_5x4_20q  4344ep | trunc=0%  swp=12.2±11.9  fid=0.0000  rew=+35.19
step=381440  rew=+108.151  swp=98.0  map=0.7  trunc=0%  pl=0.013  vl=0.809  ent=1.531  kl=0.0366  gn=1.043
  line_20q      4389ep | trunc=0%  swp=39.0±42.8  fid=0.0000  rew=+34.20
  ring_20q      4342ep | trunc=0%  swp=32.0±29.9  fid=0.0000  rew=+34.63
  grid_5x4_20q  4344ep | trunc=0%  swp=12.2±11.9  fid=0.0000  rew=+35.19
step=381696  rew=+109.234  swp=98.1  map=0.7  trunc=0%  pl=0.028  vl=0.446  ent=1.673  kl=0.0617  gn=1.007
  line_20q      4389ep | trunc=0%  swp=39.0±42.8  fid=0.0000  rew=+34.20
  ring_20q      4343ep | trunc=0%  swp=32.0±29.9  fid=0.0000  rew=+34.66
  grid_5x4_20q  4344ep | trunc=0%  swp=12.2±11.9  fid=0.0000  rew=+35.19
step=381952  rew=+111.884  swp=112.0  map=0.6  trunc=0%  pl=0.015  vl=0.773  ent=1.241  kl=0.0502  gn=1.489
  line_20q      4390ep | trunc=0%  swp=39.0±42.9  fid=0.0000  rew=+34.23
  ring_20q      4344ep | trunc=0%  swp=32.0±29.9  fid=0.0000  rew=+34.67
  grid_5x4_20q  4345ep | trunc=0%  swp=12.2±11.9  fid=0.0000  rew=+35.21
step=382208  rew=+114.713  swp=111.7  map=0.6  trunc=0%  pl=0.017  vl=0.230  ent=1.450  kl=0.0363  gn=1.185
  line_20q      4390ep | trunc=0%  swp=39.0±42.9  fid=0.0000  rew=+34.23
  ring_20q      4345ep | trunc=0%  swp=32.1±30.0  fid=0.0000  rew=+34.70
  grid_5x4_20q  4346ep | trunc=0%  swp=12.2±11.9  fid=0.0000  rew=+35.24
step=382464  rew=+110.189  swp=99.5  map=0.6  trunc=0%  pl=0.017  vl=0.263  ent=0.961  kl=0.0671  gn=0.910
  line_20q      4390ep | trunc=0%  swp=39.0±42.9  fid=0.0000  rew=+34.23
  ring_20q      4348ep | trunc=0%  swp=32.1±30.0  fid=0.0000  rew=+34.72
  grid_5x4_20q  4348ep | trunc=0%  swp=12.2±12.0  fid=0.0000  rew=+35.28
step=382720  rew=+101.299  swp=100.0  map=0.7  trunc=0%  pl=0.015  vl=0.476  ent=1.316  kl=0.1035  gn=1.159
  line_20q      4391ep | trunc=0%  swp=39.0±42.9  fid=0.0000  rew=+34.24
  ring_20q      4350ep | trunc=0%  swp=32.1±30.0  fid=0.0000  rew=+34.74
  grid_5x4_20q  4349ep | trunc=0%  swp=12.2±12.0  fid=0.0000  rew=+35.28
step=382976  rew=+102.165  swp=101.3  map=0.7  trunc=0%  pl=0.007  vl=0.723  ent=1.469  kl=0.1863  gn=1.238
  line_20q      4392ep | trunc=0%  swp=39.1±43.0  fid=0.0000  rew=+34.25
  ring_20q      4351ep | trunc=0%  swp=32.1±30.0  fid=0.0000  rew=+34.76
  grid_5x4_20q  4349ep | trunc=0%  swp=12.2±12.0  fid=0.0000  rew=+35.28
step=383232  rew=+100.308  swp=87.2  map=0.5  trunc=0%  pl=-0.024  vl=0.229  ent=1.219  kl=0.0519  gn=1.278
  line_20q      4393ep | trunc=0%  swp=39.1±42.9  fid=0.0000  rew=+34.26
  ring_20q      4352ep | trunc=0%  swp=32.2±30.1  fid=0.0000  rew=+34.78
  grid_5x4_20q  4350ep | trunc=0%  swp=12.2±12.0  fid=0.0000  rew=+35.28
step=383488  rew=+88.509  swp=63.5  map=1.1  trunc=0%  pl=-0.012  vl=0.296  ent=0.902  kl=0.0918  gn=1.558
  line_20q      4395ep | trunc=0%  swp=39.1±42.9  fid=0.0000  rew=+34.28
  ring_20q      4354ep | trunc=0%  swp=32.2±30.1  fid=0.0000  rew=+34.80
  grid_5x4_20q  4352ep | trunc=0%  swp=12.2±12.0  fid=0.0000  rew=+35.32
step=383744  rew=+88.442  swp=64.6  map=1.4  trunc=0%  pl=-0.044  vl=0.166  ent=1.397  kl=0.1241  gn=1.100
  line_20q      4396ep | trunc=0%  swp=39.1±43.0  fid=0.0000  rew=+34.30
  ring_20q      4354ep | trunc=0%  swp=32.2±30.1  fid=0.0000  rew=+34.80
  grid_5x4_20q  4354ep | trunc=0%  swp=12.2±12.0  fid=0.0000  rew=+35.35
step=384000  rew=+92.880  swp=75.8  map=1.4  trunc=0%  pl=0.030  vl=1.019  ent=1.833  kl=0.0898  gn=1.113
  line_20q      4397ep | trunc=0%  swp=39.1±43.1  fid=0.0000  rew=+34.32
  ring_20q      4354ep | trunc=0%  swp=32.2±30.1  fid=0.0000  rew=+34.80
  grid_5x4_20q  4354ep | trunc=0%  swp=12.2±12.0  fid=0.0000  rew=+35.35
step=384256  rew=+91.846  swp=76.8  map=1.3  trunc=0%  pl=-0.016  vl=0.485  ent=1.208  kl=0.0955  gn=1.288
  line_20q      4398ep | trunc=0%  swp=39.2±43.1  fid=0.0000  rew=+34.33
  ring_20q      4356ep | trunc=0%  swp=32.2±30.1  fid=0.0000  rew=+34.81
  grid_5x4_20q  4354ep | trunc=0%  swp=12.2±12.0  fid=0.0000  rew=+35.35
step=384512  rew=+83.232  swp=65.2  map=1.6  trunc=0%  pl=-0.020  vl=0.447  ent=1.017  kl=0.1962  gn=1.156
  line_20q      4399ep | trunc=0%  swp=39.2±43.1  fid=0.0000  rew=+34.33
  ring_20q      4360ep | trunc=0%  swp=32.2±30.2  fid=0.0000  rew=+34.86
  grid_5x4_20q  4355ep | trunc=0%  swp=12.2±12.0  fid=0.0000  rew=+35.36
step=384768  rew=+84.203  swp=62.9  map=1.8  trunc=0%  pl=0.001  vl=0.238  ent=1.408  kl=0.0633  gn=1.147
  line_20q      4400ep | trunc=0%  swp=39.2±43.1  fid=0.0000  rew=+34.35
  ring_20q      4360ep | trunc=0%  swp=32.2±30.2  fid=0.0000  rew=+34.86
  grid_5x4_20q  4356ep | trunc=0%  swp=12.2±12.0  fid=0.0000  rew=+35.37
step=385024  rew=+86.859  swp=71.6  map=1.2  trunc=0%  pl=0.020  vl=0.150  ent=1.612  kl=0.0392  gn=1.185
  line_20q      4400ep | trunc=0%  swp=39.2±43.1  fid=0.0000  rew=+34.35
  ring_20q      4361ep | trunc=0%  swp=32.2±30.2  fid=0.0000  rew=+34.88
  grid_5x4_20q  4358ep | trunc=0%  swp=12.3±12.0  fid=0.0000  rew=+35.40
step=385280  rew=+84.977  swp=77.8  map=0.9  trunc=0%  pl=-0.014  vl=0.285  ent=1.379  kl=0.0427  gn=0.981
  line_20q      4401ep | trunc=0%  swp=39.2±43.3  fid=0.0000  rew=+34.38
  ring_20q      4362ep | trunc=0%  swp=32.2±30.2  fid=0.0000  rew=+34.88
  grid_5x4_20q  4360ep | trunc=0%  swp=12.3±12.0  fid=0.0000  rew=+35.41
step=385536  rew=+79.271  swp=67.8  map=1.4  trunc=0%  pl=-0.052  vl=0.549  ent=1.560  kl=0.0587  gn=0.856
  line_20q      4403ep | trunc=0%  swp=39.2±43.3  fid=0.0000  rew=+34.40
  ring_20q      4363ep | trunc=0%  swp=32.2±30.2  fid=0.0000  rew=+34.89
  grid_5x4_20q  4360ep | trunc=0%  swp=12.3±12.0  fid=0.0000  rew=+35.41
step=385792  rew=+83.594  swp=75.2  map=1.1  trunc=0%  pl=0.004  vl=0.767  ent=2.042  kl=0.0152  gn=1.077
  line_20q      4403ep | trunc=0%  swp=39.2±43.3  fid=0.0000  rew=+34.40
  ring_20q      4364ep | trunc=0%  swp=32.3±30.3  fid=0.0000  rew=+34.91
  grid_5x4_20q  4360ep | trunc=0%  swp=12.3±12.0  fid=0.0000  rew=+35.41
step=386048  rew=+85.626  swp=82.8  map=1.1  trunc=0%  pl=0.018  vl=0.734  ent=1.409  kl=0.0962  gn=1.178
  line_20q      4404ep | trunc=0%  swp=39.3±43.5  fid=0.0000  rew=+34.42
  ring_20q      4365ep | trunc=0%  swp=32.3±30.3  fid=0.0000  rew=+34.92
  grid_5x4_20q  4360ep | trunc=0%  swp=12.3±12.0  fid=0.0000  rew=+35.41
step=386304  rew=+90.356  swp=88.0  map=1.2  trunc=0%  pl=0.012  vl=0.406  ent=1.368  kl=0.0438  gn=1.504
  line_20q      4405ep | trunc=0%  swp=39.3±43.5  fid=0.0000  rew=+34.43
  ring_20q      4367ep | trunc=0%  swp=32.3±30.3  fid=0.0000  rew=+34.95
  grid_5x4_20q  4361ep | trunc=0%  swp=12.3±12.0  fid=0.0000  rew=+35.41
step=386560  rew=+93.945  swp=99.2  map=1.1  trunc=0%  pl=-0.010  vl=0.351  ent=1.843  kl=0.0323  gn=0.927
  line_20q      4406ep | trunc=0%  swp=39.4±43.6  fid=0.0000  rew=+34.45
  ring_20q      4367ep | trunc=0%  swp=32.3±30.3  fid=0.0000  rew=+34.95
  grid_5x4_20q  4361ep | trunc=0%  swp=12.3±12.0  fid=0.0000  rew=+35.41
step=386816  rew=+80.790  swp=76.8  map=1.7  trunc=0%  pl=-0.014  vl=0.785  ent=1.283  kl=0.1358  gn=2.050
  line_20q      4410ep | trunc=0%  swp=39.4±43.6  fid=0.0000  rew=+34.48
  ring_20q      4367ep | trunc=0%  swp=32.3±30.3  fid=0.0000  rew=+34.95
  grid_5x4_20q  4364ep | trunc=0%  swp=12.3±12.0  fid=0.0000  rew=+35.43
step=387072  rew=+83.181  swp=81.6  map=1.6  trunc=0%  pl=0.045  vl=1.056  ent=1.791  kl=0.0741  gn=1.678
  line_20q      4410ep | trunc=0%  swp=39.4±43.6  fid=0.0000  rew=+34.48
  ring_20q      4369ep | trunc=0%  swp=32.3±30.4  fid=0.0000  rew=+34.97
  grid_5x4_20q  4364ep | trunc=0%  swp=12.3±12.0  fid=0.0000  rew=+35.43
step=387328  rew=+84.878  swp=86.3  map=1.1  trunc=0%  pl=-0.001  vl=0.712  ent=1.529  kl=0.0794  gn=1.159
  line_20q      4410ep | trunc=0%  swp=39.4±43.6  fid=0.0000  rew=+34.48
  ring_20q      4372ep | trunc=0%  swp=32.4±30.4  fid=0.0000  rew=+35.01
  grid_5x4_20q  4364ep | trunc=0%  swp=12.3±12.0  fid=0.0000  rew=+35.43
step=387584  rew=+82.624  swp=78.3  map=1.1  trunc=0%  pl=0.009  vl=0.722  ent=1.801  kl=0.0232  gn=0.953
  line_20q      4410ep | trunc=0%  swp=39.4±43.6  fid=0.0000  rew=+34.48
  ring_20q      4374ep | trunc=0%  swp=32.4±30.5  fid=0.0000  rew=+35.04
  grid_5x4_20q  4364ep | trunc=0%  swp=12.3±12.0  fid=0.0000  rew=+35.43
step=387840  rew=+83.946  swp=81.6  map=1.1  trunc=0%  pl=-0.008  vl=0.684  ent=0.971  kl=0.0195  gn=1.281
  line_20q      4412ep | trunc=0%  swp=39.4±43.6  fid=0.0000  rew=+34.50
  ring_20q      4376ep | trunc=0%  swp=32.5±30.6  fid=0.0000  rew=+35.07
  grid_5x4_20q  4364ep | trunc=0%  swp=12.3±12.0  fid=0.0000  rew=+35.43
step=388096  rew=+81.195  swp=78.0  map=1.1  trunc=0%  pl=-0.028  vl=0.760  ent=1.935  kl=0.0238  gn=0.903
  line_20q      4413ep | trunc=0%  swp=39.4±43.6  fid=0.0000  rew=+34.50
  ring_20q      4376ep | trunc=0%  swp=32.5±30.6  fid=0.0000  rew=+35.07
  grid_5x4_20q  4364ep | trunc=0%  swp=12.3±12.0  fid=0.0000  rew=+35.43
step=388352  rew=+82.525  swp=75.0  map=0.8  trunc=0%  pl=0.001  vl=0.776  ent=0.896  kl=0.0671  gn=1.244
  line_20q      4415ep | trunc=0%  swp=39.4±43.7  fid=0.0000  rew=+34.53
  ring_20q      4377ep | trunc=0%  swp=32.5±30.6  fid=0.0000  rew=+35.07
  grid_5x4_20q  4366ep | trunc=0%  swp=12.3±12.0  fid=0.0000  rew=+35.46
step=388608  rew=+86.682  swp=79.0  map=1.1  trunc=0%  pl=-0.010  vl=0.127  ent=1.751  kl=0.0324  gn=1.170
  line_20q      4415ep | trunc=0%  swp=39.4±43.7  fid=0.0000  rew=+34.53
  ring_20q      4378ep | trunc=0%  swp=32.5±30.6  fid=0.0000  rew=+35.08
  grid_5x4_20q  4367ep | trunc=0%  swp=12.3±12.0  fid=0.0000  rew=+35.48
step=388864  rew=+87.411  swp=70.3  map=1.4  trunc=0%  pl=0.002  vl=0.729  ent=0.667  kl=0.0712  gn=1.555
  line_20q      4418ep | trunc=0%  swp=39.5±43.8  fid=0.0000  rew=+34.56
  ring_20q      4378ep | trunc=0%  swp=32.5±30.6  fid=0.0000  rew=+35.08
  grid_5x4_20q  4371ep | trunc=0%  swp=12.3±12.1  fid=0.0000  rew=+35.54
step=389120  rew=+90.566  swp=62.3  map=1.4  trunc=0%  pl=-0.010  vl=0.341  ent=1.480  kl=0.0825  gn=1.205
  line_20q      4419ep | trunc=0%  swp=39.5±43.8  fid=0.0000  rew=+34.57
  ring_20q      4378ep | trunc=0%  swp=32.5±30.6  fid=0.0000  rew=+35.08
  grid_5x4_20q  4374ep | trunc=0%  swp=12.3±12.1  fid=0.0000  rew=+35.59
step=389376  rew=+92.020  swp=67.8  map=1.4  trunc=0%  pl=-0.009  vl=1.074  ent=1.653  kl=0.0216  gn=0.979
  line_20q      4420ep | trunc=0%  swp=39.5±43.8  fid=0.0000  rew=+34.59
  ring_20q      4378ep | trunc=0%  swp=32.5±30.6  fid=0.0000  rew=+35.08
  grid_5x4_20q  4374ep | trunc=0%  swp=12.3±12.1  fid=0.0000  rew=+35.59
step=389632  rew=+93.608  swp=67.7  map=1.6  trunc=0%  pl=0.003  vl=0.660  ent=1.584  kl=0.0215  gn=1.556
  line_20q      4421ep | trunc=0%  swp=39.5±43.9  fid=0.0000  rew=+34.61
  ring_20q      4380ep | trunc=0%  swp=32.5±30.6  fid=0.0000  rew=+35.11
  grid_5x4_20q  4374ep | trunc=0%  swp=12.3±12.1  fid=0.0000  rew=+35.59
step=389888  rew=+97.544  swp=77.5  map=1.4  trunc=0%  pl=0.033  vl=0.689  ent=1.966  kl=0.0874  gn=0.890
  line_20q      4422ep | trunc=0%  swp=39.6±44.0  fid=0.0000  rew=+34.63
  ring_20q      4380ep | trunc=0%  swp=32.5±30.6  fid=0.0000  rew=+35.11
  grid_5x4_20q  4374ep | trunc=0%  swp=12.3±12.1  fid=0.0000  rew=+35.59
step=390144  rew=+93.552  swp=83.8  map=1.2  trunc=0%  pl=0.014  vl=0.701  ent=0.795  kl=0.0671  gn=1.031
  line_20q      4424ep | trunc=0%  swp=39.6±44.0  fid=0.0000  rew=+34.65
  ring_20q      4382ep | trunc=0%  swp=32.5±30.6  fid=0.0000  rew=+35.13
  grid_5x4_20q  4374ep | trunc=0%  swp=12.3±12.1  fid=0.0000  rew=+35.59
step=390400  rew=+96.098  swp=80.2  map=1.1  trunc=0%  pl=0.018  vl=0.643  ent=1.363  kl=0.2006  gn=1.451
  line_20q      4424ep | trunc=0%  swp=39.6±44.0  fid=0.0000  rew=+34.65
  ring_20q      4384ep | trunc=0%  swp=32.5±30.6  fid=0.0000  rew=+35.16
  grid_5x4_20q  4375ep | trunc=0%  swp=12.3±12.1  fid=0.0000  rew=+35.61
step=390656  rew=+92.040  swp=83.3  map=0.9  trunc=0%  pl=0.004  vl=0.272  ent=1.024  kl=0.0436  gn=1.818
  line_20q      4426ep | trunc=0%  swp=39.6±43.9  fid=0.0000  rew=+34.66
  ring_20q      4386ep | trunc=0%  swp=32.6±30.6  fid=0.0000  rew=+35.18
  grid_5x4_20q  4376ep | trunc=0%  swp=12.3±12.1  fid=0.0000  rew=+35.62
step=390912  rew=+87.717  swp=81.8  map=1.1  trunc=0%  pl=-0.049  vl=0.271  ent=1.313  kl=0.1770  gn=0.927
  line_20q      4427ep | trunc=0%  swp=39.6±43.9  fid=0.0000  rew=+34.66
  ring_20q      4387ep | trunc=0%  swp=32.6±30.6  fid=0.0000  rew=+35.19
  grid_5x4_20q  4377ep | trunc=0%  swp=12.3±12.1  fid=0.0000  rew=+35.63
step=391168  rew=+77.460  swp=56.6  map=1.2  trunc=0%  pl=-0.021  vl=0.333  ent=0.936  kl=0.0922  gn=0.926
  line_20q      4430ep | trunc=0%  swp=39.6±44.0  fid=0.0000  rew=+34.69
  ring_20q      4389ep | trunc=0%  swp=32.6±30.6  fid=0.0000  rew=+35.20
  grid_5x4_20q  4378ep | trunc=0%  swp=12.3±12.1  fid=0.0000  rew=+35.64
step=391424  rew=+73.163  swp=55.5  map=1.2  trunc=0%  pl=-0.018  vl=0.263  ent=1.346  kl=0.0970  gn=0.901
  line_20q      4431ep | trunc=0%  swp=39.6±44.0  fid=0.0000  rew=+34.69
  ring_20q      4392ep | trunc=0%  swp=32.6±30.7  fid=0.0000  rew=+35.24
  grid_5x4_20q  4379ep | trunc=0%  swp=12.3±12.1  fid=0.0000  rew=+35.65
step=391680  rew=+63.621  swp=40.5  map=1.4  trunc=0%  pl=-0.050  vl=0.107  ent=1.033  kl=0.0548  gn=1.041
  line_20q      4435ep | trunc=0%  swp=39.6±44.0  fid=0.0000  rew=+34.71
  ring_20q      4394ep | trunc=0%  swp=32.6±30.7  fid=0.0000  rew=+35.24
  grid_5x4_20q  4381ep | trunc=0%  swp=12.3±12.1  fid=0.0000  rew=+35.66
step=391936  rew=+67.422  swp=41.9  map=1.4  trunc=0%  pl=-0.006  vl=0.258  ent=1.611  kl=0.0330  gn=0.966
  line_20q      4435ep | trunc=0%  swp=39.6±44.0  fid=0.0000  rew=+34.71
  ring_20q      4397ep | trunc=0%  swp=32.6±30.8  fid=0.0000  rew=+35.29
  grid_5x4_20q  4382ep | trunc=0%  swp=12.3±12.1  fid=0.0000  rew=+35.67
step=392192  rew=+68.458  swp=45.9  map=1.4  trunc=0%  pl=-0.022  vl=0.577  ent=1.748  kl=0.0565  gn=1.185
  line_20q      4436ep | trunc=0%  swp=39.6±44.0  fid=0.0000  rew=+34.72
  ring_20q      4397ep | trunc=0%  swp=32.6±30.8  fid=0.0000  rew=+35.29
  grid_5x4_20q  4382ep | trunc=0%  swp=12.3±12.1  fid=0.0000  rew=+35.67
step=392448  rew=+76.426  swp=57.8  map=1.2  trunc=0%  pl=-0.046  vl=0.248  ent=1.596  kl=0.0594  gn=0.742
  line_20q      4437ep | trunc=0%  swp=39.6±44.0  fid=0.0000  rew=+34.74
  ring_20q      4399ep | trunc=0%  swp=32.7±30.8  fid=0.0000  rew=+35.33
  grid_5x4_20q  4384ep | trunc=0%  swp=12.3±12.1  fid=0.0000  rew=+35.67
step=392704  rew=+76.647  swp=59.5  map=1.4  trunc=0%  pl=0.003  vl=0.342  ent=1.434  kl=0.0153  gn=1.313
  line_20q      4440ep | trunc=0%  swp=39.6±44.0  fid=0.0000  rew=+34.75
  ring_20q      4400ep | trunc=0%  swp=32.7±30.9  fid=0.0000  rew=+35.35
  grid_5x4_20q  4384ep | trunc=0%  swp=12.3±12.1  fid=0.0000  rew=+35.67
step=392960  rew=+81.844  swp=68.2  map=1.4  trunc=0%  pl=-0.003  vl=0.246  ent=1.355  kl=0.0767  gn=1.135
  line_20q      4441ep | trunc=0%  swp=39.6±44.0  fid=0.0000  rew=+34.76
  ring_20q      4402ep | trunc=0%  swp=32.7±30.9  fid=0.0000  rew=+35.37
  grid_5x4_20q  4384ep | trunc=0%  swp=12.3±12.1  fid=0.0000  rew=+35.67
step=393216  rew=+90.004  swp=70.2  map=1.4  trunc=0%  pl=0.015  vl=0.508  ent=0.804  kl=0.0405  gn=1.719
  line_20q      4441ep | trunc=0%  swp=39.6±44.0  fid=0.0000  rew=+34.76
  ring_20q      4403ep | trunc=0%  swp=32.8±30.9  fid=0.0000  rew=+35.38
  grid_5x4_20q  4387ep | trunc=0%  swp=12.3±12.2  fid=0.0000  rew=+35.73
step=393472  rew=+83.568  swp=56.0  map=1.4  trunc=0%  pl=-0.009  vl=0.162  ent=1.043  kl=0.0312  gn=1.057
  line_20q      4443ep | trunc=0%  swp=39.6±44.0  fid=0.0000  rew=+34.77
  ring_20q      4405ep | trunc=0%  swp=32.8±30.9  fid=0.0000  rew=+35.40
  grid_5x4_20q  4389ep | trunc=0%  swp=12.4±12.2  fid=0.0000  rew=+35.76
step=393728  rew=+83.742  swp=45.5  map=1.6  trunc=0%  pl=0.039  vl=0.453  ent=0.542  kl=0.0996  gn=2.297
  line_20q      4445ep | trunc=0%  swp=39.6±44.0  fid=0.0000  rew=+34.78
  ring_20q      4406ep | trunc=0%  swp=32.8±30.9  fid=0.0000  rew=+35.40
  grid_5x4_20q  4394ep | trunc=0%  swp=12.4±12.2  fid=0.0000  rew=+35.82
step=393984  rew=+74.595  swp=35.2  map=1.9  trunc=0%  pl=-0.022  vl=0.279  ent=0.950  kl=0.1836  gn=1.333
  line_20q      4450ep | trunc=0%  swp=39.6±44.0  fid=0.0000  rew=+34.82
  ring_20q      4406ep | trunc=0%  swp=32.8±30.9  fid=0.0000  rew=+35.40
  grid_5x4_20q  4396ep | trunc=0%  swp=12.4±12.2  fid=0.0000  rew=+35.83
step=394240  rew=+75.449  swp=38.5  map=1.8  trunc=0%  pl=0.014  vl=1.139  ent=1.726  kl=0.0643  gn=1.378
  line_20q      4450ep | trunc=0%  swp=39.6±44.0  fid=0.0000  rew=+34.82
  ring_20q      4407ep | trunc=0%  swp=32.8±30.9  fid=0.0000  rew=+35.41
  grid_5x4_20q  4396ep | trunc=0%  swp=12.4±12.2  fid=0.0000  rew=+35.83
step=394496  rew=+73.807  swp=42.4  map=1.6  trunc=0%  pl=0.021  vl=0.320  ent=0.952  kl=0.1962  gn=1.074
  line_20q      4453ep | trunc=0%  swp=39.6±44.0  fid=0.0000  rew=+34.84
  ring_20q      4408ep | trunc=0%  swp=32.8±31.0  fid=0.0000  rew=+35.44
  grid_5x4_20q  4397ep | trunc=0%  swp=12.4±12.2  fid=0.0000  rew=+35.83
step=394752  rew=+72.722  swp=50.5  map=1.2  trunc=0%  pl=-0.013  vl=0.362  ent=0.931  kl=0.1302  gn=0.678
  line_20q      4454ep | trunc=0%  swp=39.6±44.0  fid=0.0000  rew=+34.86
  ring_20q      4411ep | trunc=0%  swp=32.8±31.0  fid=0.0000  rew=+35.46
  grid_5x4_20q  4398ep | trunc=0%  swp=12.4±12.2  fid=0.0000  rew=+35.84
step=395008  rew=+74.096  swp=55.2  map=1.2  trunc=0%  pl=0.010  vl=1.065  ent=1.964  kl=0.0331  gn=1.266
  line_20q      4454ep | trunc=0%  swp=39.6±44.0  fid=0.0000  rew=+34.86
  ring_20q      4412ep | trunc=0%  swp=32.9±31.1  fid=0.0000  rew=+35.48
  grid_5x4_20q  4398ep | trunc=0%  swp=12.4±12.2  fid=0.0000  rew=+35.84
step=395264  rew=+78.183  swp=62.2  map=1.8  trunc=0%  pl=-0.019  vl=0.341  ent=1.005  kl=0.0470  gn=0.847
  line_20q      4458ep | trunc=0%  swp=39.7±44.1  fid=0.0000  rew=+34.90
  ring_20q      4412ep | trunc=0%  swp=32.9±31.1  fid=0.0000  rew=+35.48
  grid_5x4_20q  4400ep | trunc=0%  swp=12.4±12.2  fid=0.0000  rew=+35.85
step=395520  rew=+82.634  swp=70.3  map=1.6  trunc=0%  pl=0.011  vl=0.857  ent=1.335  kl=0.0277  gn=1.248
  line_20q      4458ep | trunc=0%  swp=39.7±44.1  fid=0.0000  rew=+34.90
  ring_20q      4414ep | trunc=0%  swp=32.9±31.1  fid=0.0000  rew=+35.51
  grid_5x4_20q  4400ep | trunc=0%  swp=12.4±12.2  fid=0.0000  rew=+35.85
step=395776  rew=+84.358  swp=70.8  map=1.9  trunc=0%  pl=-0.011  vl=0.249  ent=1.454  kl=0.0271  gn=1.090
  line_20q      4458ep | trunc=0%  swp=39.7±44.1  fid=0.0000  rew=+34.90
  ring_20q      4416ep | trunc=0%  swp=32.9±31.2  fid=0.0000  rew=+35.56
  grid_5x4_20q  4401ep | trunc=0%  swp=12.4±12.2  fid=0.0000  rew=+35.86
step=396032  rew=+83.644  swp=64.3  map=2.1  trunc=0%  pl=0.005  vl=0.572  ent=0.483  kl=0.1912  gn=1.343
  line_20q      4460ep | trunc=0%  swp=39.7±44.1  fid=0.0000  rew=+34.92
  ring_20q      4417ep | trunc=0%  swp=32.9±31.2  fid=0.0000  rew=+35.56
  grid_5x4_20q  4404ep | trunc=0%  swp=12.4±12.2  fid=0.0000  rew=+35.89
step=396288  rew=+89.063  swp=76.5  map=1.9  trunc=0%  pl=-0.029  vl=0.416  ent=1.669  kl=0.0790  gn=0.801
  line_20q      4462ep | trunc=0%  swp=39.7±44.1  fid=0.0000  rew=+34.95
  ring_20q      4417ep | trunc=0%  swp=32.9±31.2  fid=0.0000  rew=+35.56
  grid_5x4_20q  4404ep | trunc=0%  swp=12.4±12.2  fid=0.0000  rew=+35.89
step=396544  rew=+91.069  swp=67.7  map=2.1  trunc=0%  pl=0.006  vl=0.296  ent=1.541  kl=0.0223  gn=0.963
  line_20q      4462ep | trunc=0%  swp=39.7±44.1  fid=0.0000  rew=+34.95
  ring_20q      4418ep | trunc=0%  swp=33.0±31.3  fid=0.0000  rew=+35.59
  grid_5x4_20q  4405ep | trunc=0%  swp=12.4±12.2  fid=0.0000  rew=+35.91
step=396800  rew=+96.685  swp=74.5  map=2.0  trunc=0%  pl=0.004  vl=0.267  ent=0.978  kl=0.0604  gn=1.484
  line_20q      4463ep | trunc=0%  swp=39.7±44.1  fid=0.0000  rew=+34.96
  ring_20q      4419ep | trunc=0%  swp=33.0±31.3  fid=0.0000  rew=+35.61
  grid_5x4_20q  4407ep | trunc=0%  swp=12.4±12.2  fid=0.0000  rew=+35.94
step=397056  rew=+97.992  swp=72.5  map=1.9  trunc=0%  pl=-0.000  vl=0.321  ent=1.484  kl=0.0853  gn=1.039
  line_20q      4464ep | trunc=0%  swp=39.7±44.1  fid=0.0000  rew=+34.97
  ring_20q      4420ep | trunc=0%  swp=33.0±31.3  fid=0.0000  rew=+35.63
  grid_5x4_20q  4408ep | trunc=0%  swp=12.4±12.2  fid=0.0000  rew=+35.96
step=397312  rew=+100.925  swp=73.7  map=1.8  trunc=0%  pl=0.012  vl=0.070  ent=1.104  kl=0.1728  gn=1.440
  line_20q      4465ep | trunc=0%  swp=39.8±44.2  fid=0.0000  rew=+34.99
  ring_20q      4420ep | trunc=0%  swp=33.0±31.3  fid=0.0000  rew=+35.63
  grid_5x4_20q  4410ep | trunc=0%  swp=12.4±12.2  fid=0.0000  rew=+36.00
step=397568  rew=+103.272  swp=79.2  map=1.8  trunc=0%  pl=-0.019  vl=0.910  ent=1.410  kl=0.0764  gn=1.148
  line_20q      4465ep | trunc=0%  swp=39.8±44.2  fid=0.0000  rew=+34.99
  ring_20q      4422ep | trunc=0%  swp=33.0±31.4  fid=0.0000  rew=+35.64
  grid_5x4_20q  4410ep | trunc=0%  swp=12.4±12.2  fid=0.0000  rew=+36.00
step=397824  rew=+102.062  swp=82.7  map=1.6  trunc=0%  pl=-0.011  vl=0.183  ent=1.666  kl=0.0185  gn=0.656
  line_20q      4466ep | trunc=0%  swp=39.8±44.3  fid=0.0000  rew=+35.00
  ring_20q      4422ep | trunc=0%  swp=33.0±31.4  fid=0.0000  rew=+35.64
  grid_5x4_20q  4412ep | trunc=0%  swp=12.4±12.2  fid=0.0000  rew=+36.01
step=398080  rew=+109.323  swp=95.2  map=1.4  trunc=0%  pl=0.008  vl=0.809  ent=1.880  kl=0.0463  gn=0.926
  line_20q      4467ep | trunc=0%  swp=39.9±44.3  fid=0.0000  rew=+35.03
  ring_20q      4423ep | trunc=0%  swp=33.1±31.4  fid=0.0000  rew=+35.67
  grid_5x4_20q  4412ep | trunc=0%  swp=12.4±12.2  fid=0.0000  rew=+36.01
step=398336  rew=+101.400  swp=89.0  map=1.2  trunc=0%  pl=0.014  vl=0.699  ent=1.220  kl=0.0602  gn=1.617
  line_20q      4467ep | trunc=0%  swp=39.9±44.3  fid=0.0000  rew=+35.03
  ring_20q      4426ep | trunc=0%  swp=33.1±31.5  fid=0.0000  rew=+35.71
  grid_5x4_20q  4412ep | trunc=0%  swp=12.4±12.2  fid=0.0000  rew=+36.01
step=398592  rew=+94.925  swp=80.3  map=1.4  trunc=0%  pl=0.017  vl=0.636  ent=0.789  kl=0.0694  gn=1.568
  line_20q      4468ep | trunc=0%  swp=39.9±44.3  fid=0.0000  rew=+35.03
  ring_20q      4428ep | trunc=0%  swp=33.1±31.5  fid=0.0000  rew=+35.72
  grid_5x4_20q  4414ep | trunc=0%  swp=12.4±12.2  fid=0.0000  rew=+36.04
step=398848  rew=+95.364  swp=80.2  map=1.4  trunc=0%  pl=-0.035  vl=0.287  ent=1.573  kl=0.1158  gn=1.166
  line_20q      4469ep | trunc=0%  swp=39.9±44.4  fid=0.0000  rew=+35.05
  ring_20q      4429ep | trunc=0%  swp=33.1±31.5  fid=0.0000  rew=+35.74
  grid_5x4_20q  4415ep | trunc=0%  swp=12.4±12.2  fid=0.0000  rew=+36.05
step=399104  rew=+94.292  swp=86.0  map=1.1  trunc=0%  pl=0.019  vl=0.671  ent=1.403  kl=0.1327  gn=0.861
  line_20q      4470ep | trunc=0%  swp=39.9±44.4  fid=0.0000  rew=+35.06
  ring_20q      4431ep | trunc=0%  swp=33.1±31.5  fid=0.0000  rew=+35.77
  grid_5x4_20q  4415ep | trunc=0%  swp=12.4±12.2  fid=0.0000  rew=+36.05
step=399360  rew=+98.190  swp=83.8  map=1.1  trunc=0%  pl=0.023  vl=0.388  ent=1.675  kl=0.0529  gn=1.413
  line_20q      4470ep | trunc=0%  swp=39.9±44.4  fid=0.0000  rew=+35.06
  ring_20q      4432ep | trunc=0%  swp=33.2±31.6  fid=0.0000  rew=+35.80
  grid_5x4_20q  4416ep | trunc=0%  swp=12.4±12.2  fid=0.0000  rew=+36.07
step=399616  rew=+98.190  swp=83.8  map=1.1  trunc=0%  pl=0.008  vl=0.905  ent=2.259  kl=0.0246  gn=0.920
  line_20q      4470ep | trunc=0%  swp=39.9±44.4  fid=0.0000  rew=+35.06
  ring_20q      4432ep | trunc=0%  swp=33.2±31.6  fid=0.0000  rew=+35.80
  grid_5x4_20q  4416ep | trunc=0%  swp=12.4±12.2  fid=0.0000  rew=+36.07
step=399872  rew=+97.623  swp=89.2  map=1.0  trunc=0%  pl=0.011  vl=0.857  ent=1.205  kl=0.0601  gn=1.251
  line_20q      4472ep | trunc=0%  swp=40.0±44.6  fid=0.0000  rew=+35.09
  ring_20q      4433ep | trunc=0%  swp=33.2±31.6  fid=0.0000  rew=+35.82
  grid_5x4_20q  4417ep | trunc=0%  swp=12.5±12.2  fid=0.0000  rew=+36.08
step=400128  rew=+96.764  swp=90.2  map=1.0  trunc=0%  pl=0.031  vl=0.868  ent=1.788  kl=0.1578  gn=1.359
  line_20q      4473ep | trunc=0%  swp=40.0±44.7  fid=0.0000  rew=+35.11
  ring_20q      4433ep | trunc=0%  swp=33.2±31.6  fid=0.0000  rew=+35.82
  grid_5x4_20q  4417ep | trunc=0%  swp=12.5±12.2  fid=0.0000  rew=+36.08
step=400384  rew=+96.932  swp=91.2  map=0.8  trunc=0%  pl=0.015  vl=0.461  ent=0.602  kl=0.1027  gn=1.601
  line_20q      4473ep | trunc=0%  swp=40.0±44.7  fid=0.0000  rew=+35.11
  ring_20q      4436ep | trunc=0%  swp=33.2±31.7  fid=0.0000  rew=+35.84
  grid_5x4_20q  4421ep | trunc=0%  swp=12.5±12.2  fid=0.0000  rew=+36.12
step=400640  rew=+88.144  swp=80.0  map=1.1  trunc=0%  pl=-0.001  vl=0.678  ent=1.243  kl=0.0539  gn=1.327
  line_20q      4474ep | trunc=0%  swp=40.0±44.6  fid=0.0000  rew=+35.11
  ring_20q      4439ep | trunc=0%  swp=33.3±31.7  fid=0.0000  rew=+35.87
  grid_5x4_20q  4421ep | trunc=0%  swp=12.5±12.2  fid=0.0000  rew=+36.12
step=400896  rew=+95.172  swp=86.2  map=1.1  trunc=0%  pl=0.007  vl=0.373  ent=1.560  kl=0.0526  gn=1.473
  line_20q      4474ep | trunc=0%  swp=40.0±44.6  fid=0.0000  rew=+35.11
  ring_20q      4440ep | trunc=0%  swp=33.3±31.7  fid=0.0000  rew=+35.89
  grid_5x4_20q  4422ep | trunc=0%  swp=12.5±12.3  fid=0.0000  rew=+36.15
step=401152  rew=+90.986  swp=88.2  map=1.1  trunc=0%  pl=0.000  vl=0.830  ent=1.488  kl=0.1281  gn=1.267
  line_20q      4475ep | trunc=0%  swp=40.0±44.7  fid=0.0000  rew=+35.13
  ring_20q      4441ep | trunc=0%  swp=33.3±31.7  fid=0.0000  rew=+35.90
  grid_5x4_20q  4422ep | trunc=0%  swp=12.5±12.3  fid=0.0000  rew=+36.15
step=401408  rew=+88.906  swp=81.4  map=1.2  trunc=0%  pl=0.011  vl=0.598  ent=1.560  kl=0.0818  gn=1.298
  line_20q      4476ep | trunc=0%  swp=40.1±44.7  fid=0.0000  rew=+35.14
  ring_20q      4442ep | trunc=0%  swp=33.3±31.7  fid=0.0000  rew=+35.91
  grid_5x4_20q  4422ep | trunc=0%  swp=12.5±12.3  fid=0.0000  rew=+36.15
step=401664  rew=+88.906  swp=81.4  map=1.2  trunc=0%  pl=0.008  vl=0.896  ent=1.701  kl=0.0374  gn=0.993
  line_20q      4476ep | trunc=0%  swp=40.1±44.7  fid=0.0000  rew=+35.14
  ring_20q      4442ep | trunc=0%  swp=33.3±31.7  fid=0.0000  rew=+35.91
  grid_5x4_20q  4422ep | trunc=0%  swp=12.5±12.3  fid=0.0000  rew=+36.15
step=401920  rew=+80.549  swp=77.9  map=1.6  trunc=0%  pl=0.013  vl=0.664  ent=0.453  kl=0.2710  gn=1.203
  line_20q      4479ep | trunc=0%  swp=40.1±44.9  fid=0.0000  rew=+35.18
  ring_20q      4445ep | trunc=0%  swp=33.3±31.7  fid=0.0000  rew=+35.92
  grid_5x4_20q  4423ep | trunc=0%  swp=12.5±12.3  fid=0.0000  rew=+36.16
step=402176  rew=+85.298  swp=86.0  map=1.8  trunc=0%  pl=-0.056  vl=0.545  ent=1.286  kl=0.0876  gn=0.959
  line_20q      4481ep | trunc=0%  swp=40.1±44.9  fid=0.0000  rew=+35.20
  ring_20q      4445ep | trunc=0%  swp=33.3±31.7  fid=0.0000  rew=+35.92
  grid_5x4_20q  4423ep | trunc=0%  swp=12.5±12.3  fid=0.0000  rew=+36.16
step=402432  rew=+83.332  swp=85.1  map=1.9  trunc=0%  pl=-0.035  vl=0.598  ent=0.901  kl=0.1527  gn=0.949
  line_20q      4481ep | trunc=0%  swp=40.1±44.9  fid=0.0000  rew=+35.20
  ring_20q      4449ep | trunc=0%  swp=33.3±31.7  fid=0.0000  rew=+35.95
  grid_5x4_20q  4423ep | trunc=0%  swp=12.5±12.3  fid=0.0000  rew=+36.16
step=402688  rew=+79.262  swp=71.5  map=2.3  trunc=0%  pl=-0.019  vl=0.288  ent=0.946  kl=0.1480  gn=1.327
  line_20q      4482ep | trunc=0%  swp=40.2±45.0  fid=0.0000  rew=+35.23
  ring_20q      4450ep | trunc=0%  swp=33.3±31.7  fid=0.0000  rew=+35.96
  grid_5x4_20q  4426ep | trunc=0%  swp=12.5±12.3  fid=0.0000  rew=+36.19
step=402944  rew=+75.566  swp=48.6  map=2.1  trunc=0%  pl=0.003  vl=0.327  ent=1.408  kl=0.0593  gn=1.136
  line_20q      4483ep | trunc=0%  swp=40.2±45.0  fid=0.0000  rew=+35.23
  ring_20q      4451ep | trunc=0%  swp=33.3±31.7  fid=0.0000  rew=+35.97
  grid_5x4_20q  4428ep | trunc=0%  swp=12.5±12.3  fid=0.0000  rew=+36.21
step=403200  rew=+80.279  swp=63.4  map=2.0  trunc=0%  pl=0.024  vl=0.346  ent=1.232  kl=0.0776  gn=1.551
  line_20q      4484ep | trunc=0%  swp=40.2±45.2  fid=0.0000  rew=+35.26
  ring_20q      4452ep | trunc=0%  swp=33.3±31.7  fid=0.0000  rew=+35.97
  grid_5x4_20q  4429ep | trunc=0%  swp=12.5±12.3  fid=0.0000  rew=+36.22
step=403456  rew=+83.132  swp=62.8  map=2.1  trunc=0%  pl=-0.031  vl=0.200  ent=1.116  kl=0.1840  gn=0.821
  line_20q      4485ep | trunc=0%  swp=40.3±45.2  fid=0.0000  rew=+35.27
  ring_20q      4452ep | trunc=0%  swp=33.3±31.7  fid=0.0000  rew=+35.97
  grid_5x4_20q  4431ep | trunc=0%  swp=12.5±12.3  fid=0.0000  rew=+36.25
step=403712  rew=+85.283  swp=70.4  map=1.9  trunc=0%  pl=-0.008  vl=0.496  ent=1.264  kl=0.0251  gn=1.054
  line_20q      4486ep | trunc=0%  swp=40.3±45.3  fid=0.0000  rew=+35.30
  ring_20q      4453ep | trunc=0%  swp=33.3±31.7  fid=0.0000  rew=+35.98
  grid_5x4_20q  4431ep | trunc=0%  swp=12.5±12.3  fid=0.0000  rew=+36.25
step=403968  rew=+79.653  swp=62.0  map=2.4  trunc=0%  pl=0.021  vl=1.202  ent=0.303  kl=0.2146  gn=2.012
  line_20q      4490ep | trunc=0%  swp=40.3±45.3  fid=0.0000  rew=+35.32
  ring_20q      4454ep | trunc=0%  swp=33.3±31.7  fid=0.0000  rew=+35.99
  grid_5x4_20q  4434ep | trunc=0%  swp=12.5±12.3  fid=0.0000  rew=+36.26
step=404224  rew=+77.083  swp=57.6  map=2.6  trunc=0%  pl=-0.004  vl=0.786  ent=1.761  kl=0.0277  gn=0.766
  line_20q      4490ep | trunc=0%  swp=40.3±45.3  fid=0.0000  rew=+35.32
  ring_20q      4454ep | trunc=0%  swp=33.3±31.7  fid=0.0000  rew=+35.99
  grid_5x4_20q  4436ep | trunc=0%  swp=12.5±12.3  fid=0.0000  rew=+36.28
step=404480  rew=+80.912  swp=61.4  map=2.6  trunc=0%  pl=0.006  vl=0.248  ent=0.974  kl=0.0458  gn=1.103
  line_20q      4491ep | trunc=0%  swp=40.4±45.4  fid=0.0000  rew=+35.35
  ring_20q      4456ep | trunc=0%  swp=33.3±31.7  fid=0.0000  rew=+36.01
  grid_5x4_20q  4437ep | trunc=0%  swp=12.5±12.3  fid=0.0000  rew=+36.30
step=404736  rew=+84.172  swp=67.7  map=2.5  trunc=0%  pl=-0.027  vl=0.534  ent=1.268  kl=0.0550  gn=1.271
  line_20q      4491ep | trunc=0%  swp=40.4±45.4  fid=0.0000  rew=+35.35
  ring_20q      4458ep | trunc=0%  swp=33.4±31.8  fid=0.0000  rew=+36.04
  grid_5x4_20q  4438ep | trunc=0%  swp=12.5±12.3  fid=0.0000  rew=+36.31
step=404992  rew=+82.251  swp=60.5  map=2.3  trunc=0%  pl=-0.043  vl=0.634  ent=0.902  kl=0.1326  gn=0.628
  line_20q      4493ep | trunc=0%  swp=40.4±45.4  fid=0.0000  rew=+35.36
  ring_20q      4459ep | trunc=0%  swp=33.4±31.8  fid=0.0000  rew=+36.05
  grid_5x4_20q  4438ep | trunc=0%  swp=12.5±12.3  fid=0.0000  rew=+36.31
step=405248  rew=+80.916  swp=61.9  map=2.2  trunc=0%  pl=0.028  vl=0.400  ent=1.406  kl=0.1256  gn=1.544
  line_20q      4493ep | trunc=0%  swp=40.4±45.4  fid=0.0000  rew=+35.36
  ring_20q      4461ep | trunc=0%  swp=33.4±31.8  fid=0.0000  rew=+36.07
  grid_5x4_20q  4438ep | trunc=0%  swp=12.5±12.3  fid=0.0000  rew=+36.31
step=405504  rew=+88.804  swp=75.9  map=1.6  trunc=0%  pl=0.017  vl=0.795  ent=0.673  kl=0.0955  gn=1.769
  line_20q      4495ep | trunc=0%  swp=40.4±45.4  fid=0.0000  rew=+35.39
  ring_20q      4463ep | trunc=0%  swp=33.4±31.8  fid=0.0000  rew=+36.08
  grid_5x4_20q  4439ep | trunc=0%  swp=12.5±12.3  fid=0.0000  rew=+36.33
step=405760  rew=+89.750  swp=73.0  map=1.1  trunc=0%  pl=-0.022  vl=0.121  ent=1.219  kl=0.1010  gn=1.094
  line_20q      4495ep | trunc=0%  swp=40.4±45.4  fid=0.0000  rew=+35.39
  ring_20q      4465ep | trunc=0%  swp=33.4±31.8  fid=0.0000  rew=+36.10
  grid_5x4_20q  4441ep | trunc=0%  swp=12.5±12.3  fid=0.0000  rew=+36.36
step=406016  rew=+89.609  swp=78.9  map=0.8  trunc=0%  pl=0.053  vl=0.956  ent=1.493  kl=0.0838  gn=1.173
  line_20q      4495ep | trunc=0%  swp=40.4±45.4  fid=0.0000  rew=+35.39
  ring_20q      4466ep | trunc=0%  swp=33.5±31.9  fid=0.0000  rew=+36.13
  grid_5x4_20q  4441ep | trunc=0%  swp=12.5±12.3  fid=0.0000  rew=+36.36
step=406272  rew=+86.775  swp=76.8  map=0.8  trunc=0%  pl=0.003  vl=0.264  ent=1.629  kl=0.0252  gn=0.672
  line_20q      4495ep | trunc=0%  swp=40.4±45.4  fid=0.0000  rew=+35.39
  ring_20q      4467ep | trunc=0%  swp=33.5±31.9  fid=0.0000  rew=+36.13
  grid_5x4_20q  4442ep | trunc=0%  swp=12.5±12.3  fid=0.0000  rew=+36.37
step=406528  rew=+90.014  swp=76.7  map=1.1  trunc=0%  pl=-0.017  vl=0.690  ent=0.733  kl=0.1548  gn=2.007
  line_20q      4498ep | trunc=0%  swp=40.5±45.5  fid=0.0000  rew=+35.41
  ring_20q      4467ep | trunc=0%  swp=33.5±31.9  fid=0.0000  rew=+36.13
  grid_5x4_20q  4445ep | trunc=0%  swp=12.5±12.4  fid=0.0000  rew=+36.43
step=406784  rew=+94.197  swp=71.0  map=1.1  trunc=0%  pl=0.021  vl=0.293  ent=1.292  kl=0.0343  gn=1.607
  line_20q      4499ep | trunc=0%  swp=40.5±45.6  fid=0.0000  rew=+35.43
  ring_20q      4467ep | trunc=0%  swp=33.5±31.9  fid=0.0000  rew=+36.13
  grid_5x4_20q  4448ep | trunc=0%  swp=12.6±12.4  fid=0.0000  rew=+36.46
step=407040  rew=+94.326  swp=72.8  map=1.1  trunc=0%  pl=0.038  vl=0.242  ent=1.316  kl=0.0802  gn=1.286
  line_20q      4501ep | trunc=0%  swp=40.5±45.6  fid=0.0000  rew=+35.44
  ring_20q      4469ep | trunc=0%  swp=33.5±32.0  fid=0.0000  rew=+36.16
  grid_5x4_20q  4448ep | trunc=0%  swp=12.6±12.4  fid=0.0000  rew=+36.46
step=407296  rew=+85.604  swp=58.6  map=1.6  trunc=0%  pl=0.019  vl=0.407  ent=1.138  kl=0.1312  gn=1.142
  line_20q      4501ep | trunc=0%  swp=40.5±45.6  fid=0.0000  rew=+35.44
  ring_20q      4472ep | trunc=0%  swp=33.5±32.0  fid=0.0000  rew=+36.18
  grid_5x4_20q  4450ep | trunc=0%  swp=12.6±12.4  fid=0.0000  rew=+36.48
step=407552  rew=+86.045  swp=55.1  map=1.7  trunc=0%  pl=-0.023  vl=0.749  ent=1.573  kl=0.0529  gn=1.350
  line_20q      4502ep | trunc=0%  swp=40.5±45.6  fid=0.0000  rew=+35.46
  ring_20q      4473ep | trunc=0%  swp=33.5±32.0  fid=0.0000  rew=+36.19
  grid_5x4_20q  4450ep | trunc=0%  swp=12.6±12.4  fid=0.0000  rew=+36.48
step=407808  rew=+84.338  swp=61.4  map=1.6  trunc=0%  pl=-0.005  vl=0.292  ent=1.400  kl=0.0269  gn=0.827
  line_20q      4503ep | trunc=0%  swp=40.5±45.6  fid=0.0000  rew=+35.48
  ring_20q      4474ep | trunc=0%  swp=33.6±32.0  fid=0.0000  rew=+36.22
  grid_5x4_20q  4453ep | trunc=0%  swp=12.6±12.4  fid=0.0000  rew=+36.49
step=408064  rew=+80.382  swp=57.5  map=1.9  trunc=0%  pl=-0.026  vl=0.325  ent=0.700  kl=0.0561  gn=1.351
  line_20q      4505ep | trunc=0%  swp=40.5±45.6  fid=0.0000  rew=+35.49
  ring_20q      4476ep | trunc=0%  swp=33.6±32.0  fid=0.0000  rew=+36.22
  grid_5x4_20q  4455ep | trunc=0%  swp=12.6±12.4  fid=0.0000  rew=+36.52
step=408320  rew=+76.364  swp=56.0  map=1.5  trunc=0%  pl=-0.022  vl=0.363  ent=1.024  kl=0.0608  gn=1.368
  line_20q      4507ep | trunc=0%  swp=40.5±45.6  fid=0.0000  rew=+35.49
  ring_20q      4477ep | trunc=0%  swp=33.6±32.0  fid=0.0000  rew=+36.24
  grid_5x4_20q  4457ep | trunc=0%  swp=12.6±12.4  fid=0.0000  rew=+36.53
step=408576  rew=+85.400  swp=61.0  map=1.4  trunc=0%  pl=0.003  vl=0.464  ent=1.683  kl=0.0443  gn=1.332
  line_20q      4507ep | trunc=0%  swp=40.5±45.6  fid=0.0000  rew=+35.49
  ring_20q      4478ep | trunc=0%  swp=33.6±32.1  fid=0.0000  rew=+36.26
  grid_5x4_20q  4458ep | trunc=0%  swp=12.6±12.4  fid=0.0000  rew=+36.56
step=408832  rew=+74.242  swp=45.4  map=1.3  trunc=0%  pl=-0.048  vl=0.186  ent=0.992  kl=0.3870  gn=0.916
  line_20q      4510ep | trunc=0%  swp=40.5±45.6  fid=0.0000  rew=+35.51
  ring_20q      4479ep | trunc=0%  swp=33.6±32.1  fid=0.0000  rew=+36.27
  grid_5x4_20q  4460ep | trunc=0%  swp=12.6±12.4  fid=0.0000  rew=+36.57
step=409088  rew=+75.941  swp=52.0  map=1.1  trunc=0%  pl=0.000  vl=0.315  ent=1.354  kl=0.0838  gn=1.084
  line_20q      4512ep | trunc=0%  swp=40.6±45.6  fid=0.0000  rew=+35.54
  ring_20q      4479ep | trunc=0%  swp=33.6±32.1  fid=0.0000  rew=+36.27
  grid_5x4_20q  4461ep | trunc=0%  swp=12.6±12.4  fid=0.0000  rew=+36.57
step=409344  rew=+80.229  swp=58.7  map=0.9  trunc=0%  pl=0.010  vl=0.312  ent=1.597  kl=0.0878  gn=0.910
  line_20q      4513ep | trunc=0%  swp=40.6±45.6  fid=0.0000  rew=+35.56
  ring_20q      4480ep | trunc=0%  swp=33.6±32.1  fid=0.0000  rew=+36.28
  grid_5x4_20q  4461ep | trunc=0%  swp=12.6±12.4  fid=0.0000  rew=+36.57
step=409600  rew=+82.247  swp=63.2  map=1.0  trunc=0%  pl=0.005  vl=0.608  ent=0.652  kl=0.0831  gn=1.285
  line_20q      4517ep | trunc=0%  swp=40.6±45.7  fid=0.0000  rew=+35.60
  ring_20q      4480ep | trunc=0%  swp=33.6±32.1  fid=0.0000  rew=+36.28
  grid_5x4_20q  4463ep | trunc=0%  swp=12.6±12.4  fid=0.0000  rew=+36.59
step=409856  rew=+76.214  swp=57.6  map=1.1  trunc=0%  pl=-0.011  vl=0.253  ent=0.749  kl=0.2011  gn=1.643
  line_20q      4517ep | trunc=0%  swp=40.6±45.7  fid=0.0000  rew=+35.60
  ring_20q      4483ep | trunc=0%  swp=33.6±32.1  fid=0.0000  rew=+36.29
  grid_5x4_20q  4465ep | trunc=0%  swp=12.6±12.4  fid=0.0000  rew=+36.63
step=410112  rew=+76.725  swp=61.5  map=0.9  trunc=0%  pl=-0.007  vl=1.222  ent=1.731  kl=0.0374  gn=1.270
  line_20q      4517ep | trunc=0%  swp=40.6±45.7  fid=0.0000  rew=+35.60
  ring_20q      4484ep | trunc=0%  swp=33.6±32.1  fid=0.0000  rew=+36.30
  grid_5x4_20q  4465ep | trunc=0%  swp=12.6±12.4  fid=0.0000  rew=+36.63
step=410368  rew=+81.903  swp=70.5  map=0.9  trunc=0%  pl=0.000  vl=0.540  ent=1.695  kl=0.0921  gn=0.967
  line_20q      4518ep | trunc=0%  swp=40.6±45.7  fid=0.0000  rew=+35.60
  ring_20q      4485ep | trunc=0%  swp=33.7±32.2  fid=0.0000  rew=+36.33
  grid_5x4_20q  4465ep | trunc=0%  swp=12.6±12.4  fid=0.0000  rew=+36.63
step=410624  rew=+83.575  swp=73.0  map=1.1  trunc=0%  pl=-0.033  vl=0.232  ent=1.301  kl=0.1822  gn=1.419
  line_20q      4520ep | trunc=0%  swp=40.7±45.7  fid=0.0000  rew=+35.62
  ring_20q      4486ep | trunc=0%  swp=33.7±32.2  fid=0.0000  rew=+36.33
  grid_5x4_20q  4466ep | trunc=0%  swp=12.6±12.4  fid=0.0000  rew=+36.65
step=410880  rew=+81.676  swp=65.8  map=1.2  trunc=0%  pl=0.001  vl=0.150  ent=1.432  kl=0.0382  gn=1.304
  line_20q      4520ep | trunc=0%  swp=40.7±45.7  fid=0.0000  rew=+35.62
  ring_20q      4488ep | trunc=0%  swp=33.7±32.2  fid=0.0000  rew=+36.35
  grid_5x4_20q  4467ep | trunc=0%  swp=12.6±12.4  fid=0.0000  rew=+36.66
step=411136  rew=+80.772  swp=65.6  map=0.8  trunc=0%  pl=-0.010  vl=0.328  ent=1.265  kl=0.0845  gn=0.976
  line_20q      4522ep | trunc=0%  swp=40.7±45.8  fid=0.0000  rew=+35.63
  ring_20q      4489ep | trunc=0%  swp=33.7±32.3  fid=0.0000  rew=+36.37
  grid_5x4_20q  4471ep | trunc=0%  swp=12.6±12.4  fid=0.0000  rew=+36.67
step=411392  rew=+78.889  swp=58.1  map=1.2  trunc=0%  pl=0.003  vl=0.354  ent=0.838  kl=0.1443  gn=1.459
  line_20q      4524ep | trunc=0%  swp=40.7±45.7  fid=0.0000  rew=+35.65
  ring_20q      4490ep | trunc=0%  swp=33.7±32.3  fid=0.0000  rew=+36.39
  grid_5x4_20q  4473ep | trunc=0%  swp=12.6±12.4  fid=0.0000  rew=+36.70
step=411648  rew=+78.533  swp=53.8  map=1.1  trunc=0%  pl=0.001  vl=0.236  ent=1.671  kl=0.0410  gn=1.073
  line_20q      4525ep | trunc=0%  swp=40.7±45.7  fid=0.0000  rew=+35.66
  ring_20q      4491ep | trunc=0%  swp=33.8±32.4  fid=0.0000  rew=+36.42
  grid_5x4_20q  4475ep | trunc=0%  swp=12.6±12.4  fid=0.0000  rew=+36.71
step=411904  rew=+79.744  swp=54.1  map=1.2  trunc=0%  pl=-0.001  vl=0.533  ent=1.261  kl=0.1491  gn=1.186
  line_20q      4528ep | trunc=0%  swp=40.7±45.7  fid=0.0000  rew=+35.68
  ring_20q      4492ep | trunc=0%  swp=33.8±32.4  fid=0.0000  rew=+36.44
  grid_5x4_20q  4475ep | trunc=0%  swp=12.6±12.4  fid=0.0000  rew=+36.71
step=412160  rew=+75.607  swp=45.9  map=1.4  trunc=0%  pl=0.003  vl=0.694  ent=1.809  kl=0.0240  gn=1.024
  line_20q      4530ep | trunc=0%  swp=40.7±45.7  fid=0.0000  rew=+35.69
  ring_20q      4492ep | trunc=0%  swp=33.8±32.4  fid=0.0000  rew=+36.44
  grid_5x4_20q  4475ep | trunc=0%  swp=12.6±12.4  fid=0.0000  rew=+36.71
step=412416  rew=+84.140  swp=66.2  map=1.3  trunc=0%  pl=-0.010  vl=0.325  ent=1.616  kl=0.1569  gn=0.747
  line_20q      4532ep | trunc=0%  swp=40.7±45.8  fid=0.0000  rew=+35.72
  ring_20q      4493ep | trunc=0%  swp=33.8±32.4  fid=0.0000  rew=+36.45
  grid_5x4_20q  4475ep | trunc=0%  swp=12.6±12.4  fid=0.0000  rew=+36.71
step=412672  rew=+89.643  swp=77.2  map=1.3  trunc=0%  pl=-0.002  vl=0.221  ent=1.864  kl=0.0473  gn=1.567
  line_20q      4533ep | trunc=0%  swp=40.8±45.9  fid=0.0000  rew=+35.74
  ring_20q      4493ep | trunc=0%  swp=33.8±32.4  fid=0.0000  rew=+36.45
  grid_5x4_20q  4475ep | trunc=0%  swp=12.6±12.4  fid=0.0000  rew=+36.71
step=412928  rew=+91.696  swp=77.4  map=1.2  trunc=0%  pl=0.020  vl=0.857  ent=0.945  kl=0.0918  gn=1.776
  line_20q      4535ep | trunc=0%  swp=40.8±45.9  fid=0.0000  rew=+35.76
  ring_20q      4494ep | trunc=0%  swp=33.8±32.4  fid=0.0000  rew=+36.46
  grid_5x4_20q  4477ep | trunc=0%  swp=12.6±12.4  fid=0.0000  rew=+36.75
step=413184  rew=+91.668  swp=86.8  map=1.1  trunc=0%  pl=-0.008  vl=0.667  ent=1.624  kl=0.0493  gn=1.244
  line_20q      4536ep | trunc=0%  swp=40.8±46.0  fid=0.0000  rew=+35.78
  ring_20q      4495ep | trunc=0%  swp=33.8±32.4  fid=0.0000  rew=+36.46
  grid_5x4_20q  4477ep | trunc=0%  swp=12.6±12.4  fid=0.0000  rew=+36.75
step=413440  rew=+89.029  swp=88.8  map=1.0  trunc=0%  pl=-0.003  vl=0.281  ent=1.310  kl=0.0670  gn=1.213
  line_20q      4538ep | trunc=0%  swp=40.9±46.1  fid=0.0000  rew=+35.81
  ring_20q      4495ep | trunc=0%  swp=33.8±32.4  fid=0.0000  rew=+36.46
  grid_5x4_20q  4477ep | trunc=0%  swp=12.6±12.4  fid=0.0000  rew=+36.75
step=413696  rew=+87.639  swp=85.6  map=1.1  trunc=0%  pl=-0.027  vl=0.215  ent=1.136  kl=0.0520  gn=1.003
  line_20q      4539ep | trunc=0%  swp=40.9±46.1  fid=0.0000  rew=+35.82
  ring_20q      4498ep | trunc=0%  swp=33.8±32.4  fid=0.0000  rew=+36.48
  grid_5x4_20q  4478ep | trunc=0%  swp=12.6±12.4  fid=0.0000  rew=+36.76
step=413952  rew=+90.415  swp=91.8  map=0.9  trunc=0%  pl=-0.017  vl=0.692  ent=1.224  kl=0.1953  gn=1.162
  line_20q      4540ep | trunc=0%  swp=40.9±46.1  fid=0.0000  rew=+35.83
  ring_20q      4499ep | trunc=0%  swp=33.8±32.4  fid=0.0000  rew=+36.49
  grid_5x4_20q  4478ep | trunc=0%  swp=12.6±12.4  fid=0.0000  rew=+36.76
step=414208  rew=+83.710  swp=75.3  map=0.9  trunc=0%  pl=0.012  vl=0.575  ent=1.029  kl=0.0993  gn=0.977
  line_20q      4541ep | trunc=0%  swp=40.9±46.1  fid=0.0000  rew=+35.85
  ring_20q      4502ep | trunc=0%  swp=33.9±32.4  fid=0.0000  rew=+36.52
  grid_5x4_20q  4478ep | trunc=0%  swp=12.6±12.4  fid=0.0000  rew=+36.76
step=414464  rew=+82.938  swp=80.5  map=0.8  trunc=0%  pl=-0.030  vl=0.260  ent=1.331  kl=0.0720  gn=1.457
  line_20q      4543ep | trunc=0%  swp=40.9±46.1  fid=0.0000  rew=+35.87
  ring_20q      4502ep | trunc=0%  swp=33.9±32.4  fid=0.0000  rew=+36.52
  grid_5x4_20q  4479ep | trunc=0%  swp=12.6±12.4  fid=0.0000  rew=+36.76
step=414720  rew=+75.480  swp=73.7  map=0.9  trunc=0%  pl=0.015  vl=0.275  ent=1.054  kl=0.0783  gn=1.360
  line_20q      4544ep | trunc=0%  swp=40.9±46.1  fid=0.0000  rew=+35.89
  ring_20q      4504ep | trunc=0%  swp=33.9±32.4  fid=0.0000  rew=+36.52
  grid_5x4_20q  4480ep | trunc=0%  swp=12.6±12.4  fid=0.0000  rew=+36.76
step=414976  rew=+79.587  swp=72.5  map=1.1  trunc=0%  pl=0.022  vl=0.186  ent=1.355  kl=0.0810  gn=1.020
  line_20q      4544ep | trunc=0%  swp=40.9±46.1  fid=0.0000  rew=+35.89
  ring_20q      4506ep | trunc=0%  swp=33.9±32.5  fid=0.0000  rew=+36.56
  grid_5x4_20q  4481ep | trunc=0%  swp=12.6±12.4  fid=0.0000  rew=+36.77
step=415232  rew=+77.949  swp=59.5  map=1.8  trunc=0%  pl=0.048  vl=1.007  ent=0.565  kl=0.0829  gn=1.972
  line_20q      4546ep | trunc=0%  swp=40.9±46.1  fid=0.0000  rew=+35.90
  ring_20q      4507ep | trunc=0%  swp=33.9±32.5  fid=0.0000  rew=+36.57
  grid_5x4_20q  4485ep | trunc=0%  swp=12.6±12.4  fid=0.0000  rew=+36.82
step=415488  rew=+82.420  swp=65.5  map=1.8  trunc=0%  pl=0.022  vl=1.180  ent=1.626  kl=0.0709  gn=1.475
  line_20q      4546ep | trunc=0%  swp=40.9±46.1  fid=0.0000  rew=+35.90
  ring_20q      4509ep | trunc=0%  swp=34.0±32.6  fid=0.0000  rew=+36.60
  grid_5x4_20q  4485ep | trunc=0%  swp=12.6±12.4  fid=0.0000  rew=+36.82
step=415744  rew=+83.220  swp=66.2  map=1.9  trunc=0%  pl=-0.030  vl=0.222  ent=1.358  kl=0.1049  gn=1.176
  line_20q      4547ep | trunc=0%  swp=41.0±46.1  fid=0.0000  rew=+35.91
  ring_20q      4509ep | trunc=0%  swp=34.0±32.6  fid=0.0000  rew=+36.60
  grid_5x4_20q  4486ep | trunc=0%  swp=12.7±12.4  fid=0.0000  rew=+36.84
step=416000  rew=+79.956  swp=51.6  map=2.1  trunc=0%  pl=-0.026  vl=0.259  ent=0.605  kl=0.1534  gn=1.117
  line_20q      4551ep | trunc=0%  swp=41.0±46.1  fid=0.0000  rew=+35.93
  ring_20q      4510ep | trunc=0%  swp=34.0±32.6  fid=0.0000  rew=+36.60
  grid_5x4_20q  4489ep | trunc=0%  swp=12.7±12.4  fid=0.0000  rew=+36.87
step=416256  rew=+80.817  swp=53.9  map=1.9  trunc=0%  pl=0.039  vl=0.886  ent=1.952  kl=0.0355  gn=1.792
  line_20q      4551ep | trunc=0%  swp=41.0±46.1  fid=0.0000  rew=+35.93
  ring_20q      4511ep | trunc=0%  swp=34.0±32.6  fid=0.0000  rew=+36.62
  grid_5x4_20q  4489ep | trunc=0%  swp=12.7±12.4  fid=0.0000  rew=+36.87
step=416512  rew=+83.233  swp=71.8  map=1.6  trunc=0%  pl=-0.004  vl=0.774  ent=1.739  kl=0.0264  gn=1.056
  line_20q      4552ep | trunc=0%  swp=41.1±46.4  fid=0.0000  rew=+35.96
  ring_20q      4511ep | trunc=0%  swp=34.0±32.6  fid=0.0000  rew=+36.62
  grid_5x4_20q  4489ep | trunc=0%  swp=12.7±12.4  fid=0.0000  rew=+36.87
step=416768  rew=+88.675  swp=78.2  map=1.6  trunc=0%  pl=-0.006  vl=0.194  ent=1.280  kl=0.1025  gn=1.660
  line_20q      4553ep | trunc=0%  swp=41.1±46.5  fid=0.0000  rew=+35.97
  ring_20q      4512ep | trunc=0%  swp=34.0±32.6  fid=0.0000  rew=+36.62
  grid_5x4_20q  4490ep | trunc=0%  swp=12.7±12.4  fid=0.0000  rew=+36.89
step=417024  rew=+84.691  swp=78.0  map=1.2  trunc=0%  pl=-0.044  vl=0.169  ent=1.226  kl=0.2249  gn=1.699
  line_20q      4554ep | trunc=0%  swp=41.1±46.5  fid=0.0000  rew=+35.99
  ring_20q      4514ep | trunc=0%  swp=34.0±32.6  fid=0.0000  rew=+36.63
  grid_5x4_20q  4491ep | trunc=0%  swp=12.7±12.4  fid=0.0000  rew=+36.90
step=417280  rew=+80.167  swp=71.8  map=1.6  trunc=0%  pl=-0.051  vl=0.430  ent=1.545  kl=0.0902  gn=0.898
  line_20q      4554ep | trunc=0%  swp=41.1±46.5  fid=0.0000  rew=+35.99
  ring_20q      4517ep | trunc=0%  swp=34.0±32.6  fid=0.0000  rew=+36.65
  grid_5x4_20q  4491ep | trunc=0%  swp=12.7±12.4  fid=0.0000  rew=+36.90
step=417536  rew=+86.397  swp=76.8  map=1.6  trunc=0%  pl=-0.015  vl=0.286  ent=1.131  kl=0.0741  gn=1.706
  line_20q      4556ep | trunc=0%  swp=41.1±46.5  fid=0.0000  rew=+36.01
  ring_20q      4518ep | trunc=0%  swp=34.0±32.6  fid=0.0000  rew=+36.65
  grid_5x4_20q  4493ep | trunc=0%  swp=12.7±12.5  fid=0.0000  rew=+36.93
step=417792  rew=+82.418  swp=62.5  map=1.6  trunc=0%  pl=-0.022  vl=0.244  ent=1.386  kl=0.2064  gn=0.546
  line_20q      4557ep | trunc=0%  swp=41.2±46.5  fid=0.0000  rew=+36.03
  ring_20q      4519ep | trunc=0%  swp=34.0±32.6  fid=0.0000  rew=+36.67
  grid_5x4_20q  4496ep | trunc=0%  swp=12.7±12.5  fid=0.0000  rew=+36.95
step=418048  rew=+80.968  swp=61.5  map=1.4  trunc=0%  pl=0.014  vl=0.489  ent=1.622  kl=0.0161  gn=0.985
  line_20q      4557ep | trunc=0%  swp=41.2±46.5  fid=0.0000  rew=+36.03
  ring_20q      4522ep | trunc=0%  swp=34.0±32.6  fid=0.0000  rew=+36.70
  grid_5x4_20q  4496ep | trunc=0%  swp=12.7±12.5  fid=0.0000  rew=+36.95
step=418304  rew=+80.238  swp=52.6  map=1.1  trunc=0%  pl=0.034  vl=0.738  ent=0.551  kl=0.0744  gn=1.841
  line_20q      4560ep | trunc=0%  swp=41.2±46.5  fid=0.0000  rew=+36.05
  ring_20q      4523ep | trunc=0%  swp=34.0±32.6  fid=0.0000  rew=+36.71
  grid_5x4_20q  4499ep | trunc=0%  swp=12.7±12.5  fid=0.0000  rew=+36.97
step=418560  rew=+84.417  swp=55.5  map=1.5  trunc=0%  pl=-0.009  vl=0.210  ent=1.705  kl=0.0354  gn=1.771
  line_20q      4561ep | trunc=0%  swp=41.2±46.6  fid=0.0000  rew=+36.07
  ring_20q      4523ep | trunc=0%  swp=34.0±32.6  fid=0.0000  rew=+36.71
  grid_5x4_20q  4500ep | trunc=0%  swp=12.7±12.5  fid=0.0000  rew=+36.99
step=418816  rew=+86.286  swp=60.0  map=1.2  trunc=0%  pl=0.001  vl=0.441  ent=2.060  kl=0.0248  gn=1.082
  line_20q      4561ep | trunc=0%  swp=41.2±46.6  fid=0.0000  rew=+36.07
  ring_20q      4524ep | trunc=0%  swp=34.0±32.6  fid=0.0000  rew=+36.73
  grid_5x4_20q  4502ep | trunc=0%  swp=12.7±12.5  fid=0.0000  rew=+37.01
step=419072  rew=+86.154  swp=61.6  map=1.4  trunc=0%  pl=0.012  vl=0.273  ent=1.106  kl=0.2518  gn=1.321
  line_20q      4562ep | trunc=0%  swp=41.2±46.6  fid=0.0000  rew=+36.07
  ring_20q      4527ep | trunc=0%  swp=34.1±32.7  fid=0.0000  rew=+36.77
  grid_5x4_20q  4503ep | trunc=0%  swp=12.7±12.5  fid=0.0000  rew=+37.03
step=419328  rew=+83.204  swp=61.7  map=1.6  trunc=0%  pl=-0.011  vl=0.262  ent=1.261  kl=0.0905  gn=1.957
  line_20q      4564ep | trunc=0%  swp=41.2±46.6  fid=0.0000  rew=+36.08
  ring_20q      4528ep | trunc=0%  swp=34.1±32.7  fid=0.0000  rew=+36.77
  grid_5x4_20q  4503ep | trunc=0%  swp=12.7±12.5  fid=0.0000  rew=+37.03
step=419584  rew=+85.523  swp=63.2  map=1.8  trunc=0%  pl=-0.013  vl=0.267  ent=1.335  kl=0.1140  gn=0.641
  line_20q      4566ep | trunc=0%  swp=41.2±46.6  fid=0.0000  rew=+36.10
  ring_20q      4529ep | trunc=0%  swp=34.1±32.7  fid=0.0000  rew=+36.78
  grid_5x4_20q  4505ep | trunc=0%  swp=12.7±12.5  fid=0.0000  rew=+37.06
step=419840  rew=+88.509  swp=76.3  map=1.6  trunc=0%  pl=-0.001  vl=0.657  ent=1.748  kl=0.0493  gn=1.086
  line_20q      4567ep | trunc=0%  swp=41.2±46.6  fid=0.0000  rew=+36.12
  ring_20q      4530ep | trunc=0%  swp=34.1±32.7  fid=0.0000  rew=+36.79
  grid_5x4_20q  4505ep | trunc=0%  swp=12.7±12.5  fid=0.0000  rew=+37.06
step=420096  rew=+85.119  swp=72.0  map=1.4  trunc=0%  pl=-0.036  vl=0.303  ent=1.692  kl=0.0428  gn=0.856
  line_20q      4567ep | trunc=0%  swp=41.2±46.6  fid=0.0000  rew=+36.12
  ring_20q      4532ep | trunc=0%  swp=34.1±32.7  fid=0.0000  rew=+36.81
  grid_5x4_20q  4505ep | trunc=0%  swp=12.7±12.5  fid=0.0000  rew=+37.06
step=420352  rew=+82.763  swp=76.3  map=1.4  trunc=0%  pl=-0.008  vl=0.160  ent=1.734  kl=0.0434  gn=0.825
  line_20q      4568ep | trunc=0%  swp=41.3±46.6  fid=0.0000  rew=+36.13
  ring_20q      4533ep | trunc=0%  swp=34.2±32.8  fid=0.0000  rew=+36.83
  grid_5x4_20q  4506ep | trunc=0%  swp=12.7±12.5  fid=0.0000  rew=+37.06
step=420608  rew=+77.325  swp=75.2  map=1.4  trunc=0%  pl=-0.003  vl=0.119  ent=1.482  kl=0.0459  gn=0.916
  line_20q      4571ep | trunc=0%  swp=41.3±46.7  fid=0.0000  rew=+36.15
  ring_20q      4533ep | trunc=0%  swp=34.2±32.8  fid=0.0000  rew=+36.83
  grid_5x4_20q  4507ep | trunc=0%  swp=12.7±12.5  fid=0.0000  rew=+37.07
step=420864  rew=+83.261  swp=74.8  map=1.9  trunc=0%  pl=-0.011  vl=0.432  ent=1.312  kl=0.0763  gn=1.525
  line_20q      4571ep | trunc=0%  swp=41.3±46.7  fid=0.0000  rew=+36.15
  ring_20q      4534ep | trunc=0%  swp=34.2±32.8  fid=0.0000  rew=+36.84
  grid_5x4_20q  4510ep | trunc=0%  swp=12.7±12.5  fid=0.0000  rew=+37.10
step=421120  rew=+83.269  swp=72.9  map=1.9  trunc=0%  pl=-0.033  vl=0.183  ent=1.174  kl=0.0953  gn=1.060
  line_20q      4573ep | trunc=0%  swp=41.3±46.7  fid=0.0000  rew=+36.17
  ring_20q      4534ep | trunc=0%  swp=34.2±32.8  fid=0.0000  rew=+36.84
  grid_5x4_20q  4513ep | trunc=0%  swp=12.7±12.5  fid=0.0000  rew=+37.13
step=421376  rew=+86.009  swp=68.0  map=2.0  trunc=0%  pl=0.016  vl=0.224  ent=1.820  kl=0.0409  gn=1.807
  line_20q      4573ep | trunc=0%  swp=41.3±46.7  fid=0.0000  rew=+36.17
  ring_20q      4535ep | trunc=0%  swp=34.2±32.8  fid=0.0000  rew=+36.86
  grid_5x4_20q  4514ep | trunc=0%  swp=12.7±12.5  fid=0.0000  rew=+37.15
step=421632  rew=+85.015  swp=69.8  map=1.9  trunc=0%  pl=-0.021  vl=0.656  ent=1.540  kl=0.0459  gn=1.055
  line_20q      4575ep | trunc=0%  swp=41.3±46.8  fid=0.0000  rew=+36.19
  ring_20q      4536ep | trunc=0%  swp=34.2±32.9  fid=0.0000  rew=+36.88
  grid_5x4_20q  4514ep | trunc=0%  swp=12.7±12.5  fid=0.0000  rew=+37.15
step=421888  rew=+85.963  swp=62.8  map=2.1  trunc=0%  pl=-0.005  vl=0.173  ent=1.452  kl=0.1047  gn=1.351
  line_20q      4575ep | trunc=0%  swp=41.3±46.8  fid=0.0000  rew=+36.19
  ring_20q      4539ep | trunc=0%  swp=34.3±32.9  fid=0.0000  rew=+36.90
  grid_5x4_20q  4515ep | trunc=0%  swp=12.7±12.5  fid=0.0000  rew=+37.17
step=422144  rew=+89.439  swp=71.7  map=1.9  trunc=0%  pl=-0.006  vl=0.840  ent=2.183  kl=0.0230  gn=1.009
  line_20q      4575ep | trunc=0%  swp=41.3±46.8  fid=0.0000  rew=+36.19
  ring_20q      4540ep | trunc=0%  swp=34.3±33.0  fid=0.0000  rew=+36.93
  grid_5x4_20q  4515ep | trunc=0%  swp=12.7±12.5  fid=0.0000  rew=+37.17
step=422400  rew=+89.763  swp=76.5  map=1.6  trunc=0%  pl=-0.021  vl=0.168  ent=1.754  kl=0.0443  gn=0.978
  line_20q      4575ep | trunc=0%  swp=41.3±46.8  fid=0.0000  rew=+36.19
  ring_20q      4542ep | trunc=0%  swp=34.3±33.1  fid=0.0000  rew=+36.96
  grid_5x4_20q  4517ep | trunc=0%  swp=12.7±12.5  fid=0.0000  rew=+37.17
step=422656  rew=+87.451  swp=80.3  map=1.6  trunc=0%  pl=0.000  vl=0.372  ent=1.121  kl=0.0220  gn=1.267
  line_20q      4575ep | trunc=0%  swp=41.3±46.8  fid=0.0000  rew=+36.19
  ring_20q      4545ep | trunc=0%  swp=34.4±33.1  fid=0.0000  rew=+36.98
  grid_5x4_20q  4519ep | trunc=0%  swp=12.7±12.5  fid=0.0000  rew=+37.18
step=422912  rew=+83.146  swp=76.2  map=1.9  trunc=0%  pl=0.004  vl=0.660  ent=1.192  kl=0.1173  gn=1.000
  line_20q      4577ep | trunc=0%  swp=41.4±46.8  fid=0.0000  rew=+36.21
  ring_20q      4546ep | trunc=0%  swp=34.4±33.1  fid=0.0000  rew=+36.99
  grid_5x4_20q  4519ep | trunc=0%  swp=12.7±12.5  fid=0.0000  rew=+37.18
step=423168  rew=+81.358  swp=65.4  map=2.1  trunc=0%  pl=-0.010  vl=0.147  ent=1.602  kl=0.0389  gn=1.301
  line_20q      4577ep | trunc=0%  swp=41.4±46.8  fid=0.0000  rew=+36.21
  ring_20q      4548ep | trunc=0%  swp=34.4±33.2  fid=0.0000  rew=+37.02
  grid_5x4_20q  4521ep | trunc=0%  swp=12.7±12.5  fid=0.0000  rew=+37.20
step=423424  rew=+78.811  swp=57.9  map=1.9  trunc=0%  pl=0.017  vl=0.137  ent=1.471  kl=0.0263  gn=2.266
  line_20q      4578ep | trunc=0%  swp=41.4±46.8  fid=0.0000  rew=+36.21
  ring_20q      4549ep | trunc=0%  swp=34.4±33.2  fid=0.0000  rew=+37.03
  grid_5x4_20q  4523ep | trunc=0%  swp=12.7±12.5  fid=0.0000  rew=+37.23
step=423680  rew=+79.807  swp=49.4  map=2.0  trunc=0%  pl=-0.014  vl=0.435  ent=1.199  kl=0.0573  gn=0.853
  line_20q      4580ep | trunc=0%  swp=41.4±46.8  fid=0.0000  rew=+36.23
  ring_20q      4552ep | trunc=0%  swp=34.4±33.2  fid=0.0000  rew=+37.06
  grid_5x4_20q  4524ep | trunc=0%  swp=12.7±12.5  fid=0.0000  rew=+37.24
step=423936  rew=+81.233  swp=55.4  map=1.9  trunc=0%  pl=-0.025  vl=0.464  ent=1.581  kl=0.1077  gn=0.953
  line_20q      4581ep | trunc=0%  swp=41.4±46.8  fid=0.0000  rew=+36.23
  ring_20q      4554ep | trunc=0%  swp=34.4±33.3  fid=0.0000  rew=+37.09
  grid_5x4_20q  4524ep | trunc=0%  swp=12.7±12.5  fid=0.0000  rew=+37.24
step=424192  rew=+83.628  swp=55.4  map=1.9  trunc=0%  pl=0.004  vl=0.184  ent=1.359  kl=0.0721  gn=1.494
  line_20q      4583ep | trunc=0%  swp=41.4±46.8  fid=0.0000  rew=+36.25
  ring_20q      4555ep | trunc=0%  swp=34.5±33.3  fid=0.0000  rew=+37.09
  grid_5x4_20q  4526ep | trunc=0%  swp=12.7±12.5  fid=0.0000  rew=+37.26
step=424448  rew=+83.172  swp=59.3  map=1.8  trunc=0%  pl=-0.009  vl=0.851  ent=1.881  kl=0.0304  gn=0.821
  line_20q      4583ep | trunc=0%  swp=41.4±46.8  fid=0.0000  rew=+36.25
  ring_20q      4556ep | trunc=0%  swp=34.5±33.3  fid=0.0000  rew=+37.10
  grid_5x4_20q  4526ep | trunc=0%  swp=12.7±12.5  fid=0.0000  rew=+37.26
step=424704  rew=+83.472  swp=65.4  map=1.8  trunc=0%  pl=0.001  vl=0.689  ent=1.825  kl=0.0288  gn=0.941
  line_20q      4584ep | trunc=0%  swp=41.4±46.9  fid=0.0000  rew=+36.27
  ring_20q      4556ep | trunc=0%  swp=34.5±33.3  fid=0.0000  rew=+37.10
  grid_5x4_20q  4526ep | trunc=0%  swp=12.7±12.5  fid=0.0000  rew=+37.26
step=424960  rew=+89.263  swp=81.2  map=1.6  trunc=0%  pl=-0.003  vl=0.918  ent=1.130  kl=0.0224  gn=1.037
  line_20q      4585ep | trunc=0%  swp=41.4±46.9  fid=0.0000  rew=+36.28
  ring_20q      4559ep | trunc=0%  swp=34.5±33.4  fid=0.0000  rew=+37.15
  grid_5x4_20q  4526ep | trunc=0%  swp=12.7±12.5  fid=0.0000  rew=+37.26
step=425216  rew=+95.624  swp=80.1  map=1.8  trunc=0%  pl=-0.008  vl=0.160  ent=1.525  kl=0.0504  gn=1.193
  line_20q      4585ep | trunc=0%  swp=41.4±46.9  fid=0.0000  rew=+36.28
  ring_20q      4560ep | trunc=0%  swp=34.5±33.4  fid=0.0000  rew=+37.17
  grid_5x4_20q  4528ep | trunc=0%  swp=12.8±12.6  fid=0.0000  rew=+37.31
step=425472  rew=+97.216  swp=89.5  map=1.4  trunc=0%  pl=0.007  vl=0.566  ent=1.739  kl=0.0224  gn=1.227
  line_20q      4587ep | trunc=0%  swp=41.5±47.0  fid=0.0000  rew=+36.30
  ring_20q      4560ep | trunc=0%  swp=34.5±33.4  fid=0.0000  rew=+37.17
  grid_5x4_20q  4528ep | trunc=0%  swp=12.8±12.6  fid=0.0000  rew=+37.31
step=425728  rew=+97.372  swp=91.7  map=1.6  trunc=0%  pl=0.011  vl=0.691  ent=1.108  kl=0.0619  gn=1.753
  line_20q      4587ep | trunc=0%  swp=41.5±47.0  fid=0.0000  rew=+36.30
  ring_20q      4562ep | trunc=0%  swp=34.6±33.4  fid=0.0000  rew=+37.19
  grid_5x4_20q  4529ep | trunc=0%  swp=12.8±12.6  fid=0.0000  rew=+37.33
step=425984  rew=+102.700  swp=98.0  map=1.1  trunc=0%  pl=-0.047  vl=0.589  ent=1.467  kl=0.1277  gn=1.496
  line_20q      4589ep | trunc=0%  swp=41.5±47.1  fid=0.0000  rew=+36.32
  ring_20q      4563ep | trunc=0%  swp=34.6±33.4  fid=0.0000  rew=+37.20
  grid_5x4_20q  4529ep | trunc=0%  swp=12.8±12.6  fid=0.0000  rew=+37.33
step=426240  rew=+93.326  swp=70.6  map=2.0  trunc=0%  pl=0.031  vl=0.745  ent=0.523  kl=0.2150  gn=1.762
  line_20q      4592ep | trunc=0%  swp=41.5±47.1  fid=0.0000  rew=+36.35
  ring_20q      4564ep | trunc=0%  swp=34.6±33.4  fid=0.0000  rew=+37.21
  grid_5x4_20q  4531ep | trunc=0%  swp=12.8±12.6  fid=0.0000  rew=+37.36
step=426496  rew=+79.161  swp=49.3  map=1.9  trunc=0%  pl=0.003  vl=0.365  ent=0.740  kl=0.0368  gn=1.363
  line_20q      4594ep | trunc=0%  swp=41.5±47.1  fid=0.0000  rew=+36.36
  ring_20q      4567ep | trunc=0%  swp=34.6±33.4  fid=0.0000  rew=+37.23
  grid_5x4_20q  4533ep | trunc=0%  swp=12.8±12.6  fid=0.0000  rew=+37.37
step=426752  rew=+83.515  swp=53.8  map=2.0  trunc=0%  pl=0.000  vl=0.473  ent=1.704  kl=0.0377  gn=1.302
  line_20q      4595ep | trunc=0%  swp=41.5±47.1  fid=0.0000  rew=+36.37
  ring_20q      4568ep | trunc=0%  swp=34.6±33.5  fid=0.0000  rew=+37.25
  grid_5x4_20q  4534ep | trunc=0%  swp=12.8±12.6  fid=0.0000  rew=+37.40
step=427008  rew=+85.647  swp=47.3  map=2.2  trunc=0%  pl=-0.021  vl=0.152  ent=1.260  kl=0.0772  gn=1.094
  line_20q      4597ep | trunc=0%  swp=41.5±47.1  fid=0.0000  rew=+36.39
  ring_20q      4568ep | trunc=0%  swp=34.6±33.5  fid=0.0000  rew=+37.25
  grid_5x4_20q  4535ep | trunc=0%  swp=12.8±12.6  fid=0.0000  rew=+37.42
step=427264  rew=+88.275  swp=55.2  map=2.2  trunc=0%  pl=0.046  vl=0.798  ent=1.817  kl=0.0848  gn=1.419
  line_20q      4597ep | trunc=0%  swp=41.5±47.1  fid=0.0000  rew=+36.39
  ring_20q      4569ep | trunc=0%  swp=34.6±33.6  fid=0.0000  rew=+37.27
  grid_5x4_20q  4535ep | trunc=0%  swp=12.8±12.6  fid=0.0000  rew=+37.42
step=427520  rew=+92.910  swp=61.4  map=2.5  trunc=0%  pl=-0.007  vl=0.215  ent=1.305  kl=0.1845  gn=1.352
  line_20q      4599ep | trunc=0%  swp=41.5±47.1  fid=0.0000  rew=+36.41
  ring_20q      4569ep | trunc=0%  swp=34.6±33.6  fid=0.0000  rew=+37.27
  grid_5x4_20q  4536ep | trunc=0%  swp=12.8±12.6  fid=0.0000  rew=+37.44
step=427776  rew=+92.680  swp=74.2  map=1.8  trunc=0%  pl=0.037  vl=0.450  ent=1.742  kl=0.1261  gn=0.946
  line_20q      4601ep | trunc=0%  swp=41.6±47.1  fid=0.0000  rew=+36.43
  ring_20q      4570ep | trunc=0%  swp=34.7±33.6  fid=0.0000  rew=+37.29
  grid_5x4_20q  4536ep | trunc=0%  swp=12.8±12.6  fid=0.0000  rew=+37.44
step=428032  rew=+93.848  swp=75.2  map=2.2  trunc=0%  pl=0.003  vl=0.452  ent=1.089  kl=0.0325  gn=1.279
  line_20q      4602ep | trunc=0%  swp=41.6±47.1  fid=0.0000  rew=+36.44
  ring_20q      4573ep | trunc=0%  swp=34.7±33.6  fid=0.0000  rew=+37.31
  grid_5x4_20q  4536ep | trunc=0%  swp=12.8±12.6  fid=0.0000  rew=+37.44
step=428288  rew=+97.081  swp=82.5  map=2.5  trunc=0%  pl=-0.004  vl=0.193  ent=1.570  kl=0.0648  gn=1.149
  line_20q      4602ep | trunc=0%  swp=41.6±47.1  fid=0.0000  rew=+36.44
  ring_20q      4574ep | trunc=0%  swp=34.7±33.6  fid=0.0000  rew=+37.34
  grid_5x4_20q  4538ep | trunc=0%  swp=12.8±12.6  fid=0.0000  rew=+37.45
step=428544  rew=+97.108  swp=87.6  map=2.2  trunc=0%  pl=-0.017  vl=0.417  ent=1.587  kl=0.0827  gn=1.335
  line_20q      4604ep | trunc=0%  swp=41.6±47.2  fid=0.0000  rew=+36.48
  ring_20q      4575ep | trunc=0%  swp=34.7±33.7  fid=0.0000  rew=+37.35
  grid_5x4_20q  4538ep | trunc=0%  swp=12.8±12.6  fid=0.0000  rew=+37.45
step=428800  rew=+99.711  swp=89.5  map=2.2  trunc=0%  pl=-0.020  vl=0.166  ent=1.569  kl=0.0514  gn=1.115
  line_20q      4605ep | trunc=0%  swp=41.6±47.2  fid=0.0000  rew=+36.49
  ring_20q      4575ep | trunc=0%  swp=34.7±33.7  fid=0.0000  rew=+37.35
  grid_5x4_20q  4539ep | trunc=0%  swp=12.8±12.6  fid=0.0000  rew=+37.47
step=429056  rew=+88.940  swp=79.7  map=2.0  trunc=0%  pl=0.026  vl=0.324  ent=1.205  kl=0.2018  gn=1.343
  line_20q      4608ep | trunc=0%  swp=41.7±47.2  fid=0.0000  rew=+36.52
  ring_20q      4576ep | trunc=0%  swp=34.7±33.7  fid=0.0000  rew=+37.36
  grid_5x4_20q  4540ep | trunc=0%  swp=12.8±12.6  fid=0.0000  rew=+37.47
step=429312  rew=+89.148  swp=68.3  map=2.3  trunc=0%  pl=0.025  vl=0.589  ent=0.686  kl=0.1527  gn=1.665
  line_20q      4610ep | trunc=0%  swp=41.7±47.2  fid=0.0000  rew=+36.53
  ring_20q      4577ep | trunc=0%  swp=34.7±33.6  fid=0.0000  rew=+37.36
  grid_5x4_20q  4542ep | trunc=0%  swp=12.8±12.6  fid=0.0000  rew=+37.50
step=429568  rew=+90.946  swp=75.5  map=2.2  trunc=0%  pl=0.035  vl=1.319  ent=1.979  kl=0.0696  gn=1.316
  line_20q      4611ep | trunc=0%  swp=41.7±47.3  fid=0.0000  rew=+36.54
  ring_20q      4577ep | trunc=0%  swp=34.7±33.6  fid=0.0000  rew=+37.36
  grid_5x4_20q  4542ep | trunc=0%  swp=12.8±12.6  fid=0.0000  rew=+37.50
step=429824  rew=+92.164  swp=85.2  map=2.1  trunc=0%  pl=0.022  vl=0.553  ent=1.673  kl=0.1044  gn=1.195
  line_20q      4612ep | trunc=0%  swp=41.7±47.4  fid=0.0000  rew=+36.56
  ring_20q      4577ep | trunc=0%  swp=34.7±33.6  fid=0.0000  rew=+37.36
  grid_5x4_20q  4542ep | trunc=0%  swp=12.8±12.6  fid=0.0000  rew=+37.50
step=430080  rew=+90.328  swp=86.9  map=2.1  trunc=0%  pl=0.079  vl=0.772  ent=1.788  kl=0.1864  gn=1.326
  line_20q      4613ep | trunc=0%  swp=41.8±47.4  fid=0.0000  rew=+36.58
  ring_20q      4577ep | trunc=0%  swp=34.7±33.6  fid=0.0000  rew=+37.36
  grid_5x4_20q  4542ep | trunc=0%  swp=12.8±12.6  fid=0.0000  rew=+37.50
step=430336  rew=+88.759  swp=94.8  map=1.5  trunc=0%  pl=0.019  vl=0.295  ent=1.101  kl=0.2665  gn=1.374
  line_20q      4615ep | trunc=0%  swp=41.8±47.5  fid=0.0000  rew=+36.60
  ring_20q      4578ep | trunc=0%  swp=34.7±33.7  fid=0.0000  rew=+37.37
  grid_5x4_20q  4542ep | trunc=0%  swp=12.8±12.6  fid=0.0000  rew=+37.50
step=430592  rew=+81.671  swp=72.9  map=2.4  trunc=0%  pl=-0.015  vl=0.128  ent=1.182  kl=0.1673  gn=1.161
  line_20q      4616ep | trunc=0%  swp=41.8±47.5  fid=0.0000  rew=+36.60
  ring_20q      4578ep | trunc=0%  swp=34.7±33.7  fid=0.0000  rew=+37.37
  grid_5x4_20q  4546ep | trunc=0%  swp=12.9±12.7  fid=0.0000  rew=+37.55
step=430848  rew=+85.067  swp=78.2  map=2.4  trunc=0%  pl=-0.004  vl=0.946  ent=2.073  kl=0.0209  gn=0.920
  line_20q      4617ep | trunc=0%  swp=41.8±47.5  fid=0.0000  rew=+36.62
  ring_20q      4578ep | trunc=0%  swp=34.7±33.7  fid=0.0000  rew=+37.37
  grid_5x4_20q  4546ep | trunc=0%  swp=12.9±12.7  fid=0.0000  rew=+37.55
step=431104  rew=+89.561  swp=95.5  map=2.2  trunc=0%  pl=-0.007  vl=0.739  ent=1.480  kl=0.0358  gn=1.266
  line_20q      4618ep | trunc=0%  swp=41.9±47.7  fid=0.0000  rew=+36.65
  ring_20q      4579ep | trunc=0%  swp=34.7±33.7  fid=0.0000  rew=+37.37
  grid_5x4_20q  4546ep | trunc=0%  swp=12.9±12.7  fid=0.0000  rew=+37.55
step=431360  rew=+89.397  swp=102.7  map=1.8  trunc=0%  pl=-0.027  vl=0.415  ent=1.367  kl=0.2131  gn=2.870
  line_20q      4619ep | trunc=0%  swp=41.9±47.7  fid=0.0000  rew=+36.66
  ring_20q      4581ep | trunc=0%  swp=34.8±33.7  fid=0.0000  rew=+37.40
  grid_5x4_20q  4546ep | trunc=0%  swp=12.9±12.7  fid=0.0000  rew=+37.55
step=431616  rew=+92.707  swp=111.9  map=1.6  trunc=0%  pl=-0.009  vl=0.638  ent=1.910  kl=0.0538  gn=0.910
  line_20q      4620ep | trunc=0%  swp=41.9±47.7  fid=0.0000  rew=+36.66
  ring_20q      4582ep | trunc=0%  swp=34.8±33.7  fid=0.0000  rew=+37.42
  grid_5x4_20q  4546ep | trunc=0%  swp=12.9±12.7  fid=0.0000  rew=+37.55
step=431872  rew=+90.263  swp=93.0  map=1.8  trunc=0%  pl=-0.007  vl=0.649  ent=1.338  kl=0.0984  gn=1.321
  line_20q      4622ep | trunc=0%  swp=42.0±47.8  fid=0.0000  rew=+36.70
  ring_20q      4582ep | trunc=0%  swp=34.8±33.7  fid=0.0000  rew=+37.42
  grid_5x4_20q  4548ep | trunc=0%  swp=12.9±12.7  fid=0.0000  rew=+37.56
step=432128  rew=+87.798  swp=81.7  map=2.0  trunc=0%  pl=0.032  vl=0.720  ent=0.512  kl=0.0638  gn=1.316
  line_20q      4626ep | trunc=0%  swp=41.9±47.8  fid=0.0000  rew=+36.72
  ring_20q      4582ep | trunc=0%  swp=34.8±33.7  fid=0.0000  rew=+37.42
  grid_5x4_20q  4550ep | trunc=0%  swp=12.9±12.7  fid=0.0000  rew=+37.60
step=432384  rew=+81.768  swp=65.3  map=2.1  trunc=0%  pl=0.001  vl=0.209  ent=1.139  kl=0.0775  gn=1.869
  line_20q      4627ep | trunc=0%  swp=41.9±47.8  fid=0.0000  rew=+36.72
  ring_20q      4584ep | trunc=0%  swp=34.8±33.8  fid=0.0000  rew=+37.43
  grid_5x4_20q  4552ep | trunc=0%  swp=12.9±12.7  fid=0.0000  rew=+37.61
step=432640  rew=+78.675  swp=59.6  map=2.1  trunc=0%  pl=-0.037  vl=0.416  ent=1.603  kl=0.1874  gn=0.839
  line_20q      4628ep | trunc=0%  swp=42.0±47.8  fid=0.0000  rew=+36.73
  ring_20q      4584ep | trunc=0%  swp=34.8±33.8  fid=0.0000  rew=+37.43
  grid_5x4_20q  4554ep | trunc=0%  swp=12.9±12.7  fid=0.0000  rew=+37.63
step=432896  rew=+74.986  swp=50.0  map=2.2  trunc=0%  pl=-0.042  vl=0.144  ent=1.259  kl=0.1229  gn=0.766
  line_20q      4629ep | trunc=0%  swp=42.0±47.8  fid=0.0000  rew=+36.74
  ring_20q      4586ep | trunc=0%  swp=34.8±33.8  fid=0.0000  rew=+37.46
  grid_5x4_20q  4556ep | trunc=0%  swp=12.9±12.7  fid=0.0000  rew=+37.63
step=433152  rew=+70.707  swp=48.3  map=1.9  trunc=0%  pl=0.010  vl=0.468  ent=1.412  kl=0.0345  gn=0.910
  line_20q      4630ep | trunc=0%  swp=42.0±47.8  fid=0.0000  rew=+36.75
  ring_20q      4587ep | trunc=0%  swp=34.8±33.8  fid=0.0000  rew=+37.47
  grid_5x4_20q  4557ep | trunc=0%  swp=12.9±12.7  fid=0.0000  rew=+37.64
step=433408  rew=+76.459  swp=57.5  map=1.8  trunc=0%  pl=-0.023  vl=0.068  ent=1.803  kl=0.0339  gn=1.155
  line_20q      4631ep | trunc=0%  swp=42.0±47.8  fid=0.0000  rew=+36.77
  ring_20q      4587ep | trunc=0%  swp=34.8±33.8  fid=0.0000  rew=+37.47
  grid_5x4_20q  4558ep | trunc=0%  swp=12.9±12.7  fid=0.0000  rew=+37.67
step=433664  rew=+78.364  swp=63.1  map=1.6  trunc=0%  pl=-0.017  vl=0.219  ent=1.377  kl=0.0702  gn=1.025
  line_20q      4632ep | trunc=0%  swp=42.1±47.9  fid=0.0000  rew=+36.78
  ring_20q      4589ep | trunc=0%  swp=34.8±33.8  fid=0.0000  rew=+37.48
  grid_5x4_20q  4559ep | trunc=0%  swp=12.9±12.7  fid=0.0000  rew=+37.67
step=433920  rew=+81.434  swp=76.5  map=1.5  trunc=0%  pl=0.012  vl=0.534  ent=1.616  kl=0.0318  gn=1.225
  line_20q      4633ep | trunc=0%  swp=42.1±47.9  fid=0.0000  rew=+36.79
  ring_20q      4590ep | trunc=0%  swp=34.9±33.8  fid=0.0000  rew=+37.49
  grid_5x4_20q  4559ep | trunc=0%  swp=12.9±12.7  fid=0.0000  rew=+37.67
step=434176  rew=+81.624  swp=80.2  map=1.9  trunc=0%  pl=-0.043  vl=0.161  ent=1.490  kl=0.2682  gn=1.063
  line_20q      4634ep | trunc=0%  swp=42.1±48.0  fid=0.0000  rew=+36.81
  ring_20q      4591ep | trunc=0%  swp=34.9±33.8  fid=0.0000  rew=+37.50
  grid_5x4_20q  4560ep | trunc=0%  swp=12.9±12.7  fid=0.0000  rew=+37.67
step=434432  rew=+85.684  swp=78.0  map=2.1  trunc=0%  pl=0.028  vl=0.280  ent=1.353  kl=0.0455  gn=1.566
  line_20q      4634ep | trunc=0%  swp=42.1±48.0  fid=0.0000  rew=+36.81
  ring_20q      4591ep | trunc=0%  swp=34.9±33.8  fid=0.0000  rew=+37.50
  grid_5x4_20q  4562ep | trunc=0%  swp=12.9±12.7  fid=0.0000  rew=+37.71
step=434688  rew=+88.400  swp=79.8  map=2.4  trunc=0%  pl=-0.010  vl=0.408  ent=0.748  kl=0.0943  gn=1.112
  line_20q      4637ep | trunc=0%  swp=42.2±48.0  fid=0.0000  rew=+36.83
  ring_20q      4592ep | trunc=0%  swp=34.9±33.8  fid=0.0000  rew=+37.50
  grid_5x4_20q  4565ep | trunc=0%  swp=12.9±12.7  fid=0.0000  rew=+37.75
step=434944  rew=+85.540  swp=79.0  map=2.1  trunc=0%  pl=0.049  vl=0.960  ent=1.814  kl=0.0943  gn=1.354
  line_20q      4638ep | trunc=0%  swp=42.2±48.0  fid=0.0000  rew=+36.84
  ring_20q      4593ep | trunc=0%  swp=34.9±33.9  fid=0.0000  rew=+37.52
  grid_5x4_20q  4565ep | trunc=0%  swp=12.9±12.7  fid=0.0000  rew=+37.75
step=435200  rew=+87.688  swp=80.9  map=2.4  trunc=0%  pl=-0.014  vl=0.794  ent=1.791  kl=0.0211  gn=1.406
  line_20q      4638ep | trunc=0%  swp=42.2±48.0  fid=0.0000  rew=+36.84
  ring_20q      4595ep | trunc=0%  swp=34.9±33.9  fid=0.0000  rew=+37.55
  grid_5x4_20q  4565ep | trunc=0%  swp=12.9±12.7  fid=0.0000  rew=+37.75
step=435456  rew=+89.451  swp=68.7  map=2.6  trunc=0%  pl=-0.001  vl=0.170  ent=1.270  kl=0.2670  gn=0.841
  line_20q      4639ep | trunc=0%  swp=42.2±48.0  fid=0.0000  rew=+36.85
  ring_20q      4596ep | trunc=0%  swp=34.9±33.9  fid=0.0000  rew=+37.56
  grid_5x4_20q  4567ep | trunc=0%  swp=12.9±12.7  fid=0.0000  rew=+37.77
step=435712  rew=+90.179  swp=66.7  map=2.4  trunc=0%  pl=0.002  vl=0.409  ent=1.628  kl=0.2270  gn=0.783
  line_20q      4640ep | trunc=0%  swp=42.2±48.0  fid=0.0000  rew=+36.86
  ring_20q      4597ep | trunc=0%  swp=35.0±34.0  fid=0.0000  rew=+37.58
  grid_5x4_20q  4567ep | trunc=0%  swp=12.9±12.7  fid=0.0000  rew=+37.77
step=435968  rew=+92.822  swp=78.5  map=2.3  trunc=0%  pl=0.047  vl=0.480  ent=1.744  kl=0.1672  gn=1.181
  line_20q      4642ep | trunc=0%  swp=42.2±48.1  fid=0.0000  rew=+36.89
  ring_20q      4597ep | trunc=0%  swp=35.0±34.0  fid=0.0000  rew=+37.58
  grid_5x4_20q  4567ep | trunc=0%  swp=12.9±12.7  fid=0.0000  rew=+37.77
step=436224  rew=+90.408  swp=78.6  map=2.5  trunc=0%  pl=-0.006  vl=0.336  ent=1.565  kl=0.0919  gn=1.223
  line_20q      4643ep | trunc=0%  swp=42.2±48.1  fid=0.0000  rew=+36.90
  ring_20q      4597ep | trunc=0%  swp=35.0±34.0  fid=0.0000  rew=+37.58
  grid_5x4_20q  4568ep | trunc=0%  swp=12.9±12.7  fid=0.0000  rew=+37.78
step=436480  rew=+91.641  swp=89.0  map=2.6  trunc=0%  pl=-0.035  vl=0.280  ent=1.106  kl=0.0446  gn=1.469
  line_20q      4645ep | trunc=0%  swp=42.3±48.2  fid=0.0000  rew=+36.92
  ring_20q      4598ep | trunc=0%  swp=35.0±34.0  fid=0.0000  rew=+37.59
  grid_5x4_20q  4568ep | trunc=0%  swp=12.9±12.7  fid=0.0000  rew=+37.78
step=436736  rew=+99.496  swp=99.1  map=2.1  trunc=0%  pl=-0.039  vl=0.568  ent=1.377  kl=0.0546  gn=1.004
  line_20q      4647ep | trunc=0%  swp=42.3±48.2  fid=0.0000  rew=+36.95
  ring_20q      4598ep | trunc=0%  swp=35.0±34.0  fid=0.0000  rew=+37.59
  grid_5x4_20q  4569ep | trunc=0%  swp=12.9±12.7  fid=0.0000  rew=+37.81
step=436992  rew=+96.283  swp=94.9  map=2.1  trunc=0%  pl=0.030  vl=0.454  ent=1.736  kl=0.1826  gn=1.075
  line_20q      4648ep | trunc=0%  swp=42.3±48.2  fid=0.0000  rew=+36.95
  ring_20q      4599ep | trunc=0%  swp=35.0±34.0  fid=0.0000  rew=+37.60
  grid_5x4_20q  4569ep | trunc=0%  swp=12.9±12.7  fid=0.0000  rew=+37.81
step=437248  rew=+91.597  swp=93.2  map=2.0  trunc=0%  pl=-0.018  vl=0.341  ent=1.050  kl=0.0852  gn=1.028
  line_20q      4651ep | trunc=0%  swp=42.3±48.3  fid=0.0000  rew=+36.99
  ring_20q      4600ep | trunc=0%  swp=35.0±34.0  fid=0.0000  rew=+37.60
  grid_5x4_20q  4569ep | trunc=0%  swp=12.9±12.7  fid=0.0000  rew=+37.81
step=437504  rew=+80.210  swp=77.0  map=1.6  trunc=0%  pl=-0.001  vl=0.197  ent=1.495  kl=0.0180  gn=0.775
  line_20q      4653ep | trunc=0%  swp=42.4±48.3  fid=0.0000  rew=+37.00
  ring_20q      4601ep | trunc=0%  swp=35.0±34.0  fid=0.0000  rew=+37.60
  grid_5x4_20q  4572ep | trunc=0%  swp=12.9±12.7  fid=0.0000  rew=+37.82
step=437760  rew=+83.297  swp=79.0  map=1.6  trunc=0%  pl=-0.015  vl=0.494  ent=1.910  kl=0.0229  gn=0.908
  line_20q      4654ep | trunc=0%  swp=42.4±48.4  fid=0.0000  rew=+37.03
  ring_20q      4601ep | trunc=0%  swp=35.0±34.0  fid=0.0000  rew=+37.60
  grid_5x4_20q  4572ep | trunc=0%  swp=12.9±12.7  fid=0.0000  rew=+37.82
step=438016  rew=+75.799  swp=68.5  map=1.6  trunc=0%  pl=-0.029  vl=0.457  ent=1.242  kl=0.0541  gn=1.393
  line_20q      4656ep | trunc=0%  swp=42.4±48.4  fid=0.0000  rew=+37.04
  ring_20q      4601ep | trunc=0%  swp=35.0±34.0  fid=0.0000  rew=+37.60
  grid_5x4_20q  4575ep | trunc=0%  swp=12.9±12.7  fid=0.0000  rew=+37.84
step=438272  rew=+72.481  swp=64.2  map=1.7  trunc=0%  pl=-0.005  vl=0.490  ent=1.604  kl=0.0958  gn=1.477
  line_20q      4657ep | trunc=0%  swp=42.4±48.4  fid=0.0000  rew=+37.04
  ring_20q      4603ep | trunc=0%  swp=35.0±34.1  fid=0.0000  rew=+37.63
  grid_5x4_20q  4575ep | trunc=0%  swp=12.9±12.7  fid=0.0000  rew=+37.84
step=438528  rew=+77.473  swp=61.9  map=1.6  trunc=0%  pl=0.002  vl=0.374  ent=1.451  kl=0.1642  gn=1.114
  line_20q      4657ep | trunc=0%  swp=42.4±48.4  fid=0.0000  rew=+37.04
  ring_20q      4606ep | trunc=0%  swp=35.1±34.1  fid=0.0000  rew=+37.67
  grid_5x4_20q  4576ep | trunc=0%  swp=12.9±12.7  fid=0.0000  rew=+37.85
step=438784  rew=+85.141  swp=68.9  map=2.3  trunc=0%  pl=-0.030  vl=0.351  ent=1.163  kl=0.2077  gn=1.445
  line_20q      4660ep | trunc=0%  swp=42.4±48.4  fid=0.0000  rew=+37.07
  ring_20q      4606ep | trunc=0%  swp=35.1±34.1  fid=0.0000  rew=+37.67
  grid_5x4_20q  4578ep | trunc=0%  swp=12.9±12.8  fid=0.0000  rew=+37.88
step=439040  rew=+87.666  swp=74.7  map=2.2  trunc=0%  pl=-0.004  vl=0.821  ent=1.812  kl=0.1367  gn=1.146
  line_20q      4661ep | trunc=0%  swp=42.4±48.4  fid=0.0000  rew=+37.09
  ring_20q      4607ep | trunc=0%  swp=35.1±34.1  fid=0.0000  rew=+37.67
  grid_5x4_20q  4578ep | trunc=0%  swp=12.9±12.8  fid=0.0000  rew=+37.88
step=439296  rew=+86.979  swp=70.4  map=2.2  trunc=0%  pl=-0.017  vl=0.331  ent=1.502  kl=0.0483  gn=0.918
  line_20q      4661ep | trunc=0%  swp=42.4±48.4  fid=0.0000  rew=+37.09
  ring_20q      4608ep | trunc=0%  swp=35.1±34.2  fid=0.0000  rew=+37.69
  grid_5x4_20q  4579ep | trunc=0%  swp=12.9±12.8  fid=0.0000  rew=+37.89
step=439552  rew=+86.201  swp=76.1  map=1.6  trunc=0%  pl=-0.012  vl=0.239  ent=1.571  kl=0.0603  gn=0.713
  line_20q      4663ep | trunc=0%  swp=42.4±48.4  fid=0.0000  rew=+37.10
  ring_20q      4609ep | trunc=0%  swp=35.1±34.2  fid=0.0000  rew=+37.71
  grid_5x4_20q  4580ep | trunc=0%  swp=12.9±12.8  fid=0.0000  rew=+37.90
step=439808  rew=+86.104  swp=76.7  map=1.6  trunc=0%  pl=-0.004  vl=0.313  ent=1.869  kl=0.0323  gn=1.375
  line_20q      4664ep | trunc=0%  swp=42.4±48.4  fid=0.0000  rew=+37.10
  ring_20q      4610ep | trunc=0%  swp=35.2±34.3  fid=0.0000  rew=+37.72
  grid_5x4_20q  4580ep | trunc=0%  swp=12.9±12.8  fid=0.0000  rew=+37.90
step=440064  rew=+86.209  swp=85.5  map=1.7  trunc=0%  pl=0.004  vl=0.264  ent=1.621  kl=0.0346  gn=0.844
  line_20q      4665ep | trunc=0%  swp=42.5±48.6  fid=0.0000  rew=+37.12
  ring_20q      4610ep | trunc=0%  swp=35.2±34.3  fid=0.0000  rew=+37.72
  grid_5x4_20q  4581ep | trunc=0%  swp=12.9±12.8  fid=0.0000  rew=+37.90
step=440320  rew=+84.940  swp=84.7  map=1.6  trunc=0%  pl=0.005  vl=0.461  ent=1.264  kl=0.0573  gn=1.406
  line_20q      4666ep | trunc=0%  swp=42.5±48.6  fid=0.0000  rew=+37.13
  ring_20q      4612ep | trunc=0%  swp=35.2±34.3  fid=0.0000  rew=+37.74
  grid_5x4_20q  4582ep | trunc=0%  swp=12.9±12.8  fid=0.0000  rew=+37.90
step=440576  rew=+79.787  swp=74.5  map=1.4  trunc=0%  pl=0.000  vl=0.446  ent=1.075  kl=0.0375  gn=1.709
  line_20q      4667ep | trunc=0%  swp=42.5±48.6  fid=0.0000  rew=+37.14
  ring_20q      4614ep | trunc=0%  swp=35.2±34.3  fid=0.0000  rew=+37.76
  grid_5x4_20q  4585ep | trunc=0%  swp=12.9±12.8  fid=0.0000  rew=+37.92
step=440832  rew=+81.829  swp=85.0  map=1.3  trunc=0%  pl=0.017  vl=1.092  ent=1.833  kl=0.0354  gn=1.277
  line_20q      4668ep | trunc=0%  swp=42.6±48.6  fid=0.0000  rew=+37.15
  ring_20q      4614ep | trunc=0%  swp=35.2±34.3  fid=0.0000  rew=+37.76
  grid_5x4_20q  4585ep | trunc=0%  swp=12.9±12.8  fid=0.0000  rew=+37.92
step=441088  rew=+77.161  swp=75.4  map=1.4  trunc=0%  pl=0.032  vl=0.508  ent=1.114  kl=0.2263  gn=1.948
  line_20q      4670ep | trunc=0%  swp=42.6±48.6  fid=0.0000  rew=+37.17
  ring_20q      4616ep | trunc=0%  swp=35.2±34.3  fid=0.0000  rew=+37.78
  grid_5x4_20q  4586ep | trunc=0%  swp=12.9±12.8  fid=0.0000  rew=+37.92
step=441344  rew=+78.337  swp=75.6  map=1.4  trunc=0%  pl=-0.002  vl=0.900  ent=2.187  kl=0.0158  gn=1.248
  line_20q      4670ep | trunc=0%  swp=42.6±48.6  fid=0.0000  rew=+37.17
  ring_20q      4617ep | trunc=0%  swp=35.2±34.3  fid=0.0000  rew=+37.80
  grid_5x4_20q  4586ep | trunc=0%  swp=12.9±12.8  fid=0.0000  rew=+37.92
step=441600  rew=+78.580  swp=74.0  map=1.4  trunc=0%  pl=0.036  vl=0.912  ent=1.579  kl=0.0344  gn=1.177
  line_20q      4672ep | trunc=0%  swp=42.6±48.7  fid=0.0000  rew=+37.19
  ring_20q      4617ep | trunc=0%  swp=35.2±34.3  fid=0.0000  rew=+37.80
  grid_5x4_20q  4586ep | trunc=0%  swp=12.9±12.8  fid=0.0000  rew=+37.92
step=441856  rew=+79.972  swp=80.0  map=1.2  trunc=0%  pl=-0.027  vl=0.402  ent=1.709  kl=0.0224  gn=1.015
  line_20q      4673ep | trunc=0%  swp=42.6±48.7  fid=0.0000  rew=+37.20
  ring_20q      4618ep | trunc=0%  swp=35.2±34.3  fid=0.0000  rew=+37.81
  grid_5x4_20q  4586ep | trunc=0%  swp=12.9±12.8  fid=0.0000  rew=+37.92
step=442112  rew=+81.730  swp=85.5  map=1.2  trunc=0%  pl=-0.002  vl=0.757  ent=1.422  kl=0.1075  gn=1.566
  line_20q      4673ep | trunc=0%  swp=42.6±48.7  fid=0.0000  rew=+37.20
  ring_20q      4621ep | trunc=0%  swp=35.3±34.4  fid=0.0000  rew=+37.84
  grid_5x4_20q  4586ep | trunc=0%  swp=12.9±12.8  fid=0.0000  rew=+37.92
step=442368  rew=+80.973  swp=90.0  map=1.1  trunc=0%  pl=-0.002  vl=0.610  ent=0.969  kl=0.0613  gn=2.282
  line_20q      4676ep | trunc=0%  swp=42.7±48.7  fid=0.0000  rew=+37.23
  ring_20q      4621ep | trunc=0%  swp=35.3±34.4  fid=0.0000  rew=+37.84
  grid_5x4_20q  4588ep | trunc=0%  swp=12.9±12.8  fid=0.0000  rew=+37.93
step=442624  rew=+80.866  swp=77.8  map=1.1  trunc=0%  pl=-0.041  vl=0.245  ent=0.983  kl=0.0616  gn=1.367
  line_20q      4678ep | trunc=0%  swp=42.7±48.7  fid=0.0000  rew=+37.25
  ring_20q      4623ep | trunc=0%  swp=35.3±34.4  fid=0.0000  rew=+37.85
  grid_5x4_20q  4590ep | trunc=0%  swp=12.9±12.8  fid=0.0000  rew=+37.95
step=442880  rew=+75.978  swp=67.0  map=1.4  trunc=0%  pl=0.027  vl=0.636  ent=1.498  kl=0.1083  gn=1.483
  line_20q      4679ep | trunc=0%  swp=42.7±48.8  fid=0.0000  rew=+37.26
  ring_20q      4624ep | trunc=0%  swp=35.3±34.4  fid=0.0000  rew=+37.85
  grid_5x4_20q  4591ep | trunc=0%  swp=12.9±12.8  fid=0.0000  rew=+37.96
step=443136  rew=+71.518  swp=52.0  map=1.6  trunc=0%  pl=0.018  vl=0.242  ent=1.312  kl=0.1971  gn=1.004
  line_20q      4681ep | trunc=0%  swp=42.7±48.8  fid=0.0000  rew=+37.28
  ring_20q      4627ep | trunc=0%  swp=35.3±34.4  fid=0.0000  rew=+37.87
  grid_5x4_20q  4592ep | trunc=0%  swp=12.9±12.8  fid=0.0000  rew=+37.97
step=443392  rew=+73.800  swp=50.0  map=1.6  trunc=0%  pl=-0.015  vl=0.196  ent=1.476  kl=0.0848  gn=0.928
  line_20q      4682ep | trunc=0%  swp=42.7±48.8  fid=0.0000  rew=+37.28
  ring_20q      4628ep | trunc=0%  swp=35.3±34.4  fid=0.0000  rew=+37.88
  grid_5x4_20q  4594ep | trunc=0%  swp=12.9±12.8  fid=0.0000  rew=+37.99
step=443648  rew=+75.348  swp=56.8  map=1.8  trunc=0%  pl=-0.008  vl=1.099  ent=1.903  kl=0.0732  gn=1.353
  line_20q      4683ep | trunc=0%  swp=42.7±48.8  fid=0.0000  rew=+37.30
  ring_20q      4628ep | trunc=0%  swp=35.3±34.4  fid=0.0000  rew=+37.88
  grid_5x4_20q  4594ep | trunc=0%  swp=12.9±12.8  fid=0.0000  rew=+37.99
step=443904  rew=+74.771  swp=63.9  map=1.4  trunc=0%  pl=0.018  vl=0.654  ent=1.497  kl=0.0293  gn=1.261
  line_20q      4683ep | trunc=0%  swp=42.7±48.8  fid=0.0000  rew=+37.30
  ring_20q      4631ep | trunc=0%  swp=35.3±34.4  fid=0.0000  rew=+37.91
  grid_5x4_20q  4594ep | trunc=0%  swp=12.9±12.8  fid=0.0000  rew=+37.99
step=444160  rew=+82.194  swp=74.5  map=1.4  trunc=0%  pl=0.010  vl=0.759  ent=1.957  kl=0.0174  gn=1.115
  line_20q      4683ep | trunc=0%  swp=42.7±48.8  fid=0.0000  rew=+37.30
  ring_20q      4633ep | trunc=0%  swp=35.4±34.5  fid=0.0000  rew=+37.96
  grid_5x4_20q  4594ep | trunc=0%  swp=12.9±12.8  fid=0.0000  rew=+37.99
step=444416  rew=+86.304  swp=76.5  map=1.4  trunc=0%  pl=0.011  vl=0.270  ent=1.434  kl=0.0352  gn=1.066
  line_20q      4683ep | trunc=0%  swp=42.7±48.8  fid=0.0000  rew=+37.30
  ring_20q      4636ep | trunc=0%  swp=35.4±34.6  fid=0.0000  rew=+37.99
  grid_5x4_20q  4595ep | trunc=0%  swp=12.9±12.8  fid=0.0000  rew=+37.99
step=444672  rew=+88.591  swp=71.0  map=1.9  trunc=0%  pl=-0.000  vl=0.177  ent=1.394  kl=0.0364  gn=1.352
  line_20q      4683ep | trunc=0%  swp=42.7±48.8  fid=0.0000  rew=+37.30
  ring_20q      4637ep | trunc=0%  swp=35.4±34.6  fid=0.0000  rew=+37.99
  grid_5x4_20q  4599ep | trunc=0%  swp=13.0±12.8  fid=0.0000  rew=+38.04
step=444928  rew=+90.332  swp=72.5  map=1.9  trunc=0%  pl=0.003  vl=0.541  ent=1.564  kl=0.0321  gn=0.928
  line_20q      4683ep | trunc=0%  swp=42.7±48.8  fid=0.0000  rew=+37.30
  ring_20q      4639ep | trunc=0%  swp=35.4±34.6  fid=0.0000  rew=+38.02
  grid_5x4_20q  4599ep | trunc=0%  swp=13.0±12.8  fid=0.0000  rew=+38.04
step=445184  rew=+93.144  swp=86.3  map=1.7  trunc=0%  pl=-0.034  vl=0.349  ent=1.325  kl=0.0686  gn=1.425
  line_20q      4686ep | trunc=0%  swp=42.8±48.8  fid=0.0000  rew=+37.33
  ring_20q      4639ep | trunc=0%  swp=35.4±34.6  fid=0.0000  rew=+38.02
  grid_5x4_20q  4599ep | trunc=0%  swp=13.0±12.8  fid=0.0000  rew=+38.04
step=445440  rew=+92.689  swp=79.6  map=1.6  trunc=0%  pl=-0.021  vl=0.397  ent=1.406  kl=0.0842  gn=1.039
  line_20q      4688ep | trunc=0%  swp=42.8±48.8  fid=0.0000  rew=+37.35
  ring_20q      4641ep | trunc=0%  swp=35.5±34.6  fid=0.0000  rew=+38.05
  grid_5x4_20q  4599ep | trunc=0%  swp=13.0±12.8  fid=0.0000  rew=+38.04
step=445696  rew=+85.384  swp=68.2  map=1.6  trunc=0%  pl=-0.007  vl=0.133  ent=1.334  kl=0.0358  gn=1.045
  line_20q      4689ep | trunc=0%  swp=42.8±48.9  fid=0.0000  rew=+37.36
  ring_20q      4642ep | trunc=0%  swp=35.5±34.6  fid=0.0000  rew=+38.05
  grid_5x4_20q  4601ep | trunc=0%  swp=13.0±12.8  fid=0.0000  rew=+38.05
step=445952  rew=+84.318  swp=70.0  map=1.6  trunc=0%  pl=-0.030  vl=0.459  ent=1.082  kl=0.0537  gn=1.473
  line_20q      4690ep | trunc=0%  swp=42.8±48.9  fid=0.0000  rew=+37.37
  ring_20q      4644ep | trunc=0%  swp=35.5±34.6  fid=0.0000  rew=+38.07
  grid_5x4_20q  4602ep | trunc=0%  swp=13.0±12.8  fid=0.0000  rew=+38.06
step=446208  rew=+74.181  swp=54.6  map=1.6  trunc=0%  pl=-0.026  vl=0.516  ent=0.651  kl=0.1231  gn=1.202
  line_20q      4694ep | trunc=0%  swp=42.8±48.8  fid=0.0000  rew=+37.39
  ring_20q      4646ep | trunc=0%  swp=35.5±34.6  fid=0.0000  rew=+38.08
  grid_5x4_20q  4603ep | trunc=0%  swp=13.0±12.8  fid=0.0000  rew=+38.07
step=446464  rew=+71.571  swp=52.4  map=1.6  trunc=0%  pl=0.016  vl=1.386  ent=1.864  kl=0.0550  gn=1.628
  line_20q      4694ep | trunc=0%  swp=42.8±48.8  fid=0.0000  rew=+37.39
  ring_20q      4646ep | trunc=0%  swp=35.5±34.6  fid=0.0000  rew=+38.08
  grid_5x4_20q  4604ep | trunc=0%  swp=13.0±12.8  fid=0.0000  rew=+38.07
step=446720  rew=+70.343  swp=61.6  map=1.5  trunc=0%  pl=-0.009  vl=0.175  ent=1.637  kl=0.0441  gn=0.805
  line_20q      4696ep | trunc=0%  swp=42.9±49.0  fid=0.0000  rew=+37.42
  ring_20q      4647ep | trunc=0%  swp=35.5±34.6  fid=0.0000  rew=+38.08
  grid_5x4_20q  4605ep | trunc=0%  swp=13.0±12.8  fid=0.0000  rew=+38.07
step=446976  rew=+63.533  swp=53.9  map=1.4  trunc=0%  pl=-0.006  vl=0.258  ent=1.333  kl=0.0621  gn=0.923
  line_20q      4697ep | trunc=0%  swp=42.9±49.0  fid=0.0000  rew=+37.42
  ring_20q      4649ep | trunc=0%  swp=35.5±34.6  fid=0.0000  rew=+38.09
  grid_5x4_20q  4607ep | trunc=0%  swp=13.0±12.8  fid=0.0000  rew=+38.08
step=447232  rew=+66.247  swp=63.0  map=1.4  trunc=0%  pl=-0.007  vl=0.216  ent=1.531  kl=0.1536  gn=0.889
  line_20q      4698ep | trunc=0%  swp=42.9±49.0  fid=0.0000  rew=+37.43
  ring_20q      4650ep | trunc=0%  swp=35.5±34.7  fid=0.0000  rew=+38.11
  grid_5x4_20q  4608ep | trunc=0%  swp=13.0±12.8  fid=0.0000  rew=+38.08
step=447488  rew=+71.594  swp=64.5  map=1.1  trunc=0%  pl=0.025  vl=0.380  ent=1.307  kl=0.2049  gn=1.657
  line_20q      4699ep | trunc=0%  swp=42.9±49.0  fid=0.0000  rew=+37.44
  ring_20q      4651ep | trunc=0%  swp=35.5±34.7  fid=0.0000  rew=+38.13
  grid_5x4_20q  4609ep | trunc=0%  swp=13.0±12.8  fid=0.0000  rew=+38.10
step=447744  rew=+78.850  swp=70.8  map=1.7  trunc=0%  pl=-0.013  vl=0.297  ent=0.800  kl=0.1814  gn=1.269
  line_20q      4700ep | trunc=0%  swp=42.9±49.0  fid=0.0000  rew=+37.44
  ring_20q      4654ep | trunc=0%  swp=35.6±34.7  fid=0.0000  rew=+38.16
  grid_5x4_20q  4610ep | trunc=0%  swp=13.0±12.8  fid=0.0000  rew=+38.11
step=448000  rew=+76.299  swp=54.6  map=2.3  trunc=0%  pl=0.022  vl=0.856  ent=1.478  kl=0.0743  gn=1.199
  line_20q      4702ep | trunc=0%  swp=42.9±49.0  fid=0.0000  rew=+37.45
  ring_20q      4655ep | trunc=0%  swp=35.6±34.7  fid=0.0000  rew=+38.17
  grid_5x4_20q  4610ep | trunc=0%  swp=13.0±12.8  fid=0.0000  rew=+38.11
step=448256  rew=+81.541  swp=72.0  map=2.1  trunc=0%  pl=0.013  vl=0.574  ent=1.426  kl=0.0452  gn=1.114
  line_20q      4704ep | trunc=0%  swp=43.0±49.1  fid=0.0000  rew=+37.48
  ring_20q      4655ep | trunc=0%  swp=35.6±34.7  fid=0.0000  rew=+38.17
  grid_5x4_20q  4610ep | trunc=0%  swp=13.0±12.8  fid=0.0000  rew=+38.11
step=448512  rew=+84.071  swp=77.5  map=2.7  trunc=0%  pl=-0.013  vl=0.371  ent=1.274  kl=0.0415  gn=1.299
  line_20q      4706ep | trunc=0%  swp=43.0±49.1  fid=0.0000  rew=+37.48
  ring_20q      4656ep | trunc=0%  swp=35.6±34.7  fid=0.0000  rew=+38.18
  grid_5x4_20q  4610ep | trunc=0%  swp=13.0±12.8  fid=0.0000  rew=+38.11
step=448768  rew=+85.075  swp=80.8  map=2.6  trunc=0%  pl=0.026  vl=0.534  ent=1.485  kl=0.1892  gn=1.307
  line_20q      4706ep | trunc=0%  swp=43.0±49.1  fid=0.0000  rew=+37.48
  ring_20q      4658ep | trunc=0%  swp=35.6±34.8  fid=0.0000  rew=+38.21
  grid_5x4_20q  4610ep | trunc=0%  swp=13.0±12.8  fid=0.0000  rew=+38.11
step=449024  rew=+77.659  swp=70.6  map=2.5  trunc=0%  pl=-0.026  vl=0.101  ent=1.378  kl=0.0384  gn=0.890
  line_20q      4706ep | trunc=0%  swp=43.0±49.1  fid=0.0000  rew=+37.48
  ring_20q      4660ep | trunc=0%  swp=35.6±34.8  fid=0.0000  rew=+38.22
  grid_5x4_20q  4612ep | trunc=0%  swp=13.0±12.8  fid=0.0000  rew=+38.12
step=449280  rew=+78.926  swp=84.5  map=2.5  trunc=0%  pl=-0.009  vl=0.694  ent=1.171  kl=0.0693  gn=1.331
  line_20q      4709ep | trunc=0%  swp=43.0±49.1  fid=0.0000  rew=+37.51
  ring_20q      4660ep | trunc=0%  swp=35.6±34.8  fid=0.0000  rew=+38.22
  grid_5x4_20q  4612ep | trunc=0%  swp=13.0±12.8  fid=0.0000  rew=+38.12
step=449536  rew=+79.610  swp=89.2  map=1.9  trunc=0%  pl=0.008  vl=0.327  ent=1.407  kl=0.0638  gn=1.665
  line_20q      4709ep | trunc=0%  swp=43.0±49.1  fid=0.0000  rew=+37.51
  ring_20q      4662ep | trunc=0%  swp=35.7±34.8  fid=0.0000  rew=+38.25
  grid_5x4_20q  4612ep | trunc=0%  swp=13.0±12.8  fid=0.0000  rew=+38.12
step=449792  rew=+85.340  swp=95.6  map=1.6  trunc=0%  pl=-0.010  vl=0.168  ent=1.544  kl=0.0313  gn=1.099
  line_20q      4710ep | trunc=0%  swp=43.1±49.2  fid=0.0000  rew=+37.53
  ring_20q      4662ep | trunc=0%  swp=35.7±34.8  fid=0.0000  rew=+38.25
  grid_5x4_20q  4614ep | trunc=0%  swp=13.0±12.8  fid=0.0000  rew=+38.15
step=450048  rew=+85.846  swp=87.8  map=1.4  trunc=0%  pl=-0.036  vl=0.296  ent=1.203  kl=0.0860  gn=0.809
  line_20q      4712ep | trunc=0%  swp=43.1±49.2  fid=0.0000  rew=+37.55
  ring_20q      4662ep | trunc=0%  swp=35.7±34.8  fid=0.0000  rew=+38.25
  grid_5x4_20q  4615ep | trunc=0%  swp=13.0±12.8  fid=0.0000  rew=+38.16
step=450304  rew=+85.649  swp=71.2  map=1.7  trunc=0%  pl=-0.014  vl=0.690  ent=0.997  kl=0.3726  gn=1.936
  line_20q      4714ep | trunc=0%  swp=43.1±49.2  fid=0.0000  rew=+37.57
  ring_20q      4663ep | trunc=0%  swp=35.7±34.8  fid=0.0000  rew=+38.26
  grid_5x4_20q  4618ep | trunc=0%  swp=13.0±12.8  fid=0.0000  rew=+38.20
step=450560  rew=+85.527  swp=64.3  map=1.6  trunc=0%  pl=-0.022  vl=0.204  ent=1.403  kl=0.0764  gn=1.003
  line_20q      4714ep | trunc=0%  swp=43.1±49.2  fid=0.0000  rew=+37.57
  ring_20q      4666ep | trunc=0%  swp=35.7±34.9  fid=0.0000  rew=+38.28
  grid_5x4_20q  4620ep | trunc=0%  swp=13.0±12.8  fid=0.0000  rew=+38.21
step=450816  rew=+80.817  swp=43.6  map=2.1  trunc=0%  pl=0.017  vl=0.100  ent=1.464  kl=0.0456  gn=1.377
  line_20q      4714ep | trunc=0%  swp=43.1±49.2  fid=0.0000  rew=+37.57
  ring_20q      4666ep | trunc=0%  swp=35.7±34.9  fid=0.0000  rew=+38.28
  grid_5x4_20q  4625ep | trunc=0%  swp=13.0±12.8  fid=0.0000  rew=+38.26
step=451072  rew=+81.860  swp=53.1  map=1.8  trunc=0%  pl=-0.011  vl=0.438  ent=1.736  kl=0.0220  gn=1.140
  line_20q      4715ep | trunc=0%  swp=43.1±49.2  fid=0.0000  rew=+37.58
  ring_20q      4667ep | trunc=0%  swp=35.7±34.9  fid=0.0000  rew=+38.29
  grid_5x4_20q  4626ep | trunc=0%  swp=13.0±12.8  fid=0.0000  rew=+38.27
step=451328  rew=+80.449  swp=55.0  map=1.8  trunc=0%  pl=-0.003  vl=0.208  ent=1.442  kl=0.1156  gn=1.093
  line_20q      4715ep | trunc=0%  swp=43.1±49.2  fid=0.0000  rew=+37.58
  ring_20q      4669ep | trunc=0%  swp=35.8±34.9  fid=0.0000  rew=+38.32
  grid_5x4_20q  4628ep | trunc=0%  swp=13.0±12.8  fid=0.0000  rew=+38.28
step=451584  rew=+81.185  swp=54.9  map=1.4  trunc=0%  pl=-0.000  vl=0.226  ent=0.981  kl=0.1084  gn=1.144
  line_20q      4717ep | trunc=0%  swp=43.1±49.2  fid=0.0000  rew=+37.59
  ring_20q      4671ep | trunc=0%  swp=35.8±34.9  fid=0.0000  rew=+38.33
  grid_5x4_20q  4630ep | trunc=0%  swp=13.0±12.8  fid=0.0000  rew=+38.30
step=451840  rew=+79.342  swp=58.4  map=1.4  trunc=0%  pl=0.011  vl=0.097  ent=1.514  kl=0.1419  gn=1.278
  line_20q      4718ep | trunc=0%  swp=43.1±49.2  fid=0.0000  rew=+37.59
  ring_20q      4672ep | trunc=0%  swp=35.8±35.0  fid=0.0000  rew=+38.34
  grid_5x4_20q  4632ep | trunc=0%  swp=13.0±12.8  fid=0.0000  rew=+38.33
step=452096  rew=+78.402  swp=63.0  map=1.2  trunc=0%  pl=0.035  vl=0.899  ent=1.868  kl=0.0541  gn=1.654
  line_20q      4718ep | trunc=0%  swp=43.1±49.2  fid=0.0000  rew=+37.59
  ring_20q      4673ep | trunc=0%  swp=35.8±35.0  fid=0.0000  rew=+38.35
  grid_5x4_20q  4632ep | trunc=0%  swp=13.0±12.8  fid=0.0000  rew=+38.33
step=452352  rew=+79.067  swp=49.7  map=1.8  trunc=0%  pl=0.024  vl=0.866  ent=0.746  kl=0.1923  gn=2.609
  line_20q      4719ep | trunc=0%  swp=43.1±49.2  fid=0.0000  rew=+37.60
  ring_20q      4676ep | trunc=0%  swp=35.8±35.0  fid=0.0000  rew=+38.38
  grid_5x4_20q  4636ep | trunc=0%  swp=13.0±12.8  fid=0.0000  rew=+38.37
step=452608  rew=+80.355  swp=53.6  map=1.6  trunc=0%  pl=0.013  vl=0.913  ent=2.006  kl=0.0478  gn=1.288
  line_20q      4719ep | trunc=0%  swp=43.1±49.2  fid=0.0000  rew=+37.60
  ring_20q      4677ep | trunc=0%  swp=35.8±35.0  fid=0.0000  rew=+38.39
  grid_5x4_20q  4636ep | trunc=0%  swp=13.0±12.8  fid=0.0000  rew=+38.37
step=452864  rew=+83.528  swp=56.8  map=1.8  trunc=0%  pl=0.009  vl=0.177  ent=1.295  kl=0.0516  gn=0.906
  line_20q      4722ep | trunc=0%  swp=43.2±49.3  fid=0.0000  rew=+37.63
  ring_20q      4677ep | trunc=0%  swp=35.8±35.0  fid=0.0000  rew=+38.39
  grid_5x4_20q  4638ep | trunc=0%  swp=13.0±12.8  fid=0.0000  rew=+38.38
step=453120  rew=+83.920  swp=69.0  map=1.6  trunc=0%  pl=-0.019  vl=0.498  ent=1.502  kl=0.0841  gn=0.925
  line_20q      4725ep | trunc=0%  swp=43.2±49.3  fid=0.0000  rew=+37.67
  ring_20q      4677ep | trunc=0%  swp=35.8±35.0  fid=0.0000  rew=+38.39
  grid_5x4_20q  4638ep | trunc=0%  swp=13.0±12.8  fid=0.0000  rew=+38.38
step=453376  rew=+80.852  swp=55.7  map=1.6  trunc=0%  pl=0.003  vl=0.819  ent=0.657  kl=0.2399  gn=2.012
  line_20q      4728ep | trunc=0%  swp=43.2±49.3  fid=0.0000  rew=+37.68
  ring_20q      4678ep | trunc=0%  swp=35.8±35.0  fid=0.0000  rew=+38.39
  grid_5x4_20q  4640ep | trunc=0%  swp=13.0±12.8  fid=0.0000  rew=+38.41
step=453632  rew=+78.591  swp=57.9  map=1.4  trunc=0%  pl=-0.021  vl=0.197  ent=1.213  kl=0.0620  gn=1.131
  line_20q      4730ep | trunc=0%  swp=43.2±49.3  fid=0.0000  rew=+37.69
  ring_20q      4679ep | trunc=0%  swp=35.9±35.0  fid=0.0000  rew=+38.41
  grid_5x4_20q  4643ep | trunc=0%  swp=13.0±12.8  fid=0.0000  rew=+38.43
step=453888  rew=+81.679  swp=55.0  map=1.4  trunc=0%  pl=-0.003  vl=0.134  ent=1.623  kl=0.0243  gn=0.886
  line_20q      4730ep | trunc=0%  swp=43.2±49.3  fid=0.0000  rew=+37.69
  ring_20q      4680ep | trunc=0%  swp=35.9±35.1  fid=0.0000  rew=+38.42
  grid_5x4_20q  4646ep | trunc=0%  swp=13.1±12.8  fid=0.0000  rew=+38.47
step=454144  rew=+81.682  swp=43.7  map=1.5  trunc=0%  pl=-0.023  vl=0.120  ent=1.172  kl=0.1376  gn=1.642
  line_20q      4731ep | trunc=0%  swp=43.2±49.3  fid=0.0000  rew=+37.70
  ring_20q      4681ep | trunc=0%  swp=35.9±35.1  fid=0.0000  rew=+38.44
  grid_5x4_20q  4649ep | trunc=0%  swp=13.1±12.8  fid=0.0000  rew=+38.50
step=454400  rew=+86.073  swp=51.7  map=1.6  trunc=0%  pl=-0.004  vl=0.556  ent=1.514  kl=0.0955  gn=0.869
  line_20q      4732ep | trunc=0%  swp=43.2±49.3  fid=0.0000  rew=+37.70
  ring_20q      4683ep | trunc=0%  swp=35.9±35.1  fid=0.0000  rew=+38.47
  grid_5x4_20q  4650ep | trunc=0%  swp=13.1±12.8  fid=0.0000  rew=+38.50
step=454656  rew=+85.946  swp=51.8  map=1.7  trunc=0%  pl=-0.008  vl=0.386  ent=1.003  kl=0.1720  gn=1.428
  line_20q      4734ep | trunc=0%  swp=43.2±49.3  fid=0.0000  rew=+37.73
  ring_20q      4684ep | trunc=0%  swp=35.9±35.1  fid=0.0000  rew=+38.47
  grid_5x4_20q  4653ep | trunc=0%  swp=13.1±12.8  fid=0.0000  rew=+38.52
step=454912  rew=+79.891  swp=44.3  map=1.8  trunc=0%  pl=-0.054  vl=0.167  ent=1.027  kl=0.1912  gn=1.152
  line_20q      4735ep | trunc=0%  swp=43.2±49.3  fid=0.0000  rew=+37.74
  ring_20q      4686ep | trunc=0%  swp=35.9±35.1  fid=0.0000  rew=+38.49
  grid_5x4_20q  4657ep | trunc=0%  swp=13.1±12.8  fid=0.0000  rew=+38.55
step=455168  rew=+82.520  swp=50.9  map=1.7  trunc=0%  pl=0.015  vl=0.223  ent=1.576  kl=0.0249  gn=1.065
  line_20q      4735ep | trunc=0%  swp=43.2±49.3  fid=0.0000  rew=+37.74
  ring_20q      4688ep | trunc=0%  swp=36.0±35.1  fid=0.0000  rew=+38.51
  grid_5x4_20q  4658ep | trunc=0%  swp=13.1±12.8  fid=0.0000  rew=+38.57
step=455424  rew=+78.733  swp=47.1  map=1.8  trunc=0%  pl=-0.013  vl=0.389  ent=1.570  kl=0.1419  gn=1.432
  line_20q      4736ep | trunc=0%  swp=43.2±49.3  fid=0.0000  rew=+37.74
  ring_20q      4690ep | trunc=0%  swp=36.0±35.1  fid=0.0000  rew=+38.54
  grid_5x4_20q  4659ep | trunc=0%  swp=13.1±12.8  fid=0.0000  rew=+38.57
step=455680  rew=+77.163  swp=54.3  map=1.5  trunc=0%  pl=-0.002  vl=0.114  ent=1.610  kl=0.0414  gn=0.821
  line_20q      4737ep | trunc=0%  swp=43.3±49.4  fid=0.0000  rew=+37.76
  ring_20q      4692ep | trunc=0%  swp=36.0±35.1  fid=0.0000  rew=+38.54
  grid_5x4_20q  4659ep | trunc=0%  swp=13.1±12.8  fid=0.0000  rew=+38.57
step=455936  rew=+80.178  swp=61.5  map=1.4  trunc=0%  pl=0.003  vl=0.516  ent=1.588  kl=0.2705  gn=1.234
  line_20q      4738ep | trunc=0%  swp=43.3±49.4  fid=0.0000  rew=+37.77
  ring_20q      4692ep | trunc=0%  swp=36.0±35.1  fid=0.0000  rew=+38.54
  grid_5x4_20q  4660ep | trunc=0%  swp=13.1±12.8  fid=0.0000  rew=+38.58
step=456192  rew=+83.308  swp=68.3  map=1.7  trunc=0%  pl=-0.012  vl=0.497  ent=1.087  kl=0.1166  gn=1.126
  line_20q      4741ep | trunc=0%  swp=43.3±49.4  fid=0.0000  rew=+37.80
  ring_20q      4692ep | trunc=0%  swp=36.0±35.1  fid=0.0000  rew=+38.54
  grid_5x4_20q  4660ep | trunc=0%  swp=13.1±12.8  fid=0.0000  rew=+38.58
step=456448  rew=+84.467  swp=73.8  map=1.6  trunc=0%  pl=0.018  vl=0.516  ent=0.799  kl=0.0849  gn=1.923
  line_20q      4743ep | trunc=0%  swp=43.3±49.4  fid=0.0000  rew=+37.82
  ring_20q      4694ep | trunc=0%  swp=36.0±35.1  fid=0.0000  rew=+38.55
  grid_5x4_20q  4661ep | trunc=0%  swp=13.1±12.8  fid=0.0000  rew=+38.60
step=456704  rew=+79.132  swp=65.5  map=1.8  trunc=0%  pl=0.008  vl=0.253  ent=1.621  kl=0.0606  gn=1.025
  line_20q      4744ep | trunc=0%  swp=43.3±49.4  fid=0.0000  rew=+37.82
  ring_20q      4694ep | trunc=0%  swp=36.0±35.1  fid=0.0000  rew=+38.55
  grid_5x4_20q  4663ep | trunc=0%  swp=13.1±12.8  fid=0.0000  rew=+38.62
step=456960  rew=+81.397  swp=76.7  map=1.6  trunc=0%  pl=0.000  vl=0.257  ent=1.542  kl=0.0446  gn=1.301
  line_20q      4746ep | trunc=0%  swp=43.4±49.5  fid=0.0000  rew=+37.85
  ring_20q      4694ep | trunc=0%  swp=36.0±35.1  fid=0.0000  rew=+38.55
  grid_5x4_20q  4664ep | trunc=0%  swp=13.1±12.8  fid=0.0000  rew=+38.62
step=457216  rew=+82.681  swp=73.8  map=1.8  trunc=0%  pl=0.018  vl=0.456  ent=1.556  kl=0.1102  gn=1.032
  line_20q      4746ep | trunc=0%  swp=43.4±49.5  fid=0.0000  rew=+37.85
  ring_20q      4697ep | trunc=0%  swp=36.0±35.1  fid=0.0000  rew=+38.58
  grid_5x4_20q  4664ep | trunc=0%  swp=13.1±12.8  fid=0.0000  rew=+38.62
step=457472  rew=+83.259  swp=84.0  map=1.5  trunc=0%  pl=0.017  vl=0.561  ent=1.505  kl=0.0272  gn=1.344
  line_20q      4747ep | trunc=0%  swp=43.4±49.5  fid=0.0000  rew=+37.87
  ring_20q      4698ep | trunc=0%  swp=36.0±35.1  fid=0.0000  rew=+38.58
  grid_5x4_20q  4664ep | trunc=0%  swp=13.1±12.8  fid=0.0000  rew=+38.62
step=457728  rew=+83.490  swp=83.6  map=1.6  trunc=0%  pl=-0.013  vl=0.094  ent=1.383  kl=0.0528  gn=1.575
  line_20q      4749ep | trunc=0%  swp=43.5±49.6  fid=0.0000  rew=+37.90
  ring_20q      4698ep | trunc=0%  swp=36.0±35.1  fid=0.0000  rew=+38.58
  grid_5x4_20q  4664ep | trunc=0%  swp=13.1±12.8  fid=0.0000  rew=+38.62
step=457984  rew=+84.477  swp=78.8  map=1.8  trunc=0%  pl=0.044  vl=1.688  ent=0.667  kl=0.0934  gn=3.431
  line_20q      4750ep | trunc=0%  swp=43.5±49.6  fid=0.0000  rew=+37.91
  ring_20q      4699ep | trunc=0%  swp=36.0±35.1  fid=0.0000  rew=+38.59
  grid_5x4_20q  4667ep | trunc=0%  swp=13.1±12.8  fid=0.0000  rew=+38.66
step=458240  rew=+93.587  swp=83.2  map=2.0  trunc=0%  pl=-0.005  vl=0.112  ent=1.501  kl=0.0455  gn=1.408
  line_20q      4750ep | trunc=0%  swp=43.5±49.6  fid=0.0000  rew=+37.91
  ring_20q      4700ep | trunc=0%  swp=36.1±35.2  fid=0.0000  rew=+38.61
  grid_5x4_20q  4669ep | trunc=0%  swp=13.1±12.9  fid=0.0000  rew=+38.69
step=458496  rew=+94.785  swp=74.8  map=2.4  trunc=0%  pl=-0.007  vl=0.143  ent=1.404  kl=0.0448  gn=1.135
  line_20q      4751ep | trunc=0%  swp=43.5±49.6  fid=0.0000  rew=+37.91
  ring_20q      4702ep | trunc=0%  swp=36.1±35.2  fid=0.0000  rew=+38.65
  grid_5x4_20q  4671ep | trunc=0%  swp=13.1±12.9  fid=0.0000  rew=+38.71
step=458752  rew=+95.091  swp=78.3  map=2.4  trunc=0%  pl=0.012  vl=0.755  ent=1.774  kl=0.0410  gn=1.048
  line_20q      4751ep | trunc=0%  swp=43.5±49.6  fid=0.0000  rew=+37.91
  ring_20q      4703ep | trunc=0%  swp=36.1±35.3  fid=0.0000  rew=+38.66
  grid_5x4_20q  4671ep | trunc=0%  swp=13.1±12.9  fid=0.0000  rew=+38.71
step=459008  rew=+98.100  swp=84.0  map=2.3  trunc=0%  pl=-0.005  vl=0.294  ent=1.818  kl=0.1346  gn=0.777
  line_20q      4753ep | trunc=0%  swp=43.5±49.7  fid=0.0000  rew=+37.94
  ring_20q      4703ep | trunc=0%  swp=36.1±35.3  fid=0.0000  rew=+38.66
  grid_5x4_20q  4671ep | trunc=0%  swp=13.1±12.9  fid=0.0000  rew=+38.71
step=459264  rew=+96.422  swp=76.8  map=2.8  trunc=0%  pl=0.025  vl=0.423  ent=1.326  kl=0.1037  gn=1.558
  line_20q      4756ep | trunc=0%  swp=43.6±49.7  fid=0.0000  rew=+37.97
  ring_20q      4703ep | trunc=0%  swp=36.1±35.3  fid=0.0000  rew=+38.66
  grid_5x4_20q  4671ep | trunc=0%  swp=13.1±12.9  fid=0.0000  rew=+38.71
step=459520  rew=+98.085  swp=82.9  map=2.5  trunc=0%  pl=0.034  vl=0.263  ent=1.415  kl=0.0837  gn=2.141
  line_20q      4756ep | trunc=0%  swp=43.6±49.7  fid=0.0000  rew=+37.97
  ring_20q      4705ep | trunc=0%  swp=36.1±35.3  fid=0.0000  rew=+38.68
  grid_5x4_20q  4672ep | trunc=0%  swp=13.1±12.9  fid=0.0000  rew=+38.73
step=459776  rew=+90.833  swp=80.5  map=2.1  trunc=0%  pl=-0.016  vl=0.310  ent=1.354  kl=0.0611  gn=1.080
  line_20q      4756ep | trunc=0%  swp=43.6±49.7  fid=0.0000  rew=+37.97
  ring_20q      4707ep | trunc=0%  swp=36.1±35.3  fid=0.0000  rew=+38.70
  grid_5x4_20q  4675ep | trunc=0%  swp=13.1±12.9  fid=0.0000  rew=+38.75
step=460032  rew=+92.112  swp=85.7  map=2.1  trunc=0%  pl=0.010  vl=0.464  ent=1.834  kl=0.0552  gn=1.086
  line_20q      4757ep | trunc=0%  swp=43.6±49.7  fid=0.0000  rew=+37.98
  ring_20q      4708ep | trunc=0%  swp=36.2±35.3  fid=0.0000  rew=+38.72
  grid_5x4_20q  4675ep | trunc=0%  swp=13.1±12.9  fid=0.0000  rew=+38.75
step=460288  rew=+86.467  swp=79.3  map=1.9  trunc=0%  pl=-0.018  vl=0.466  ent=0.940  kl=0.0817  gn=1.740
  line_20q      4759ep | trunc=0%  swp=43.6±49.7  fid=0.0000  rew=+37.99
  ring_20q      4709ep | trunc=0%  swp=36.2±35.3  fid=0.0000  rew=+38.72
  grid_5x4_20q  4677ep | trunc=0%  swp=13.1±12.9  fid=0.0000  rew=+38.77
step=460544  rew=+78.594  swp=62.0  map=1.4  trunc=0%  pl=-0.015  vl=0.384  ent=1.408  kl=0.1011  gn=0.940
  line_20q      4760ep | trunc=0%  swp=43.6±49.7  fid=0.0000  rew=+37.99
  ring_20q      4712ep | trunc=0%  swp=36.2±35.4  fid=0.0000  rew=+38.74
  grid_5x4_20q  4677ep | trunc=0%  swp=13.1±12.9  fid=0.0000  rew=+38.77
step=460800  rew=+74.788  swp=61.2  map=1.6  trunc=0%  pl=-0.001  vl=0.924  ent=1.090  kl=0.4970  gn=1.171
  line_20q      4762ep | trunc=0%  swp=43.6±49.7  fid=0.0000  rew=+38.01
  ring_20q      4714ep | trunc=0%  swp=36.2±35.4  fid=0.0000  rew=+38.75
  grid_5x4_20q  4677ep | trunc=0%  swp=13.1±12.9  fid=0.0000  rew=+38.77
step=461056  rew=+62.770  swp=45.2  map=1.9  trunc=0%  pl=-0.016  vl=0.396  ent=0.710  kl=0.0802  gn=1.474
  line_20q      4765ep | trunc=0%  swp=43.6±49.7  fid=0.0000  rew=+38.01
  ring_20q      4717ep | trunc=0%  swp=36.2±35.3  fid=0.0000  rew=+38.76
  grid_5x4_20q  4679ep | trunc=0%  swp=13.1±12.9  fid=0.0000  rew=+38.79
step=461312  rew=+67.142  swp=39.9  map=2.5  trunc=0%  pl=0.009  vl=0.197  ent=1.336  kl=0.2394  gn=1.201
  line_20q      4765ep | trunc=0%  swp=43.6±49.7  fid=0.0000  rew=+38.01
  ring_20q      4721ep | trunc=0%  swp=36.2±35.4  fid=0.0000  rew=+38.78
  grid_5x4_20q  4681ep | trunc=0%  swp=13.1±12.9  fid=0.0000  rew=+38.83
step=461568  rew=+67.695  swp=41.4  map=2.5  trunc=0%  pl=0.057  vl=1.159  ent=1.893  kl=0.0439  gn=1.382
  line_20q      4766ep | trunc=0%  swp=43.6±49.7  fid=0.0000  rew=+38.02
  ring_20q      4721ep | trunc=0%  swp=36.2±35.4  fid=0.0000  rew=+38.78
  grid_5x4_20q  4681ep | trunc=0%  swp=13.1±12.9  fid=0.0000  rew=+38.83
step=461824  rew=+71.470  swp=52.8  map=2.1  trunc=0%  pl=-0.007  vl=0.470  ent=1.880  kl=0.0408  gn=0.763
  line_20q      4767ep | trunc=0%  swp=43.6±49.8  fid=0.0000  rew=+38.04
  ring_20q      4721ep | trunc=0%  swp=36.2±35.4  fid=0.0000  rew=+38.78
  grid_5x4_20q  4682ep | trunc=0%  swp=13.1±12.9  fid=0.0000  rew=+38.83
step=462080  rew=+75.590  swp=56.6  map=2.0  trunc=0%  pl=-0.023  vl=0.449  ent=0.679  kl=0.3297  gn=2.154
  line_20q      4769ep | trunc=0%  swp=43.6±49.8  fid=0.0000  rew=+38.05
  ring_20q      4723ep | trunc=0%  swp=36.3±35.4  fid=0.0000  rew=+38.80
  grid_5x4_20q  4685ep | trunc=0%  swp=13.1±12.9  fid=0.0000  rew=+38.85
step=462336  rew=+73.031  swp=58.0  map=2.4  trunc=0%  pl=0.029  vl=0.619  ent=0.961  kl=0.5849  gn=2.409
  line_20q      4771ep | trunc=0%  swp=43.6±49.8  fid=0.0000  rew=+38.07
  ring_20q      4726ep | trunc=0%  swp=36.3±35.4  fid=0.0000  rew=+38.81
  grid_5x4_20q  4685ep | trunc=0%  swp=13.1±12.9  fid=0.0000  rew=+38.85
step=462592  rew=+73.991  swp=62.1  map=1.9  trunc=0%  pl=-0.039  vl=0.348  ent=1.533  kl=0.1873  gn=1.382
  line_20q      4772ep | trunc=0%  swp=43.6±49.8  fid=0.0000  rew=+38.07
  ring_20q      4727ep | trunc=0%  swp=36.3±35.4  fid=0.0000  rew=+38.82
  grid_5x4_20q  4686ep | trunc=0%  swp=13.1±12.9  fid=0.0000  rew=+38.87
step=462848  rew=+73.358  swp=54.1  map=2.0  trunc=0%  pl=-0.020  vl=0.149  ent=1.063  kl=0.1655  gn=1.399
  line_20q      4773ep | trunc=0%  swp=43.6±49.8  fid=0.0000  rew=+38.08
  ring_20q      4729ep | trunc=0%  swp=36.3±35.4  fid=0.0000  rew=+38.84
  grid_5x4_20q  4687ep | trunc=0%  swp=13.1±12.9  fid=0.0000  rew=+38.88
step=463104  rew=+74.043  swp=56.4  map=2.4  trunc=0%  pl=-0.002  vl=0.718  ent=1.673  kl=0.1216  gn=1.628
  line_20q      4774ep | trunc=0%  swp=43.6±49.8  fid=0.0000  rew=+38.09
  ring_20q      4730ep | trunc=0%  swp=36.3±35.4  fid=0.0000  rew=+38.84
  grid_5x4_20q  4687ep | trunc=0%  swp=13.1±12.9  fid=0.0000  rew=+38.88
step=463360  rew=+74.449  swp=62.5  map=2.0  trunc=0%  pl=-0.005  vl=0.143  ent=1.610  kl=0.2160  gn=1.356
  line_20q      4775ep | trunc=0%  swp=43.7±49.9  fid=0.0000  rew=+38.10
  ring_20q      4731ep | trunc=0%  swp=36.3±35.4  fid=0.0000  rew=+38.84
  grid_5x4_20q  4688ep | trunc=0%  swp=13.1±12.9  fid=0.0000  rew=+38.89
step=463616  rew=+76.947  swp=72.8  map=1.7  trunc=0%  pl=-0.021  vl=0.341  ent=1.759  kl=0.1525  gn=1.426
  line_20q      4777ep | trunc=0%  swp=43.7±49.9  fid=0.0000  rew=+38.12
  ring_20q      4731ep | trunc=0%  swp=36.3±35.4  fid=0.0000  rew=+38.84
  grid_5x4_20q  4689ep | trunc=0%  swp=13.2±12.9  fid=0.0000  rew=+38.90
step=463872  rew=+77.029  swp=76.0  map=1.4  trunc=0%  pl=0.038  vl=0.789  ent=1.867  kl=0.0593  gn=1.488
  line_20q      4777ep | trunc=0%  swp=43.7±49.9  fid=0.0000  rew=+38.12
  ring_20q      4732ep | trunc=0%  swp=36.3±35.4  fid=0.0000  rew=+38.85
  grid_5x4_20q  4689ep | trunc=0%  swp=13.2±12.9  fid=0.0000  rew=+38.90
step=464128  rew=+83.212  swp=92.9  map=0.9  trunc=0%  pl=0.035  vl=0.770  ent=1.084  kl=0.1375  gn=1.460
  line_20q      4779ep | trunc=0%  swp=43.8±50.1  fid=0.0000  rew=+38.15
  ring_20q      4732ep | trunc=0%  swp=36.3±35.4  fid=0.0000  rew=+38.85
  grid_5x4_20q  4690ep | trunc=0%  swp=13.2±12.9  fid=0.0000  rew=+38.91
step=464384  rew=+81.997  swp=85.9  map=1.2  trunc=0%  pl=-0.018  vl=0.272  ent=1.095  kl=0.0539  gn=1.592
  line_20q      4781ep | trunc=0%  swp=43.8±50.1  fid=0.0000  rew=+38.16
  ring_20q      4732ep | trunc=0%  swp=36.3±35.4  fid=0.0000  rew=+38.85
  grid_5x4_20q  4693ep | trunc=0%  swp=13.2±12.9  fid=0.0000  rew=+38.94
step=464640  rew=+84.730  swp=84.8  map=1.1  trunc=0%  pl=-0.052  vl=0.248  ent=1.426  kl=0.1255  gn=0.834
  line_20q      4781ep | trunc=0%  swp=43.8±50.1  fid=0.0000  rew=+38.16
  ring_20q      4735ep | trunc=0%  swp=36.3±35.5  fid=0.0000  rew=+38.88
  grid_5x4_20q  4694ep | trunc=0%  swp=13.2±12.9  fid=0.0000  rew=+38.96
step=464896  rew=+82.199  swp=74.6  map=1.1  trunc=0%  pl=-0.041  vl=0.151  ent=1.083  kl=0.1464  gn=1.442
  line_20q      4782ep | trunc=0%  swp=43.8±50.1  fid=0.0000  rew=+38.18
  ring_20q      4736ep | trunc=0%  swp=36.3±35.5  fid=0.0000  rew=+38.88
  grid_5x4_20q  4695ep | trunc=0%  swp=13.2±12.9  fid=0.0000  rew=+38.96
step=465152  rew=+83.906  swp=76.3  map=1.3  trunc=0%  pl=0.039  vl=0.773  ent=1.469  kl=0.1326  gn=1.506
  line_20q      4784ep | trunc=0%  swp=43.8±50.1  fid=0.0000  rew=+38.20
  ring_20q      4736ep | trunc=0%  swp=36.3±35.5  fid=0.0000  rew=+38.88
  grid_5x4_20q  4696ep | trunc=0%  swp=13.2±13.0  fid=0.0000  rew=+38.98
step=465408  rew=+87.356  swp=83.5  map=1.3  trunc=0%  pl=0.003  vl=0.800  ent=1.830  kl=0.0514  gn=1.518
  line_20q      4784ep | trunc=0%  swp=43.8±50.1  fid=0.0000  rew=+38.20
  ring_20q      4737ep | trunc=0%  swp=36.4±35.5  fid=0.0000  rew=+38.90
  grid_5x4_20q  4696ep | trunc=0%  swp=13.2±13.0  fid=0.0000  rew=+38.98
step=465664  rew=+89.660  swp=76.8  map=1.3  trunc=0%  pl=-0.001  vl=0.533  ent=1.877  kl=0.0254  gn=1.288
  line_20q      4784ep | trunc=0%  swp=43.8±50.1  fid=0.0000  rew=+38.20
  ring_20q      4739ep | trunc=0%  swp=36.4±35.5  fid=0.0000  rew=+38.93
  grid_5x4_20q  4696ep | trunc=0%  swp=13.2±13.0  fid=0.0000  rew=+38.98
step=465920  rew=+85.665  swp=75.9  map=1.4  trunc=0%  pl=-0.007  vl=0.659  ent=0.761  kl=0.0865  gn=2.012
  line_20q      4786ep | trunc=0%  swp=43.8±50.1  fid=0.0000  rew=+38.20
  ring_20q      4742ep | trunc=0%  swp=36.4±35.6  fid=0.0000  rew=+38.96
  grid_5x4_20q  4696ep | trunc=0%  swp=13.2±13.0  fid=0.0000  rew=+38.98
step=466176  rew=+82.493  swp=73.8  map=1.8  trunc=0%  pl=-0.004  vl=0.389  ent=0.980  kl=0.0689  gn=1.335
  line_20q      4787ep | trunc=0%  swp=43.9±50.1  fid=0.0000  rew=+38.21
  ring_20q      4743ep | trunc=0%  swp=36.4±35.6  fid=0.0000  rew=+38.96
  grid_5x4_20q  4700ep | trunc=0%  swp=13.2±13.0  fid=0.0000  rew=+39.00
step=466432  rew=+83.687  swp=72.1  map=1.8  trunc=0%  pl=0.014  vl=1.063  ent=2.045  kl=0.0473  gn=1.161
  line_20q      4787ep | trunc=0%  swp=43.9±50.1  fid=0.0000  rew=+38.21
  ring_20q      4744ep | trunc=0%  swp=36.4±35.6  fid=0.0000  rew=+38.98
  grid_5x4_20q  4700ep | trunc=0%  swp=13.2±13.0  fid=0.0000  rew=+39.00
step=466688  rew=+84.297  swp=78.7  map=1.9  trunc=0%  pl=0.048  vl=0.406  ent=1.004  kl=0.1070  gn=1.538
  line_20q      4789ep | trunc=0%  swp=43.9±50.2  fid=0.0000  rew=+38.23
  ring_20q      4744ep | trunc=0%  swp=36.4±35.6  fid=0.0000  rew=+38.98
  grid_5x4_20q  4702ep | trunc=0%  swp=13.2±13.0  fid=0.0000  rew=+39.03
step=466944  rew=+81.970  swp=72.1  map=2.0  trunc=0%  pl=-0.025  vl=0.754  ent=1.536  kl=0.0526  gn=1.228
  line_20q      4791ep | trunc=0%  swp=43.9±50.2  fid=0.0000  rew=+38.25
  ring_20q      4745ep | trunc=0%  swp=36.5±35.6  fid=0.0000  rew=+39.00
  grid_5x4_20q  4702ep | trunc=0%  swp=13.2±13.0  fid=0.0000  rew=+39.03
step=467200  rew=+77.398  swp=56.0  map=2.4  trunc=0%  pl=0.028  vl=0.478  ent=0.751  kl=0.0611  gn=1.879
  line_20q      4791ep | trunc=0%  swp=43.9±50.2  fid=0.0000  rew=+38.25
  ring_20q      4750ep | trunc=0%  swp=36.5±35.6  fid=0.0000  rew=+39.02
  grid_5x4_20q  4704ep | trunc=0%  swp=13.2±13.0  fid=0.0000  rew=+39.04
step=467456  rew=+77.605  swp=59.8  map=2.0  trunc=0%  pl=0.012  vl=0.703  ent=1.798  kl=0.0510  gn=1.600
  line_20q      4791ep | trunc=0%  swp=43.9±50.2  fid=0.0000  rew=+38.25
  ring_20q      4751ep | trunc=0%  swp=36.5±35.6  fid=0.0000  rew=+39.03
  grid_5x4_20q  4704ep | trunc=0%  swp=13.2±13.0  fid=0.0000  rew=+39.04
step=467712  rew=+70.872  swp=48.6  map=1.9  trunc=0%  pl=-0.004  vl=0.492  ent=0.791  kl=0.1024  gn=1.363
  line_20q      4794ep | trunc=0%  swp=43.9±50.2  fid=0.0000  rew=+38.27
  ring_20q      4752ep | trunc=0%  swp=36.5±35.6  fid=0.0000  rew=+39.03
  grid_5x4_20q  4709ep | trunc=0%  swp=13.2±13.0  fid=0.0000  rew=+39.08
step=467968  rew=+67.529  swp=44.4  map=1.9  trunc=0%  pl=0.026  vl=0.610  ent=1.476  kl=0.0616  gn=1.350
  line_20q      4795ep | trunc=0%  swp=43.9±50.2  fid=0.0000  rew=+38.27
  ring_20q      4753ep | trunc=0%  swp=36.5±35.6  fid=0.0000  rew=+39.04
  grid_5x4_20q  4710ep | trunc=0%  swp=13.2±13.0  fid=0.0000  rew=+39.08
step=468224  rew=+70.195  swp=48.0  map=1.9  trunc=0%  pl=0.010  vl=0.698  ent=1.555  kl=0.0212  gn=1.039
  line_20q      4796ep | trunc=0%  swp=43.9±50.2  fid=0.0000  rew=+38.29
  ring_20q      4754ep | trunc=0%  swp=36.5±35.6  fid=0.0000  rew=+39.06
  grid_5x4_20q  4710ep | trunc=0%  swp=13.2±13.0  fid=0.0000  rew=+39.08
step=468480  rew=+78.342  swp=61.4  map=1.8  trunc=0%  pl=0.039  vl=0.618  ent=0.813  kl=0.1130  gn=2.176
  line_20q      4799ep | trunc=0%  swp=43.9±50.2  fid=0.0000  rew=+38.30
  ring_20q      4755ep | trunc=0%  swp=36.6±35.7  fid=0.0000  rew=+39.09
  grid_5x4_20q  4711ep | trunc=0%  swp=13.2±13.0  fid=0.0000  rew=+39.09
step=468736  rew=+77.267  swp=57.8  map=1.7  trunc=0%  pl=-0.004  vl=0.500  ent=1.437  kl=0.0549  gn=1.504
  line_20q      4800ep | trunc=0%  swp=43.9±50.2  fid=0.0000  rew=+38.30
  ring_20q      4757ep | trunc=0%  swp=36.6±35.7  fid=0.0000  rew=+39.11
  grid_5x4_20q  4711ep | trunc=0%  swp=13.2±13.0  fid=0.0000  rew=+39.09
step=468992  rew=+89.033  swp=64.7  map=3.1  trunc=0%  pl=0.002  vl=0.472  ent=0.884  kl=0.1636  gn=2.004
  line_20q      4802ep | trunc=0%  swp=43.9±50.2  fid=0.0000  rew=+38.32
  ring_20q      4758ep | trunc=0%  swp=36.6±35.7  fid=0.0000  rew=+39.12
  grid_5x4_20q  4713ep | trunc=0%  swp=13.2±13.0  fid=0.0000  rew=+39.13
step=469248  rew=+88.249  swp=64.0  map=3.1  trunc=0%  pl=-0.022  vl=0.407  ent=1.133  kl=0.1301  gn=1.858
  line_20q      4804ep | trunc=0%  swp=44.0±50.2  fid=0.0000  rew=+38.34
  ring_20q      4759ep | trunc=0%  swp=36.6±35.7  fid=0.0000  rew=+39.12
  grid_5x4_20q  4715ep | trunc=0%  swp=13.2±13.0  fid=0.0000  rew=+39.15
step=469504  rew=+87.865  swp=64.0  map=3.1  trunc=0%  pl=-0.010  vl=0.730  ent=1.959  kl=0.0344  gn=1.432
  line_20q      4804ep | trunc=0%  swp=44.0±50.2  fid=0.0000  rew=+38.34
  ring_20q      4760ep | trunc=0%  swp=36.6±35.8  fid=0.0000  rew=+39.14
  grid_5x4_20q  4715ep | trunc=0%  swp=13.2±13.0  fid=0.0000  rew=+39.15
step=469760  rew=+87.657  swp=55.4  map=4.6  trunc=0%  pl=0.092  vl=0.558  ent=0.823  kl=0.4868  gn=1.369
  line_20q      4804ep | trunc=0%  swp=44.0±50.2  fid=0.0000  rew=+38.34
  ring_20q      4762ep | trunc=0%  swp=36.6±35.8  fid=0.0000  rew=+39.16
  grid_5x4_20q  4719ep | trunc=0%  swp=13.2±13.0  fid=0.0000  rew=+39.19
step=470016  rew=+89.701  swp=58.4  map=5.0  trunc=0%  pl=0.004  vl=0.369  ent=1.579  kl=0.0272  gn=1.225
  line_20q      4806ep | trunc=0%  swp=44.0±50.2  fid=0.0000  rew=+38.36
  ring_20q      4762ep | trunc=0%  swp=36.6±35.8  fid=0.0000  rew=+39.16
  grid_5x4_20q  4720ep | trunc=0%  swp=13.2±13.0  fid=0.0000  rew=+39.20
step=470272  rew=+87.375  swp=62.1  map=4.2  trunc=0%  pl=-0.035  vl=0.534  ent=1.504  kl=0.1934  gn=2.060
  line_20q      4807ep | trunc=0%  swp=44.0±50.2  fid=0.0000  rew=+38.38
  ring_20q      4763ep | trunc=0%  swp=36.6±35.8  fid=0.0000  rew=+39.16
  grid_5x4_20q  4721ep | trunc=0%  swp=13.2±13.0  fid=0.0000  rew=+39.21
step=470528  rew=+86.560  swp=64.9  map=3.8  trunc=0%  pl=-0.019  vl=0.733  ent=1.448  kl=0.0533  gn=1.534
  line_20q      4808ep | trunc=0%  swp=44.0±50.2  fid=0.0000  rew=+38.39
  ring_20q      4765ep | trunc=0%  swp=36.6±35.8  fid=0.0000  rew=+39.18
  grid_5x4_20q  4721ep | trunc=0%  swp=13.2±13.0  fid=0.0000  rew=+39.21
step=470784  rew=+87.977  swp=73.8  map=3.4  trunc=0%  pl=0.004  vl=0.567  ent=1.591  kl=0.2231  gn=1.156
  line_20q      4810ep | trunc=0%  swp=44.1±50.2  fid=0.0000  rew=+38.41
  ring_20q      4765ep | trunc=0%  swp=36.6±35.8  fid=0.0000  rew=+39.18
  grid_5x4_20q  4721ep | trunc=0%  swp=13.2±13.0  fid=0.0000  rew=+39.21
step=471040  rew=+81.920  swp=64.5  map=2.8  trunc=0%  pl=0.013  vl=0.504  ent=0.831  kl=0.0891  gn=1.725
  line_20q      4811ep | trunc=0%  swp=44.1±50.2  fid=0.0000  rew=+38.41
  ring_20q      4767ep | trunc=0%  swp=36.6±35.8  fid=0.0000  rew=+39.19
  grid_5x4_20q  4725ep | trunc=0%  swp=13.3±13.0  fid=0.0000  rew=+39.25
step=471296  rew=+83.754  swp=77.6  map=2.0  trunc=0%  pl=-0.012  vl=0.505  ent=2.013  kl=0.0242  gn=0.949
  line_20q      4811ep | trunc=0%  swp=44.1±50.2  fid=0.0000  rew=+38.41
  ring_20q      4769ep | trunc=0%  swp=36.7±35.9  fid=0.0000  rew=+39.22
  grid_5x4_20q  4725ep | trunc=0%  swp=13.3±13.0  fid=0.0000  rew=+39.25
step=471552  rew=+85.580  swp=69.7  map=1.8  trunc=0%  pl=-0.038  vl=0.296  ent=1.395  kl=0.1207  gn=1.686
  line_20q      4811ep | trunc=0%  swp=44.1±50.2  fid=0.0000  rew=+38.41
  ring_20q      4770ep | trunc=0%  swp=36.7±35.9  fid=0.0000  rew=+39.22
  grid_5x4_20q  4727ep | trunc=0%  swp=13.3±13.0  fid=0.0000  rew=+39.29
step=471808  rew=+87.344  swp=75.8  map=1.4  trunc=0%  pl=-0.013  vl=0.379  ent=1.563  kl=0.0258  gn=0.979
  line_20q      4812ep | trunc=0%  swp=44.1±50.3  fid=0.0000  rew=+38.42
  ring_20q      4771ep | trunc=0%  swp=36.7±35.9  fid=0.0000  rew=+39.24
  grid_5x4_20q  4727ep | trunc=0%  swp=13.3±13.0  fid=0.0000  rew=+39.29
step=472064  rew=+87.555  swp=76.8  map=1.4  trunc=0%  pl=0.009  vl=0.931  ent=1.871  kl=0.0285  gn=1.376
  line_20q      4814ep | trunc=0%  swp=44.1±50.3  fid=0.0000  rew=+38.44
  ring_20q      4771ep | trunc=0%  swp=36.7±35.9  fid=0.0000  rew=+39.24
  grid_5x4_20q  4727ep | trunc=0%  swp=13.3±13.0  fid=0.0000  rew=+39.29
step=472320  rew=+90.841  swp=71.2  map=1.7  trunc=0%  pl=0.006  vl=0.280  ent=1.293  kl=0.0432  gn=1.705
  line_20q      4815ep | trunc=0%  swp=44.1±50.3  fid=0.0000  rew=+38.45
  ring_20q      4773ep | trunc=0%  swp=36.8±35.9  fid=0.0000  rew=+39.28
  grid_5x4_20q  4729ep | trunc=0%  swp=13.3±13.0  fid=0.0000  rew=+39.30
step=472576  rew=+93.053  swp=77.4  map=1.3  trunc=0%  pl=0.013  vl=0.317  ent=1.594  kl=0.0233  gn=1.346
  line_20q      4815ep | trunc=0%  swp=44.1±50.3  fid=0.0000  rew=+38.45
  ring_20q      4775ep | trunc=0%  swp=36.8±36.0  fid=0.0000  rew=+39.31
  grid_5x4_20q  4732ep | trunc=0%  swp=13.3±13.0  fid=0.0000  rew=+39.31
step=472832  rew=+90.717  swp=67.8  map=2.0  trunc=0%  pl=-0.041  vl=0.246  ent=1.272  kl=0.0877  gn=1.512
  line_20q      4816ep | trunc=0%  swp=44.1±50.3  fid=0.0000  rew=+38.45
  ring_20q      4776ep | trunc=0%  swp=36.8±36.0  fid=0.0000  rew=+39.32
  grid_5x4_20q  4735ep | trunc=0%  swp=13.3±13.1  fid=0.0000  rew=+39.35
step=473088  rew=+88.746  swp=70.8  map=1.9  trunc=0%  pl=0.039  vl=1.242  ent=1.925  kl=0.0384  gn=1.933
  line_20q      4816ep | trunc=0%  swp=44.1±50.3  fid=0.0000  rew=+38.45
  ring_20q      4777ep | trunc=0%  swp=36.8±36.0  fid=0.0000  rew=+39.33
  grid_5x4_20q  4735ep | trunc=0%  swp=13.3±13.1  fid=0.0000  rew=+39.35
step=473344  rew=+89.021  swp=72.5  map=2.0  trunc=0%  pl=0.003  vl=0.477  ent=1.434  kl=0.0594  gn=0.998
  line_20q      4818ep | trunc=0%  swp=44.2±50.4  fid=0.0000  rew=+38.48
  ring_20q      4777ep | trunc=0%  swp=36.8±36.0  fid=0.0000  rew=+39.33
  grid_5x4_20q  4735ep | trunc=0%  swp=13.3±13.1  fid=0.0000  rew=+39.35
step=473600  rew=+80.785  swp=64.2  map=2.4  trunc=0%  pl=0.059  vl=0.159  ent=1.195  kl=0.2393  gn=1.019
  line_20q      4820ep | trunc=0%  swp=44.2±50.4  fid=0.0000  rew=+38.49
  ring_20q      4779ep | trunc=0%  swp=36.8±36.0  fid=0.0000  rew=+39.34
  grid_5x4_20q  4736ep | trunc=0%  swp=13.3±13.1  fid=0.0000  rew=+39.36
step=473856  rew=+81.373  swp=67.8  map=2.8  trunc=0%  pl=-0.004  vl=0.221  ent=1.491  kl=0.0601  gn=2.384
  line_20q      4820ep | trunc=0%  swp=44.2±50.4  fid=0.0000  rew=+38.49
  ring_20q      4781ep | trunc=0%  swp=36.8±36.0  fid=0.0000  rew=+39.36
  grid_5x4_20q  4737ep | trunc=0%  swp=13.3±13.1  fid=0.0000  rew=+39.36
step=474112  rew=+82.282  swp=68.8  map=3.0  trunc=0%  pl=-0.007  vl=0.079  ent=1.519  kl=0.2184  gn=1.395
  line_20q      4821ep | trunc=0%  swp=44.2±50.4  fid=0.0000  rew=+38.50
  ring_20q      4782ep | trunc=0%  swp=36.9±36.0  fid=0.0000  rew=+39.37
  grid_5x4_20q  4739ep | trunc=0%  swp=13.3±13.1  fid=0.0000  rew=+39.38
step=474368  rew=+74.584  swp=52.5  map=2.8  trunc=0%  pl=-0.022  vl=0.238  ent=1.138  kl=0.1241  gn=1.558
  line_20q      4823ep | trunc=0%  swp=44.2±50.5  fid=0.0000  rew=+38.52
  ring_20q      4783ep | trunc=0%  swp=36.9±36.0  fid=0.0000  rew=+39.37
  grid_5x4_20q  4743ep | trunc=0%  swp=13.3±13.0  fid=0.0000  rew=+39.40
step=474624  rew=+78.552  swp=55.4  map=2.9  trunc=0%  pl=0.017  vl=0.343  ent=1.604  kl=0.0415  gn=1.721
  line_20q      4824ep | trunc=0%  swp=44.2±50.5  fid=0.0000  rew=+38.54
  ring_20q      4784ep | trunc=0%  swp=36.9±36.0  fid=0.0000  rew=+39.37
  grid_5x4_20q  4744ep | trunc=0%  swp=13.3±13.1  fid=0.0000  rew=+39.42
step=474880  rew=+79.116  swp=47.4  map=2.9  trunc=0%  pl=0.010  vl=0.116  ent=1.453  kl=0.0411  gn=1.390
  line_20q      4824ep | trunc=0%  swp=44.2±50.5  fid=0.0000  rew=+38.54
  ring_20q      4785ep | trunc=0%  swp=36.9±36.0  fid=0.0000  rew=+39.38
  grid_5x4_20q  4747ep | trunc=0%  swp=13.3±13.1  fid=0.0000  rew=+39.45
step=475136  rew=+81.121  swp=58.0  map=2.0  trunc=0%  pl=-0.015  vl=0.433  ent=1.538  kl=0.0966  gn=1.034
  line_20q      4827ep | trunc=0%  swp=44.3±50.5  fid=0.0000  rew=+38.57
  ring_20q      4786ep | trunc=0%  swp=36.9±36.0  fid=0.0000  rew=+39.39
  grid_5x4_20q  4747ep | trunc=0%  swp=13.3±13.1  fid=0.0000  rew=+39.45
step=475392  rew=+76.517  swp=50.0  map=2.4  trunc=0%  pl=0.024  vl=0.318  ent=1.153  kl=0.0836  gn=2.084
  line_20q      4830ep | trunc=0%  swp=44.3±50.5  fid=0.0000  rew=+38.58
  ring_20q      4788ep | trunc=0%  swp=36.9±36.0  fid=0.0000  rew=+39.41
  grid_5x4_20q  4749ep | trunc=0%  swp=13.3±13.1  fid=0.0000  rew=+39.46
step=475648  rew=+77.046  swp=57.2  map=2.1  trunc=0%  pl=-0.013  vl=0.435  ent=1.634  kl=0.0254  gn=1.189
  line_20q      4832ep | trunc=0%  swp=44.3±50.5  fid=0.0000  rew=+38.59
  ring_20q      4788ep | trunc=0%  swp=36.9±36.0  fid=0.0000  rew=+39.41
  grid_5x4_20q  4750ep | trunc=0%  swp=13.3±13.1  fid=0.0000  rew=+39.47
step=475904  rew=+80.381  swp=58.0  map=2.2  trunc=0%  pl=-0.002  vl=0.228  ent=1.386  kl=0.0449  gn=2.192
  line_20q      4834ep | trunc=0%  swp=44.3±50.5  fid=0.0000  rew=+38.61
  ring_20q      4788ep | trunc=0%  swp=36.9±36.0  fid=0.0000  rew=+39.41
  grid_5x4_20q  4751ep | trunc=0%  swp=13.3±13.1  fid=0.0000  rew=+39.49
step=476160  rew=+78.179  swp=55.5  map=2.5  trunc=0%  pl=0.003  vl=0.165  ent=1.347  kl=0.2006  gn=1.765
  line_20q      4835ep | trunc=0%  swp=44.3±50.5  fid=0.0000  rew=+38.63
  ring_20q      4790ep | trunc=0%  swp=36.9±36.0  fid=0.0000  rew=+39.41
  grid_5x4_20q  4754ep | trunc=0%  swp=13.3±13.1  fid=0.0000  rew=+39.52
step=476416  rew=+74.614  swp=52.2  map=2.0  trunc=0%  pl=0.004  vl=0.184  ent=1.341  kl=0.0637  gn=1.299
  line_20q      4836ep | trunc=0%  swp=44.3±50.5  fid=0.0000  rew=+38.63
  ring_20q      4793ep | trunc=0%  swp=36.9±36.1  fid=0.0000  rew=+39.43
  grid_5x4_20q  4755ep | trunc=0%  swp=13.3±13.1  fid=0.0000  rew=+39.52
step=476672  rew=+81.106  swp=59.6  map=2.0  trunc=0%  pl=0.016  vl=0.122  ent=1.457  kl=0.0454  gn=1.207
  line_20q      4836ep | trunc=0%  swp=44.3±50.5  fid=0.0000  rew=+38.63
  ring_20q      4796ep | trunc=0%  swp=36.9±36.1  fid=0.0000  rew=+39.47
  grid_5x4_20q  4756ep | trunc=0%  swp=13.3±13.1  fid=0.0000  rew=+39.53
step=476928  rew=+82.168  swp=59.2  map=2.0  trunc=0%  pl=0.009  vl=0.239  ent=1.606  kl=0.0401  gn=1.089
  line_20q      4837ep | trunc=0%  swp=44.3±50.5  fid=0.0000  rew=+38.64
  ring_20q      4797ep | trunc=0%  swp=37.0±36.1  fid=0.0000  rew=+39.49
  grid_5x4_20q  4756ep | trunc=0%  swp=13.3±13.1  fid=0.0000  rew=+39.53
step=477184  rew=+85.198  swp=62.0  map=1.9  trunc=0%  pl=-0.007  vl=0.768  ent=1.797  kl=0.0307  gn=1.240
  line_20q      4837ep | trunc=0%  swp=44.3±50.5  fid=0.0000  rew=+38.64
  ring_20q      4799ep | trunc=0%  swp=37.0±36.2  fid=0.0000  rew=+39.52
  grid_5x4_20q  4757ep | trunc=0%  swp=13.3±13.1  fid=0.0000  rew=+39.55
step=477440  rew=+84.498  swp=70.2  map=1.5  trunc=0%  pl=0.009  vl=0.413  ent=1.621  kl=0.0528  gn=1.189
  line_20q      4838ep | trunc=0%  swp=44.3±50.6  fid=0.0000  rew=+38.65
  ring_20q      4801ep | trunc=0%  swp=37.0±36.2  fid=0.0000  rew=+39.53
  grid_5x4_20q  4757ep | trunc=0%  swp=13.3±13.1  fid=0.0000  rew=+39.55
step=477696  rew=+83.303  swp=61.3  map=1.9  trunc=0%  pl=0.029  vl=1.518  ent=0.671  kl=0.0719  gn=2.137
  line_20q      4841ep | trunc=0%  swp=44.3±50.6  fid=0.0000  rew=+38.66
  ring_20q      4803ep | trunc=0%  swp=37.0±36.2  fid=0.0000  rew=+39.54
  grid_5x4_20q  4759ep | trunc=0%  swp=13.3±13.1  fid=0.0000  rew=+39.57
step=477952  rew=+82.968  swp=59.7  map=2.0  trunc=0%  pl=0.000  vl=0.357  ent=1.434  kl=0.0584  gn=2.318
  line_20q      4841ep | trunc=0%  swp=44.3±50.6  fid=0.0000  rew=+38.66
  ring_20q      4805ep | trunc=0%  swp=37.0±36.2  fid=0.0000  rew=+39.56
  grid_5x4_20q  4762ep | trunc=0%  swp=13.3±13.1  fid=0.0000  rew=+39.59
step=478208  rew=+73.811  swp=35.4  map=2.6  trunc=0%  pl=-0.001  vl=0.242  ent=1.034  kl=0.2142  gn=2.001
  line_20q      4842ep | trunc=0%  swp=44.3±50.6  fid=0.0000  rew=+38.66
  ring_20q      4808ep | trunc=0%  swp=37.0±36.2  fid=0.0000  rew=+39.58
  grid_5x4_20q  4766ep | trunc=0%  swp=13.4±13.1  fid=0.0000  rew=+39.62
step=478464  rew=+73.758  swp=33.7  map=2.5  trunc=0%  pl=-0.015  vl=0.839  ent=1.773  kl=0.0563  gn=1.123
  line_20q      4842ep | trunc=0%  swp=44.3±50.6  fid=0.0000  rew=+38.66
  ring_20q      4809ep | trunc=0%  swp=37.0±36.2  fid=0.0000  rew=+39.59
  grid_5x4_20q  4767ep | trunc=0%  swp=13.4±13.1  fid=0.0000  rew=+39.63
step=478720  rew=+82.071  swp=51.0  map=2.1  trunc=0%  pl=-0.022  vl=0.406  ent=1.584  kl=0.1718  gn=1.856
  line_20q      4843ep | trunc=0%  swp=44.4±50.6  fid=0.0000  rew=+38.68
  ring_20q      4810ep | trunc=0%  swp=37.0±36.2  fid=0.0000  rew=+39.60
  grid_5x4_20q  4768ep | trunc=0%  swp=13.4±13.1  fid=0.0000  rew=+39.65
step=478976  rew=+87.215  swp=59.5  map=2.0  trunc=0%  pl=0.014  vl=0.653  ent=1.890  kl=0.0452  gn=1.051
  line_20q      4843ep | trunc=0%  swp=44.4±50.6  fid=0.0000  rew=+38.68
  ring_20q      4812ep | trunc=0%  swp=37.1±36.2  fid=0.0000  rew=+39.63
  grid_5x4_20q  4768ep | trunc=0%  swp=13.4±13.1  fid=0.0000  rew=+39.65
step=479232  rew=+85.686  swp=58.2  map=2.0  trunc=0%  pl=0.022  vl=0.571  ent=0.989  kl=0.1071  gn=1.582
  line_20q      4845ep | trunc=0%  swp=44.4±50.6  fid=0.0000  rew=+38.68
  ring_20q      4813ep | trunc=0%  swp=37.1±36.2  fid=0.0000  rew=+39.65
  grid_5x4_20q  4771ep | trunc=0%  swp=13.4±13.1  fid=0.0000  rew=+39.68
step=479488  rew=+83.816  swp=61.5  map=1.8  trunc=0%  pl=-0.003  vl=0.692  ent=0.932  kl=0.2196  gn=1.015
  line_20q      4848ep | trunc=0%  swp=44.4±50.6  fid=0.0000  rew=+38.71
  ring_20q      4815ep | trunc=0%  swp=37.1±36.2  fid=0.0000  rew=+39.65
  grid_5x4_20q  4772ep | trunc=0%  swp=13.4±13.1  fid=0.0000  rew=+39.70
step=479744  rew=+83.500  swp=58.4  map=2.2  trunc=0%  pl=-0.040  vl=0.561  ent=1.363  kl=0.1262  gn=0.869
  line_20q      4852ep | trunc=0%  swp=44.4±50.6  fid=0.0000  rew=+38.73
  ring_20q      4815ep | trunc=0%  swp=37.1±36.2  fid=0.0000  rew=+39.65
  grid_5x4_20q  4772ep | trunc=0%  swp=13.4±13.1  fid=0.0000  rew=+39.70
step=480000  rew=+68.912  swp=49.4  map=2.1  trunc=0%  pl=-0.045  vl=0.400  ent=1.520  kl=0.0820  gn=1.130
  line_20q      4854ep | trunc=0%  swp=44.4±50.6  fid=0.0000  rew=+38.74
  ring_20q      4817ep | trunc=0%  swp=37.1±36.2  fid=0.0000  rew=+39.65
  grid_5x4_20q  4772ep | trunc=0%  swp=13.4±13.1  fid=0.0000  rew=+39.70
step=480256  rew=+71.246  swp=52.2  map=2.0  trunc=0%  pl=-0.048  vl=0.264  ent=1.633  kl=0.1083  gn=1.680
  line_20q      4855ep | trunc=0%  swp=44.4±50.7  fid=0.0000  rew=+38.76
  ring_20q      4817ep | trunc=0%  swp=37.1±36.2  fid=0.0000  rew=+39.65
  grid_5x4_20q  4773ep | trunc=0%  swp=13.4±13.2  fid=0.0000  rew=+39.72
step=480512  rew=+75.992  swp=62.8  map=2.0  trunc=0%  pl=0.007  vl=0.284  ent=1.622  kl=0.0182  gn=0.841
  line_20q      4856ep | trunc=0%  swp=44.4±50.7  fid=0.0000  rew=+38.78
  ring_20q      4819ep | trunc=0%  swp=37.1±36.2  fid=0.0000  rew=+39.66
  grid_5x4_20q  4773ep | trunc=0%  swp=13.4±13.2  fid=0.0000  rew=+39.72
step=480768  rew=+76.560  swp=68.3  map=1.7  trunc=0%  pl=0.019  vl=0.313  ent=1.391  kl=0.1798  gn=0.995
  line_20q      4857ep | trunc=0%  swp=44.5±50.7  fid=0.0000  rew=+38.79
  ring_20q      4820ep | trunc=0%  swp=37.1±36.2  fid=0.0000  rew=+39.67
  grid_5x4_20q  4775ep | trunc=0%  swp=13.4±13.1  fid=0.0000  rew=+39.73
step=481024  rew=+80.560  swp=63.6  map=1.5  trunc=0%  pl=0.024  vl=0.740  ent=1.129  kl=0.0881  gn=1.724
  line_20q      4857ep | trunc=0%  swp=44.5±50.7  fid=0.0000  rew=+38.79
  ring_20q      4822ep | trunc=0%  swp=37.1±36.2  fid=0.0000  rew=+39.69
  grid_5x4_20q  4779ep | trunc=0%  swp=13.4±13.2  fid=0.0000  rew=+39.76
step=481280  rew=+87.373  swp=70.5  map=1.7  trunc=0%  pl=0.003  vl=0.409  ent=1.381  kl=0.1069  gn=1.177
  line_20q      4858ep | trunc=0%  swp=44.5±50.7  fid=0.0000  rew=+38.80
  ring_20q      4824ep | trunc=0%  swp=37.1±36.3  fid=0.0000  rew=+39.71
  grid_5x4_20q  4779ep | trunc=0%  swp=13.4±13.2  fid=0.0000  rew=+39.76
step=481536  rew=+89.209  swp=72.5  map=1.9  trunc=0%  pl=0.009  vl=0.541  ent=1.862  kl=0.0329  gn=1.274
  line_20q      4859ep | trunc=0%  swp=44.5±50.8  fid=0.0000  rew=+38.82
  ring_20q      4824ep | trunc=0%  swp=37.1±36.3  fid=0.0000  rew=+39.71
  grid_5x4_20q  4780ep | trunc=0%  swp=13.4±13.2  fid=0.0000  rew=+39.76
step=481792  rew=+85.563  swp=70.3  map=2.0  trunc=0%  pl=0.013  vl=0.491  ent=1.831  kl=0.0266  gn=1.242
  line_20q      4860ep | trunc=0%  swp=44.5±50.8  fid=0.0000  rew=+38.82
  ring_20q      4825ep | trunc=0%  swp=37.2±36.3  fid=0.0000  rew=+39.74
  grid_5x4_20q  4780ep | trunc=0%  swp=13.4±13.2  fid=0.0000  rew=+39.76
step=482048  rew=+84.415  swp=75.5  map=2.0  trunc=0%  pl=-0.009  vl=0.461  ent=1.759  kl=0.0279  gn=0.988
  line_20q      4861ep | trunc=0%  swp=44.5±50.9  fid=0.0000  rew=+38.83
  ring_20q      4826ep | trunc=0%  swp=37.2±36.3  fid=0.0000  rew=+39.75
  grid_5x4_20q  4780ep | trunc=0%  swp=13.4±13.2  fid=0.0000  rew=+39.76
step=482304  rew=+91.595  swp=73.9  map=2.3  trunc=0%  pl=0.018  vl=1.314  ent=0.826  kl=0.1008  gn=1.962
  line_20q      4862ep | trunc=0%  swp=44.5±50.8  fid=0.0000  rew=+38.84
  ring_20q      4826ep | trunc=0%  swp=37.2±36.3  fid=0.0000  rew=+39.75
  grid_5x4_20q  4784ep | trunc=0%  swp=13.4±13.2  fid=0.0000  rew=+39.81
step=482560  rew=+92.819  swp=79.3  map=2.2  trunc=0%  pl=-0.046  vl=0.226  ent=1.626  kl=0.0783  gn=0.662
  line_20q      4864ep | trunc=0%  swp=44.6±50.9  fid=0.0000  rew=+38.87
  ring_20q      4826ep | trunc=0%  swp=37.2±36.3  fid=0.0000  rew=+39.75
  grid_5x4_20q  4785ep | trunc=0%  swp=13.4±13.2  fid=0.0000  rew=+39.82
step=482816  rew=+92.414  swp=87.1  map=1.7  trunc=0%  pl=-0.017  vl=0.340  ent=1.680  kl=0.0254  gn=0.878
  line_20q      4866ep | trunc=0%  swp=44.6±50.9  fid=0.0000  rew=+38.90
  ring_20q      4826ep | trunc=0%  swp=37.2±36.3  fid=0.0000  rew=+39.75
  grid_5x4_20q  4786ep | trunc=0%  swp=13.4±13.2  fid=0.0000  rew=+39.82
step=483072  rew=+96.045  swp=89.8  map=1.6  trunc=0%  pl=0.025  vl=0.198  ent=1.649  kl=0.0361  gn=1.424
  line_20q      4866ep | trunc=0%  swp=44.6±50.9  fid=0.0000  rew=+38.90
  ring_20q      4827ep | trunc=0%  swp=37.2±36.4  fid=0.0000  rew=+39.77
  grid_5x4_20q  4787ep | trunc=0%  swp=13.4±13.2  fid=0.0000  rew=+39.83
step=483328  rew=+93.071  swp=75.0  map=2.0  trunc=0%  pl=0.001  vl=0.416  ent=1.189  kl=0.0484  gn=1.531
  line_20q      4868ep | trunc=0%  swp=44.6±50.9  fid=0.0000  rew=+38.90
  ring_20q      4827ep | trunc=0%  swp=37.2±36.4  fid=0.0000  rew=+39.77
  grid_5x4_20q  4790ep | trunc=0%  swp=13.4±13.2  fid=0.0000  rew=+39.87
step=483584  rew=+91.524  swp=68.0  map=2.2  trunc=0%  pl=0.010  vl=0.421  ent=1.502  kl=0.0632  gn=1.477
  line_20q      4869ep | trunc=0%  swp=44.6±50.9  fid=0.0000  rew=+38.91
  ring_20q      4828ep | trunc=0%  swp=37.2±36.4  fid=0.0000  rew=+39.78
  grid_5x4_20q  4790ep | trunc=0%  swp=13.4±13.2  fid=0.0000  rew=+39.87
step=483840  rew=+88.155  swp=73.0  map=2.0  trunc=0%  pl=0.005  vl=0.161  ent=1.315  kl=0.0341  gn=1.348
  line_20q      4871ep | trunc=0%  swp=44.6±50.9  fid=0.0000  rew=+38.93
  ring_20q      4829ep | trunc=0%  swp=37.2±36.4  fid=0.0000  rew=+39.79
  grid_5x4_20q  4792ep | trunc=0%  swp=13.4±13.2  fid=0.0000  rew=+39.88
step=484096  rew=+88.492  swp=72.0  map=1.9  trunc=0%  pl=0.006  vl=0.490  ent=0.995  kl=0.1815  gn=1.748
  line_20q      4875ep | trunc=0%  swp=44.7±50.9  fid=0.0000  rew=+38.97
  ring_20q      4829ep | trunc=0%  swp=37.2±36.4  fid=0.0000  rew=+39.79
  grid_5x4_20q  4792ep | trunc=0%  swp=13.4±13.2  fid=0.0000  rew=+39.88
step=484352  rew=+84.604  swp=60.3  map=1.9  trunc=0%  pl=-0.014  vl=0.206  ent=1.365  kl=0.0590  gn=1.336
  line_20q      4877ep | trunc=0%  swp=44.6±50.9  fid=0.0000  rew=+38.98
  ring_20q      4830ep | trunc=0%  swp=37.2±36.4  fid=0.0000  rew=+39.81
  grid_5x4_20q  4794ep | trunc=0%  swp=13.4±13.2  fid=0.0000  rew=+39.92
step=484608  rew=+90.912  swp=63.7  map=1.2  trunc=0%  pl=-0.030  vl=0.384  ent=1.418  kl=0.1330  gn=1.279
  line_20q      4877ep | trunc=0%  swp=44.6±50.9  fid=0.0000  rew=+38.98
  ring_20q      4832ep | trunc=0%  swp=37.3±36.4  fid=0.0000  rew=+39.84
  grid_5x4_20q  4796ep | trunc=0%  swp=13.4±13.2  fid=0.0000  rew=+39.94
step=484864  rew=+89.802  swp=56.3  map=1.1  trunc=0%  pl=0.010  vl=0.644  ent=1.547  kl=0.0424  gn=1.309
  line_20q      4878ep | trunc=0%  swp=44.6±50.9  fid=0.0000  rew=+38.98
  ring_20q      4834ep | trunc=0%  swp=37.3±36.4  fid=0.0000  rew=+39.86
  grid_5x4_20q  4796ep | trunc=0%  swp=13.4±13.2  fid=0.0000  rew=+39.94
step=485120  rew=+92.432  swp=60.2  map=0.8  trunc=0%  pl=-0.030  vl=0.257  ent=1.485  kl=0.3564  gn=1.011
  line_20q      4880ep | trunc=0%  swp=44.7±50.9  fid=0.0000  rew=+38.99
  ring_20q      4835ep | trunc=0%  swp=37.3±36.5  fid=0.0000  rew=+39.88
  grid_5x4_20q  4797ep | trunc=0%  swp=13.4±13.2  fid=0.0000  rew=+39.95
step=485376  rew=+92.511  swp=62.0  map=0.8  trunc=0%  pl=-0.038  vl=0.310  ent=1.525  kl=0.0792  gn=1.119
  line_20q      4881ep | trunc=0%  swp=44.7±50.9  fid=0.0000  rew=+39.00
  ring_20q      4837ep | trunc=0%  swp=37.3±36.5  fid=0.0000  rew=+39.90
  grid_5x4_20q  4798ep | trunc=0%  swp=13.4±13.2  fid=0.0000  rew=+39.95
step=485632  rew=+86.255  swp=58.1  map=0.6  trunc=0%  pl=-0.010  vl=0.345  ent=0.883  kl=0.1888  gn=1.853
  line_20q      4881ep | trunc=0%  swp=44.7±50.9  fid=0.0000  rew=+39.00
  ring_20q      4840ep | trunc=0%  swp=37.3±36.5  fid=0.0000  rew=+39.92
  grid_5x4_20q  4801ep | trunc=0%  swp=13.5±13.2  fid=0.0000  rew=+40.00
step=485888  rew=+83.387  swp=57.5  map=0.7  trunc=0%  pl=-0.016  vl=0.422  ent=1.620  kl=0.0465  gn=1.011
  line_20q      4882ep | trunc=0%  swp=44.7±50.9  fid=0.0000  rew=+39.01
  ring_20q      4842ep | trunc=0%  swp=37.3±36.5  fid=0.0000  rew=+39.93
  grid_5x4_20q  4801ep | trunc=0%  swp=13.5±13.2  fid=0.0000  rew=+40.00
step=486144  rew=+85.716  swp=70.5  map=0.7  trunc=0%  pl=-0.015  vl=0.392  ent=1.619  kl=0.0254  gn=1.211
  line_20q      4884ep | trunc=0%  swp=44.7±51.0  fid=0.0000  rew=+39.03
  ring_20q      4842ep | trunc=0%  swp=37.3±36.5  fid=0.0000  rew=+39.93
  grid_5x4_20q  4801ep | trunc=0%  swp=13.5±13.2  fid=0.0000  rew=+40.00
step=486400  rew=+79.611  swp=51.3  map=1.0  trunc=0%  pl=0.018  vl=1.284  ent=0.815  kl=0.0736  gn=2.355
  line_20q      4888ep | trunc=0%  swp=44.7±50.9  fid=0.0000  rew=+39.05
  ring_20q      4843ep | trunc=0%  swp=37.3±36.5  fid=0.0000  rew=+39.93
  grid_5x4_20q  4804ep | trunc=0%  swp=13.5±13.3  fid=0.0000  rew=+40.04
step=486656  rew=+78.279  swp=57.2  map=0.8  trunc=0%  pl=-0.009  vl=0.674  ent=1.483  kl=0.0660  gn=0.972
  line_20q      4889ep | trunc=0%  swp=44.7±50.9  fid=0.0000  rew=+39.06
  ring_20q      4845ep | trunc=0%  swp=37.4±36.5  fid=0.0000  rew=+39.94
  grid_5x4_20q  4804ep | trunc=0%  swp=13.5±13.3  fid=0.0000  rew=+40.04
step=486912  rew=+80.684  swp=65.2  map=0.7  trunc=0%  pl=-0.024  vl=0.785  ent=1.595  kl=0.0583  gn=0.662
  line_20q      4890ep | trunc=0%  swp=44.7±51.0  fid=0.0000  rew=+39.07
  ring_20q      4845ep | trunc=0%  swp=37.4±36.5  fid=0.0000  rew=+39.94
  grid_5x4_20q  4804ep | trunc=0%  swp=13.5±13.3  fid=0.0000  rew=+40.04
step=487168  rew=+82.147  swp=70.2  map=0.8  trunc=0%  pl=-0.002  vl=0.359  ent=1.184  kl=0.0997  gn=2.491
  line_20q      4892ep | trunc=0%  swp=44.7±51.0  fid=0.0000  rew=+39.08
  ring_20q      4847ep | trunc=0%  swp=37.4±36.5  fid=0.0000  rew=+39.98
  grid_5x4_20q  4805ep | trunc=0%  swp=13.5±13.3  fid=0.0000  rew=+40.05
step=487424  rew=+79.902  swp=60.5  map=1.0  trunc=0%  pl=-0.040  vl=0.494  ent=1.317  kl=0.0762  gn=1.194
  line_20q      4893ep | trunc=0%  swp=44.7±51.0  fid=0.0000  rew=+39.09
  ring_20q      4848ep | trunc=0%  swp=37.4±36.5  fid=0.0000  rew=+39.98
  grid_5x4_20q  4806ep | trunc=0%  swp=13.5±13.3  fid=0.0000  rew=+40.05
step=487680  rew=+84.542  swp=66.0  map=1.1  trunc=0%  pl=0.004  vl=0.252  ent=1.368  kl=0.0302  gn=0.978
  line_20q      4894ep | trunc=0%  swp=44.7±51.0  fid=0.0000  rew=+39.10
  ring_20q      4849ep | trunc=0%  swp=37.4±36.5  fid=0.0000  rew=+40.00
  grid_5x4_20q  4807ep | trunc=0%  swp=13.5±13.3  fid=0.0000  rew=+40.06
step=487936  rew=+88.780  swp=76.1  map=1.3  trunc=0%  pl=0.006  vl=0.285  ent=1.143  kl=0.0643  gn=1.302
  line_20q      4895ep | trunc=0%  swp=44.8±51.0  fid=0.0000  rew=+39.12
  ring_20q      4849ep | trunc=0%  swp=37.4±36.5  fid=0.0000  rew=+40.00
  grid_5x4_20q  4810ep | trunc=0%  swp=13.5±13.3  fid=0.0000  rew=+40.10
step=488192  rew=+93.011  swp=77.5  map=1.4  trunc=0%  pl=-0.010  vl=0.501  ent=1.278  kl=0.0754  gn=1.817
  line_20q      4895ep | trunc=0%  swp=44.8±51.0  fid=0.0000  rew=+39.12
  ring_20q      4852ep | trunc=0%  swp=37.4±36.6  fid=0.0000  rew=+40.03
  grid_5x4_20q  4810ep | trunc=0%  swp=13.5±13.3  fid=0.0000  rew=+40.10
step=488448  rew=+90.430  swp=65.2  map=1.8  trunc=0%  pl=0.011  vl=0.412  ent=1.561  kl=0.1183  gn=1.768
  line_20q      4896ep | trunc=0%  swp=44.8±51.0  fid=0.0000  rew=+39.13
  ring_20q      4852ep | trunc=0%  swp=37.4±36.6  fid=0.0000  rew=+40.03
  grid_5x4_20q  4813ep | trunc=0%  swp=13.5±13.3  fid=0.0000  rew=+40.14
step=488704  rew=+100.345  swp=75.6  map=1.7  trunc=0%  pl=0.008  vl=0.746  ent=1.703  kl=0.0367  gn=0.957
  line_20q      4896ep | trunc=0%  swp=44.8±51.0  fid=0.0000  rew=+39.13
  ring_20q      4854ep | trunc=0%  swp=37.5±36.6  fid=0.0000  rew=+40.08
  grid_5x4_20q  4813ep | trunc=0%  swp=13.5±13.3  fid=0.0000  rew=+40.14
step=488960  rew=+102.242  swp=81.5  map=1.6  trunc=0%  pl=0.011  vl=0.769  ent=1.623  kl=0.0575  gn=1.824
  line_20q      4896ep | trunc=0%  swp=44.8±51.0  fid=0.0000  rew=+39.13
  ring_20q      4855ep | trunc=0%  swp=37.5±36.6  fid=0.0000  rew=+40.09
  grid_5x4_20q  4813ep | trunc=0%  swp=13.5±13.3  fid=0.0000  rew=+40.14
step=489216  rew=+105.599  swp=79.6  map=1.7  trunc=0%  pl=0.004  vl=0.555  ent=1.000  kl=0.1248  gn=1.710
  line_20q      4897ep | trunc=0%  swp=44.8±51.0  fid=0.0000  rew=+39.13
  ring_20q      4857ep | trunc=0%  swp=37.5±36.7  fid=0.0000  rew=+40.13
  grid_5x4_20q  4815ep | trunc=0%  swp=13.5±13.3  fid=0.0000  rew=+40.16
step=489472  rew=+102.131  swp=73.8  map=1.4  trunc=0%  pl=0.043  vl=0.603  ent=1.631  kl=0.0586  gn=1.660
  line_20q      4898ep | trunc=0%  swp=44.8±51.0  fid=0.0000  rew=+39.14
  ring_20q      4858ep | trunc=0%  swp=37.5±36.7  fid=0.0000  rew=+40.14
  grid_5x4_20q  4815ep | trunc=0%  swp=13.5±13.3  fid=0.0000  rew=+40.16
step=489728  rew=+100.754  swp=87.2  map=1.1  trunc=0%  pl=-0.009  vl=0.221  ent=1.278  kl=0.0243  gn=0.779
  line_20q      4899ep | trunc=0%  swp=44.8±51.1  fid=0.0000  rew=+39.16
  ring_20q      4859ep | trunc=0%  swp=37.6±36.7  fid=0.0000  rew=+40.15
  grid_5x4_20q  4816ep | trunc=0%  swp=13.5±13.3  fid=0.0000  rew=+40.17
step=489984  rew=+103.131  swp=89.1  map=1.0  trunc=0%  pl=-0.017  vl=0.534  ent=1.233  kl=0.0202  gn=0.902
  line_20q      4900ep | trunc=0%  swp=44.9±51.1  fid=0.0000  rew=+39.17
  ring_20q      4860ep | trunc=0%  swp=37.6±36.7  fid=0.0000  rew=+40.16
  grid_5x4_20q  4816ep | trunc=0%  swp=13.5±13.3  fid=0.0000  rew=+40.17
step=490240  rew=+100.188  swp=95.8  map=0.9  trunc=0%  pl=0.011  vl=0.113  ent=1.432  kl=0.0407  gn=1.367
  line_20q      4902ep | trunc=0%  swp=44.9±51.2  fid=0.0000  rew=+39.20
  ring_20q      4860ep | trunc=0%  swp=37.6±36.7  fid=0.0000  rew=+40.16
  grid_5x4_20q  4818ep | trunc=0%  swp=13.5±13.3  fid=0.0000  rew=+40.18
step=490496  rew=+93.826  swp=80.2  map=1.1  trunc=0%  pl=0.004  vl=0.190  ent=1.193  kl=0.0328  gn=0.895
  line_20q      4903ep | trunc=0%  swp=44.9±51.2  fid=0.0000  rew=+39.20
  ring_20q      4862ep | trunc=0%  swp=37.6±36.7  fid=0.0000  rew=+40.19
  grid_5x4_20q  4819ep | trunc=0%  swp=13.5±13.3  fid=0.0000  rew=+40.20
step=490752  rew=+93.826  swp=80.2  map=1.1  trunc=0%  pl=-0.012  vl=1.114  ent=2.117  kl=0.0366  gn=0.941
  line_20q      4903ep | trunc=0%  swp=44.9±51.2  fid=0.0000  rew=+39.20
  ring_20q      4862ep | trunc=0%  swp=37.6±36.7  fid=0.0000  rew=+40.19
  grid_5x4_20q  4819ep | trunc=0%  swp=13.5±13.3  fid=0.0000  rew=+40.20
step=491008  rew=+94.307  swp=87.6  map=1.2  trunc=0%  pl=-0.011  vl=1.017  ent=1.018  kl=0.0586  gn=1.692
  line_20q      4904ep | trunc=0%  swp=45.0±51.4  fid=0.0000  rew=+39.23
  ring_20q      4863ep | trunc=0%  swp=37.6±36.7  fid=0.0000  rew=+40.19
  grid_5x4_20q  4822ep | trunc=0%  swp=13.5±13.3  fid=0.0000  rew=+40.23
step=491264  rew=+95.437  swp=79.0  map=1.6  trunc=0%  pl=-0.007  vl=0.842  ent=1.421  kl=0.0802  gn=1.030
  line_20q      4905ep | trunc=0%  swp=45.0±51.4  fid=0.0000  rew=+39.24
  ring_20q      4864ep | trunc=0%  swp=37.6±36.7  fid=0.0000  rew=+40.20
  grid_5x4_20q  4823ep | trunc=0%  swp=13.5±13.3  fid=0.0000  rew=+40.24
step=491520  rew=+94.248  swp=81.5  map=1.5  trunc=0%  pl=0.007  vl=0.319  ent=1.048  kl=0.0388  gn=1.455
  line_20q      4906ep | trunc=0%  swp=45.0±51.4  fid=0.0000  rew=+39.25
  ring_20q      4866ep | trunc=0%  swp=37.6±36.7  fid=0.0000  rew=+40.22
  grid_5x4_20q  4823ep | trunc=0%  swp=13.5±13.3  fid=0.0000  rew=+40.24
step=491776  rew=+94.731  swp=75.2  map=1.8  trunc=0%  pl=-0.025  vl=0.279  ent=1.247  kl=0.1292  gn=1.043
  line_20q      4906ep | trunc=0%  swp=45.0±51.4  fid=0.0000  rew=+39.25
  ring_20q      4869ep | trunc=0%  swp=37.6±36.7  fid=0.0000  rew=+40.26
  grid_5x4_20q  4825ep | trunc=0%  swp=13.5±13.3  fid=0.0000  rew=+40.26
step=492032  rew=+92.648  swp=68.3  map=2.0  trunc=0%  pl=0.014  vl=0.143  ent=1.156  kl=0.0964  gn=0.949
  line_20q      4907ep | trunc=0%  swp=45.0±51.4  fid=0.0000  rew=+39.26
  ring_20q      4869ep | trunc=0%  swp=37.6±36.7  fid=0.0000  rew=+40.26
  grid_5x4_20q  4828ep | trunc=0%  swp=13.5±13.3  fid=0.0000  rew=+40.29
step=492288  rew=+83.609  swp=58.5  map=1.9  trunc=0%  pl=0.000  vl=0.465  ent=1.115  kl=0.0726  gn=0.907
  line_20q      4910ep | trunc=0%  swp=45.0±51.3  fid=0.0000  rew=+39.26
  ring_20q      4871ep | trunc=0%  swp=37.7±36.8  fid=0.0000  rew=+40.27
  grid_5x4_20q  4828ep | trunc=0%  swp=13.5±13.3  fid=0.0000  rew=+40.29
step=492544  rew=+78.647  swp=52.9  map=1.6  trunc=0%  pl=-0.002  vl=0.411  ent=1.340  kl=0.0320  gn=1.135
  line_20q      4912ep | trunc=0%  swp=45.0±51.4  fid=0.0000  rew=+39.28
  ring_20q      4871ep | trunc=0%  swp=37.7±36.8  fid=0.0000  rew=+40.27
  grid_5x4_20q  4830ep | trunc=0%  swp=13.6±13.3  fid=0.0000  rew=+40.30
step=492800  rew=+71.831  swp=48.1  map=1.5  trunc=0%  pl=-0.003  vl=0.259  ent=0.764  kl=0.0994  gn=1.408
  line_20q      4914ep | trunc=0%  swp=45.0±51.4  fid=0.0000  rew=+39.29
  ring_20q      4875ep | trunc=0%  swp=37.7±36.8  fid=0.0000  rew=+40.30
  grid_5x4_20q  4831ep | trunc=0%  swp=13.5±13.3  fid=0.0000  rew=+40.30
step=493056  rew=+72.955  swp=56.6  map=1.6  trunc=0%  pl=0.035  vl=0.885  ent=1.582  kl=0.1716  gn=1.013
  line_20q      4916ep | trunc=0%  swp=45.0±51.4  fid=0.0000  rew=+39.31
  ring_20q      4875ep | trunc=0%  swp=37.7±36.8  fid=0.0000  rew=+40.30
  grid_5x4_20q  4831ep | trunc=0%  swp=13.5±13.3  fid=0.0000  rew=+40.30
step=493312  rew=+72.749  swp=56.0  map=1.2  trunc=0%  pl=-0.012  vl=0.365  ent=1.026  kl=0.2141  gn=1.137
  line_20q      4919ep | trunc=0%  swp=45.0±51.4  fid=0.0000  rew=+39.33
  ring_20q      4876ep | trunc=0%  swp=37.7±36.8  fid=0.0000  rew=+40.32
  grid_5x4_20q  4832ep | trunc=0%  swp=13.6±13.3  fid=0.0000  rew=+40.31
step=493568  rew=+71.432  swp=51.2  map=1.6  trunc=0%  pl=-0.049  vl=0.161  ent=1.136  kl=0.1402  gn=0.664
  line_20q      4920ep | trunc=0%  swp=45.0±51.4  fid=0.0000  rew=+39.33
  ring_20q      4878ep | trunc=0%  swp=37.7±36.8  fid=0.0000  rew=+40.34
  grid_5x4_20q  4835ep | trunc=0%  swp=13.5±13.3  fid=0.0000  rew=+40.32
step=493824  rew=+67.939  swp=44.4  map=2.1  trunc=0%  pl=-0.002  vl=0.524  ent=1.571  kl=0.0310  gn=1.003
  line_20q      4920ep | trunc=0%  swp=45.0±51.4  fid=0.0000  rew=+39.33
  ring_20q      4879ep | trunc=0%  swp=37.7±36.8  fid=0.0000  rew=+40.34
  grid_5x4_20q  4836ep | trunc=0%  swp=13.6±13.3  fid=0.0000  rew=+40.33
step=494080  rew=+79.452  swp=61.0  map=2.8  trunc=0%  pl=0.002  vl=0.587  ent=0.896  kl=0.4616  gn=2.004
  line_20q      4924ep | trunc=0%  swp=45.1±51.4  fid=0.0000  rew=+39.37
  ring_20q      4879ep | trunc=0%  swp=37.7±36.8  fid=0.0000  rew=+40.34
  grid_5x4_20q  4837ep | trunc=0%  swp=13.6±13.3  fid=0.0000  rew=+40.35
step=494336  rew=+74.525  swp=51.4  map=2.5  trunc=0%  pl=0.046  vl=0.834  ent=1.766  kl=0.0315  gn=1.382
  line_20q      4926ep | trunc=0%  swp=45.1±51.4  fid=0.0000  rew=+39.38
  ring_20q      4879ep | trunc=0%  swp=37.7±36.8  fid=0.0000  rew=+40.34
  grid_5x4_20q  4837ep | trunc=0%  swp=13.6±13.3  fid=0.0000  rew=+40.35
step=494592  rew=+75.536  swp=57.9  map=2.8  trunc=0%  pl=0.022  vl=0.435  ent=0.745  kl=0.0512  gn=1.782
  line_20q      4928ep | trunc=0%  swp=45.1±51.4  fid=0.0000  rew=+39.38
  ring_20q      4882ep | trunc=0%  swp=37.8±36.9  fid=0.0000  rew=+40.37
  grid_5x4_20q  4838ep | trunc=0%  swp=13.6±13.3  fid=0.0000  rew=+40.35
step=494848  rew=+78.792  swp=54.9  map=2.7  trunc=0%  pl=-0.029  vl=0.288  ent=0.744  kl=0.1415  gn=0.943
  line_20q      4930ep | trunc=0%  swp=45.0±51.4  fid=0.0000  rew=+39.39
  ring_20q      4884ep | trunc=0%  swp=37.8±36.9  fid=0.0000  rew=+40.38
  grid_5x4_20q  4841ep | trunc=0%  swp=13.6±13.3  fid=0.0000  rew=+40.39
step=495104  rew=+69.124  swp=29.4  map=2.4  trunc=0%  pl=-0.031  vl=0.134  ent=0.932  kl=0.2549  gn=1.294
  line_20q      4932ep | trunc=0%  swp=45.1±51.4  fid=0.0000  rew=+39.41
  ring_20q      4886ep | trunc=0%  swp=37.7±36.9  fid=0.0000  rew=+40.38
  grid_5x4_20q  4846ep | trunc=0%  swp=13.6±13.3  fid=0.0000  rew=+40.42
step=495360  rew=+70.856  swp=35.5  map=2.5  trunc=0%  pl=0.006  vl=0.558  ent=1.500  kl=0.2450  gn=1.286
  line_20q      4933ep | trunc=0%  swp=45.1±51.4  fid=0.0000  rew=+39.42
  ring_20q      4887ep | trunc=0%  swp=37.7±36.9  fid=0.0000  rew=+40.38
  grid_5x4_20q  4847ep | trunc=0%  swp=13.6±13.3  fid=0.0000  rew=+40.43
step=495616  rew=+70.228  swp=42.7  map=2.5  trunc=0%  pl=0.010  vl=0.167  ent=1.171  kl=0.0340  gn=1.305
  line_20q      4935ep | trunc=0%  swp=45.1±51.4  fid=0.0000  rew=+39.44
  ring_20q      4888ep | trunc=0%  swp=37.7±36.9  fid=0.0000  rew=+40.38
  grid_5x4_20q  4848ep | trunc=0%  swp=13.6±13.3  fid=0.0000  rew=+40.44
step=495872  rew=+71.617  swp=41.0  map=2.4  trunc=0%  pl=-0.052  vl=0.115  ent=1.023  kl=0.1455  gn=1.115
  line_20q      4936ep | trunc=0%  swp=45.1±51.4  fid=0.0000  rew=+39.45
  ring_20q      4889ep | trunc=0%  swp=37.7±36.9  fid=0.0000  rew=+40.38
  grid_5x4_20q  4853ep | trunc=0%  swp=13.6±13.3  fid=0.0000  rew=+40.48
step=496128  rew=+74.059  swp=45.1  map=2.1  trunc=0%  pl=0.016  vl=0.136  ent=1.510  kl=0.3289  gn=0.681
  line_20q      4936ep | trunc=0%  swp=45.1±51.4  fid=0.0000  rew=+39.45
  ring_20q      4891ep | trunc=0%  swp=37.7±36.9  fid=0.0000  rew=+40.39
  grid_5x4_20q  4855ep | trunc=0%  swp=13.6±13.3  fid=0.0000  rew=+40.49
step=496384  rew=+75.434  swp=50.0  map=2.0  trunc=0%  pl=-0.024  vl=0.497  ent=1.523  kl=0.1600  gn=0.955
  line_20q      4939ep | trunc=0%  swp=45.1±51.4  fid=0.0000  rew=+39.46
  ring_20q      4892ep | trunc=0%  swp=37.8±36.9  fid=0.0000  rew=+40.42
  grid_5x4_20q  4855ep | trunc=0%  swp=13.6±13.3  fid=0.0000  rew=+40.49
step=496640  rew=+78.148  swp=57.7  map=1.8  trunc=0%  pl=0.026  vl=0.880  ent=1.641  kl=0.0657  gn=1.048
  line_20q      4940ep | trunc=0%  swp=45.1±51.5  fid=0.0000  rew=+39.48
  ring_20q      4892ep | trunc=0%  swp=37.8±36.9  fid=0.0000  rew=+40.42
  grid_5x4_20q  4855ep | trunc=0%  swp=13.6±13.3  fid=0.0000  rew=+40.49
step=496896  rew=+79.414  swp=63.2  map=1.6  trunc=0%  pl=0.011  vl=0.317  ent=1.385  kl=0.0284  gn=0.912
  line_20q      4943ep | trunc=0%  swp=45.2±51.5  fid=0.0000  rew=+39.51
  ring_20q      4892ep | trunc=0%  swp=37.8±36.9  fid=0.0000  rew=+40.42
  grid_5x4_20q  4856ep | trunc=0%  swp=13.6±13.3  fid=0.0000  rew=+40.49
step=497152  rew=+75.978  swp=67.2  map=1.4  trunc=0%  pl=0.006  vl=0.707  ent=1.629  kl=0.1378  gn=1.124
  line_20q      4943ep | trunc=0%  swp=45.2±51.5  fid=0.0000  rew=+39.51
  ring_20q      4894ep | trunc=0%  swp=37.8±37.0  fid=0.0000  rew=+40.43
  grid_5x4_20q  4856ep | trunc=0%  swp=13.6±13.3  fid=0.0000  rew=+40.49
step=497408  rew=+83.764  swp=76.8  map=1.5  trunc=0%  pl=0.007  vl=0.587  ent=1.433  kl=0.0305  gn=1.269
  line_20q      4944ep | trunc=0%  swp=45.2±51.5  fid=0.0000  rew=+39.51
  ring_20q      4896ep | trunc=0%  swp=37.8±37.0  fid=0.0000  rew=+40.48
  grid_5x4_20q  4856ep | trunc=0%  swp=13.6±13.3  fid=0.0000  rew=+40.49
step=497664  rew=+82.301  swp=72.0  map=1.5  trunc=0%  pl=-0.021  vl=0.252  ent=1.086  kl=0.1258  gn=1.172
  line_20q      4947ep | trunc=0%  swp=45.2±51.5  fid=0.0000  rew=+39.52
  ring_20q      4897ep | trunc=0%  swp=37.9±37.0  fid=0.0000  rew=+40.49
  grid_5x4_20q  4859ep | trunc=0%  swp=13.6±13.3  fid=0.0000  rew=+40.51
step=497920  rew=+85.553  swp=80.2  map=1.4  trunc=0%  pl=-0.019  vl=1.055  ent=1.508  kl=0.0651  gn=0.906
  line_20q      4948ep | trunc=0%  swp=45.2±51.5  fid=0.0000  rew=+39.53
  ring_20q      4897ep | trunc=0%  swp=37.9±37.0  fid=0.0000  rew=+40.49
  grid_5x4_20q  4859ep | trunc=0%  swp=13.6±13.3  fid=0.0000  rew=+40.51
step=498176  rew=+81.228  swp=62.9  map=1.7  trunc=0%  pl=0.017  vl=0.407  ent=1.272  kl=0.0495  gn=1.032
  line_20q      4948ep | trunc=0%  swp=45.2±51.5  fid=0.0000  rew=+39.53
  ring_20q      4899ep | trunc=0%  swp=37.9±37.1  fid=0.0000  rew=+40.52
  grid_5x4_20q  4862ep | trunc=0%  swp=13.6±13.3  fid=0.0000  rew=+40.53
step=498432  rew=+76.408  swp=46.7  map=2.1  trunc=0%  pl=-0.011  vl=0.460  ent=0.795  kl=0.0603  gn=1.332
  line_20q      4949ep | trunc=0%  swp=45.2±51.5  fid=0.0000  rew=+39.54
  ring_20q      4903ep | trunc=0%  swp=37.9±37.1  fid=0.0000  rew=+40.53
  grid_5x4_20q  4865ep | trunc=0%  swp=13.6±13.4  fid=0.0000  rew=+40.57
step=498688  rew=+78.757  swp=52.0  map=2.0  trunc=0%  pl=0.002  vl=0.373  ent=1.340  kl=0.0745  gn=1.573
  line_20q      4950ep | trunc=0%  swp=45.2±51.5  fid=0.0000  rew=+39.55
  ring_20q      4904ep | trunc=0%  swp=37.9±37.1  fid=0.0000  rew=+40.54
  grid_5x4_20q  4866ep | trunc=0%  swp=13.6±13.4  fid=0.0000  rew=+40.59
step=498944  rew=+81.670  swp=60.5  map=1.9  trunc=0%  pl=0.036  vl=0.413  ent=1.420  kl=0.0793  gn=1.126
  line_20q      4952ep | trunc=0%  swp=45.2±51.5  fid=0.0000  rew=+39.56
  ring_20q      4904ep | trunc=0%  swp=37.9±37.1  fid=0.0000  rew=+40.54
  grid_5x4_20q  4866ep | trunc=0%  swp=13.6±13.4  fid=0.0000  rew=+40.59
step=499200  rew=+75.724  swp=46.2  map=2.2  trunc=0%  pl=-0.018  vl=0.298  ent=0.727  kl=0.1527  gn=1.409
  line_20q      4955ep | trunc=0%  swp=45.2±51.5  fid=0.0000  rew=+39.58
  ring_20q      4906ep | trunc=0%  swp=37.9±37.1  fid=0.0000  rew=+40.55
  grid_5x4_20q  4867ep | trunc=0%  swp=13.6±13.4  fid=0.0000  rew=+40.60
step=499456  rew=+80.846  swp=58.2  map=1.9  trunc=0%  pl=0.059  vl=0.810  ent=1.846  kl=0.0500  gn=1.642
  line_20q      4955ep | trunc=0%  swp=45.2±51.5  fid=0.0000  rew=+39.58
  ring_20q      4908ep | trunc=0%  swp=37.9±37.2  fid=0.0000  rew=+40.59
  grid_5x4_20q  4867ep | trunc=0%  swp=13.6±13.4  fid=0.0000  rew=+40.60
step=499712  rew=+86.629  swp=71.5  map=1.8  trunc=0%  pl=-0.001  vl=0.660  ent=1.650  kl=0.0704  gn=0.785
  line_20q      4956ep | trunc=0%  swp=45.3±51.6  fid=0.0000  rew=+39.60
  ring_20q      4908ep | trunc=0%  swp=37.9±37.2  fid=0.0000  rew=+40.59
  grid_5x4_20q  4867ep | trunc=0%  swp=13.6±13.4  fid=0.0000  rew=+40.60
step=499968  rew=+90.269  swp=71.3  map=2.8  trunc=0%  pl=0.043  vl=1.859  ent=0.347  kl=0.2569  gn=2.827
  line_20q      4957ep | trunc=0%  swp=45.3±51.6  fid=0.0000  rew=+39.61
  ring_20q      4909ep | trunc=0%  swp=37.9±37.2  fid=0.0000  rew=+40.59
  grid_5x4_20q  4871ep | trunc=0%  swp=13.6±13.4  fid=0.0000  rew=+40.63
step=500224  rew=+83.291  swp=54.0  map=3.8  trunc=0%  pl=0.006  vl=0.497  ent=0.516  kl=0.1419  gn=1.226
  line_20q      4960ep | trunc=0%  swp=45.3±51.6  fid=0.0000  rew=+39.62
  ring_20q      4911ep | trunc=0%  swp=37.9±37.2  fid=0.0000  rew=+40.60
  grid_5x4_20q  4874ep | trunc=0%  swp=13.6±13.4  fid=0.0000  rew=+40.67
Checkpoints in /home/zzy/opencode-server/opencode-docker/projects/rlrouting/scripts/../models/ckpts_unified
Policy saved to /home/zzy/opencode-server/opencode-docker/projects/rlrouting/scripts/../models/policy_unified_phase1.pt
[resume] /home/zzy/opencode-server/opencode-docker/projects/rlrouting/scripts/../models/policy_unified_phase1.pt: step=0 best_metric=-1.00000
Split prefix: unified  (initial split: unified_mixed)
Loaded pretrained model: /home/zzy/opencode-server/opencode-docker/projects/rlrouting/scripts/../models/policy_unified_phase1.pt
step=   256  rew=+103.142  swp=50.8  map=0.8  trunc=0%  pl=0.002  vl=0.606  ent=1.524  kl=0.0437  gn=0.501  fid=0.1269
  line_20q         1ep | trunc=0%  swp=42.0±0.0  fid=0.0017  rew=+38.02
  ring_20q         3ep | trunc=0%  swp=53.7±73.8  fid=0.1686  rew=+124.85
step=   512  rew=+98.297  swp=52.6  map=1.6  trunc=0%  pl=0.010  vl=0.624  ent=1.356  kl=0.2078  gn=0.664  fid=0.0846
  line_20q         4ep | trunc=0%  swp=25.8±15.9  fid=0.0638  rew=+71.71
  ring_20q         5ep | trunc=0%  swp=74.0±79.7  fid=0.1012  rew=+119.57
step=   768  rew=+102.435  swp=44.1  map=1.3  trunc=0%  pl=-0.019  vl=0.442  ent=1.423  kl=0.0447  gn=0.339  fid=0.0769
  line_20q         6ep | trunc=0%  swp=36.0±38.0  fid=0.0426  rew=+123.96
  ring_20q         6ep | trunc=0%  swp=66.5±74.7  fid=0.0867  rew=+110.65
  grid_5x4_20q     3ep | trunc=0%  swp=15.3±6.6  fid=0.1260  rew=+42.96
step=  1024  rew=+91.209  swp=48.1  map=1.1  trunc=0%  pl=-0.033  vl=0.203  ent=0.948  kl=0.0934  gn=0.984  fid=0.0727
  line_20q         8ep | trunc=0%  swp=47.2±52.9  fid=0.0690  rew=+107.73
  ring_20q         8ep | trunc=0%  swp=62.8±65.0  fid=0.0655  rew=+94.47
  grid_5x4_20q     4ep | trunc=0%  swp=20.5±10.6  fid=0.0946  rew=+51.65
step=  1280  rew=+78.407  swp=36.2  map=0.8  trunc=0%  pl=-0.016  vl=1.005  ent=0.751  kl=0.2202  gn=1.339  fid=0.0778
  line_20q        10ep | trunc=0%  swp=39.8±49.8  fid=0.0925  rew=+104.07
  ring_20q         9ep | trunc=0%  swp=63.6±61.3  fid=0.0582  rew=+90.35
  grid_5x4_20q    10ep | trunc=0%  swp=22.7±13.2  fid=0.0869  rew=+59.90
step=  1536  rew=+63.881  swp=28.1  map=0.9  trunc=0%  pl=-0.039  vl=0.367  ent=0.999  kl=0.2492  gn=0.738  fid=0.0944
  line_20q        14ep | trunc=0%  swp=36.9±42.7  fid=0.0831  rew=+87.97
  ring_20q        10ep | trunc=0%  swp=57.2±61.2  fid=0.0683  rew=+90.78
  grid_5x4_20q    12ep | trunc=0%  swp=24.0±15.4  fid=0.0996  rew=+64.39
step=  1792  rew=+62.929  swp=28.3  map=1.0  trunc=0%  pl=-0.010  vl=0.342  ent=0.727  kl=0.1125  gn=0.807  fid=0.0932
  line_20q        15ep | trunc=0%  swp=43.6±48.2  fid=0.0775  rew=+88.70
  ring_20q        12ep | trunc=0%  swp=49.5±58.6  fid=0.0746  rew=+86.73
  grid_5x4_20q    19ep | trunc=0%  swp=22.2±14.1  fid=0.1023  rew=+62.30
step=  2048  rew=+79.054  swp=30.8  map=0.8  trunc=0%  pl=-0.016  vl=0.448  ent=1.248  kl=0.1109  gn=0.328  fid=0.1142
  line_20q        20ep | trunc=0%  swp=37.9±46.5  fid=0.0973  rew=+95.72
  ring_20q        13ep | trunc=0%  swp=53.7±58.2  fid=0.0689  rew=+89.07
  grid_5x4_20q    21ep | trunc=0%  swp=23.1±15.4  fid=0.1015  rew=+63.29
step=  2304  rew=+77.772  swp=28.1  map=1.1  trunc=0%  pl=-0.011  vl=0.576  ent=0.997  kl=0.1567  gn=1.086  fid=0.1137
  line_20q        22ep | trunc=0%  swp=38.3±44.5  fid=0.0891  rew=+91.03
  ring_20q        15ep | trunc=0%  swp=48.4±55.8  fid=0.0814  rew=+82.69
  grid_5x4_20q    24ep | trunc=0%  swp=24.4±19.6  fid=0.1109  rew=+64.68
step=  2560  rew=+78.659  swp=32.0  map=0.9  trunc=0%  pl=-0.030  vl=0.382  ent=1.364  kl=0.2454  gn=0.760  fid=0.1378
  line_20q        23ep | trunc=0%  swp=40.6±44.8  fid=0.0852  rew=+90.03
  ring_20q        18ep | trunc=0%  swp=46.9±56.0  fid=0.1161  rew=+81.40
  grid_5x4_20q    26ep | trunc=0%  swp=24.0±18.8  fid=0.1041  rew=+64.80
step=  2816  rew=+69.531  swp=35.8  map=0.8  trunc=0%  pl=0.060  vl=0.554  ent=1.398  kl=0.2591  gn=1.195  fid=0.1013
  line_20q        26ep | trunc=0%  swp=42.9±42.7  fid=0.0756  rew=+86.40
  ring_20q        19ep | trunc=0%  swp=46.3±54.5  fid=0.1105  rew=+79.74
  grid_5x4_20q    27ep | trunc=0%  swp=24.2±18.5  fid=0.1017  rew=+65.19
step=  3072  rew=+58.411  swp=36.4  map=0.3  trunc=0%  pl=0.029  vl=0.692  ent=1.051  kl=0.0426  gn=1.049  fid=0.1276
  line_20q        30ep | trunc=0%  swp=39.8±40.7  fid=0.0832  rew=+82.39
  ring_20q        20ep | trunc=0%  swp=50.0±55.5  fid=0.1049  rew=+80.91
  grid_5x4_20q    29ep | trunc=0%  swp=22.9±18.5  fid=0.1201  rew=+62.56
step=  3328  rew=+54.539  swp=35.8  map=2.0  trunc=0%  pl=-0.004  vl=0.398  ent=0.646  kl=0.0484  gn=0.790  fid=0.1246
  line_20q        35ep | trunc=0%  swp=38.9±38.6  fid=0.0825  rew=+76.82
  ring_20q        22ep | trunc=0%  swp=49.4±54.6  fid=0.1046  rew=+81.12
  grid_5x4_20q    30ep | trunc=0%  swp=22.3±18.5  fid=0.1355  rew=+61.28
step=  3584  rew=+81.074  swp=26.2  map=2.2  trunc=0%  pl=0.007  vl=1.125  ent=0.853  kl=0.1412  gn=1.359  fid=0.1203
  line_20q        36ep | trunc=0%  swp=37.8±38.6  fid=0.0802  rew=+81.71
  ring_20q        24ep | trunc=0%  swp=46.7±53.3  fid=0.0959  rew=+86.88
  grid_5x4_20q    35ep | trunc=0%  swp=24.8±19.3  fid=0.1172  rew=+66.44
step=  3840  rew=+93.047  swp=35.5  map=2.5  trunc=0%  pl=-0.013  vl=0.645  ent=1.845  kl=0.0279  gn=0.904  fid=0.0684
  line_20q        38ep | trunc=0%  swp=36.3±38.2  fid=0.0801  rew=+81.68
  ring_20q        25ep | trunc=0%  swp=48.6±53.0  fid=0.0920  rew=+86.66
  grid_5x4_20q    36ep | trunc=0%  swp=27.0±22.8  fid=0.1139  rew=+69.30
step=  4096  rew=+98.748  swp=45.7  map=1.9  trunc=0%  pl=0.028  vl=0.666  ent=2.122  kl=0.0332  gn=1.025  fid=0.0684
  line_20q        39ep | trunc=0%  swp=42.6±53.9  fid=0.0780  rew=+83.72
  ring_20q        25ep | trunc=0%  swp=48.6±53.0  fid=0.0920  rew=+86.66
  grid_5x4_20q    36ep | trunc=0%  swp=27.0±22.8  fid=0.1139  rew=+69.30
step=  4352  rew=+114.804  swp=48.6  map=0.8  trunc=0%  pl=-0.010  vl=0.402  ent=1.608  kl=0.0493  gn=0.627  fid=0.0433
  line_20q        41ep | trunc=0%  swp=42.3±53.2  fid=0.0742  rew=+89.17
  ring_20q        26ep | trunc=0%  swp=50.7±53.0  fid=0.0885  rew=+87.17
  grid_5x4_20q    39ep | trunc=0%  swp=25.9±22.3  fid=0.1201  rew=+67.82
step=  4608  rew=+82.529  swp=45.2  map=1.4  trunc=0%  pl=-0.016  vl=0.633  ent=0.912  kl=0.0852  gn=0.646  fid=0.1171
  line_20q        44ep | trunc=0%  swp=43.2±53.4  fid=0.0715  rew=+88.50
  ring_20q        31ep | trunc=0%  swp=45.0±51.0  fid=0.1125  rew=+82.18
  grid_5x4_20q    42ep | trunc=0%  swp=25.1±21.7  fid=0.1195  rew=+65.93
step=  4864  rew=+93.186  swp=22.1  map=1.1  trunc=0%  pl=-0.022  vl=0.418  ent=1.489  kl=0.1096  gn=0.490  fid=0.1241
  line_20q        45ep | trunc=0%  swp=43.5±52.8  fid=0.0699  rew=+88.80
  ring_20q        33ep | trunc=0%  swp=42.3±50.6  fid=0.1106  rew=+92.35
  grid_5x4_20q    44ep | trunc=0%  swp=25.2±21.5  fid=0.1166  rew=+66.81
step=  5120  rew=+90.352  swp=29.5  map=0.9  trunc=0%  pl=0.024  vl=0.601  ent=0.936  kl=0.0742  gn=1.147  fid=0.1161
  line_20q        45ep | trunc=0%  swp=43.5±52.8  fid=0.0699  rew=+88.80
  ring_20q        35ep | trunc=0%  swp=46.7±53.0  fid=0.1043  rew=+93.67
  grid_5x4_20q    49ep | trunc=0%  swp=25.3±21.1  fid=0.1138  rew=+66.39
step=  5376  rew=+93.345  swp=39.4  map=1.6  trunc=0%  pl=-0.012  vl=0.612  ent=1.073  kl=0.0933  gn=0.847  fid=0.0673
  line_20q        49ep | trunc=0%  swp=44.2±51.5  fid=0.0732  rew=+86.99
  ring_20q        35ep | trunc=0%  swp=46.7±53.0  fid=0.1043  rew=+93.67
  grid_5x4_20q    50ep | trunc=0%  swp=25.1±20.9  fid=0.1132  rew=+66.04
step=  5632  rew=+91.885  swp=44.8  map=1.5  trunc=0%  pl=-0.034  vl=0.479  ent=1.772  kl=0.0434  gn=1.130  fid=0.0777
  line_20q        49ep | trunc=0%  swp=44.2±51.5  fid=0.0732  rew=+86.99
  ring_20q        36ep | trunc=0%  swp=49.2±54.2  fid=0.1014  rew=+93.35
  grid_5x4_20q    52ep | trunc=0%  swp=25.1±20.8  fid=0.1149  rew=+65.87
step=  5888  rew=+91.885  swp=44.8  map=1.5  trunc=0%  pl=0.001  vl=0.791  ent=2.298  kl=0.0270  gn=0.779  fid=0.0777
  line_20q        49ep | trunc=0%  swp=44.2±51.5  fid=0.0732  rew=+86.99
  ring_20q        36ep | trunc=0%  swp=49.2±54.2  fid=0.1014  rew=+93.35
  grid_5x4_20q    52ep | trunc=0%  swp=25.1±20.8  fid=0.1149  rew=+65.87
step=  6144  rew=+68.207  swp=60.1  map=1.9  trunc=0%  pl=0.025  vl=0.487  ent=1.061  kl=0.1011  gn=1.250  fid=0.1053
  line_20q        52ep | trunc=0%  swp=51.5±68.1  fid=0.0701  rew=+87.27
  ring_20q        37ep | trunc=0%  swp=48.1±54.0  fid=0.1097  rew=+91.26
  grid_5x4_20q    54ep | trunc=0%  swp=25.2±20.8  fid=0.1173  rew=+66.04
step=  6400  rew=+71.478  swp=58.0  map=1.9  trunc=0%  pl=-0.005  vl=0.576  ent=0.720  kl=0.1238  gn=0.772  fid=0.0841
  line_20q        53ep | trunc=0%  swp=51.0±67.6  fid=0.0698  rew=+86.95
  ring_20q        42ep | trunc=0%  swp=45.6±51.9  fid=0.1002  rew=+89.88
  grid_5x4_20q    56ep | trunc=0%  swp=24.9±20.5  fid=0.1190  rew=+65.24
step=  6656  rew=+67.976  swp=55.5  map=2.1  trunc=0%  pl=0.006  vl=0.900  ent=1.799  kl=0.0418  gn=0.951  fid=0.0842
  line_20q        54ep | trunc=0%  swp=50.8±66.9  fid=0.0686  rew=+86.11
  ring_20q        42ep | trunc=0%  swp=45.6±51.9  fid=0.1002  rew=+89.88
  grid_5x4_20q    57ep | trunc=0%  swp=25.5±20.8  fid=0.1170  rew=+65.00
step=  6912  rew=+70.773  swp=42.9  map=1.4  trunc=0%  pl=-0.006  vl=0.360  ent=1.324  kl=0.0521  gn=0.723  fid=0.0841
  line_20q        57ep | trunc=0%  swp=54.1±74.7  fid=0.0673  rew=+87.09
  ring_20q        43ep | trunc=0%  swp=44.5±51.7  fid=0.1081  rew=+89.19
  grid_5x4_20q    61ep | trunc=0%  swp=25.4±20.4  fid=0.1175  rew=+65.38
step=  7168  rew=+71.263  swp=42.3  map=1.6  trunc=0%  pl=-0.004  vl=0.513  ent=1.327  kl=0.0652  gn=0.845  fid=0.0663
  line_20q        58ep | trunc=0%  swp=54.3±74.1  fid=0.0662  rew=+86.70
  ring_20q        44ep | trunc=0%  swp=44.1±51.2  fid=0.1063  rew=+88.15
  grid_5x4_20q    62ep | trunc=0%  swp=25.5±20.3  fid=0.1158  rew=+64.89
step=  7424  rew=+81.785  swp=54.6  map=1.1  trunc=0%  pl=-0.001  vl=0.398  ent=1.452  kl=0.0266  gn=0.393  fid=0.0862
  line_20q        60ep | trunc=0%  swp=55.5±75.1  fid=0.0652  rew=+88.69
  ring_20q        46ep | trunc=0%  swp=45.3±52.5  fid=0.1129  rew=+87.33
  grid_5x4_20q    62ep | trunc=0%  swp=25.5±20.3  fid=0.1158  rew=+64.89
step=  7680  rew=+80.134  swp=60.1  map=1.8  trunc=0%  pl=0.030  vl=1.047  ent=0.346  kl=0.1732  gn=1.643  fid=0.0854
  line_20q        62ep | trunc=0%  swp=56.9±74.6  fid=0.0631  rew=+87.89
  ring_20q        46ep | trunc=0%  swp=45.3±52.5  fid=0.1129  rew=+87.33
  grid_5x4_20q    64ep | trunc=0%  swp=26.0±20.1  fid=0.1122  rew=+66.01
step=  7936  rew=+90.738  swp=50.5  map=1.8  trunc=0%  pl=-0.023  vl=0.269  ent=1.183  kl=0.1030  gn=0.460  fid=0.0684
  line_20q        65ep | trunc=0%  swp=54.9±73.6  fid=0.0702  rew=+88.93
  ring_20q        49ep | trunc=0%  swp=45.7±53.4  fid=0.1062  rew=+89.53
  grid_5x4_20q    65ep | trunc=0%  swp=26.3±20.2  fid=0.1104  rew=+66.53
step=  8192  rew=+90.329  swp=41.8  map=1.8  trunc=0%  pl=-0.026  vl=0.333  ent=1.006  kl=0.3165  gn=0.572  fid=0.0850
  line_20q        65ep | trunc=0%  swp=54.9±73.6  fid=0.0702  rew=+88.93
  ring_20q        51ep | trunc=0%  swp=45.2±52.8  fid=0.1095  rew=+88.80
  grid_5x4_20q    69ep | trunc=0%  swp=26.4±19.8  fid=0.1050  rew=+65.73
step=  8448  rew=+86.572  swp=35.3  map=0.9  trunc=0%  pl=0.035  vl=1.361  ent=0.619  kl=0.0649  gn=1.616  fid=0.0614
  line_20q        68ep | trunc=0%  swp=55.1±72.1  fid=0.0682  rew=+87.45
  ring_20q        53ep | trunc=0%  swp=44.5±52.2  fid=0.1058  rew=+89.57
  grid_5x4_20q    70ep | trunc=0%  swp=26.2±19.7  fid=0.1038  rew=+65.64
step=  8704  rew=+73.334  swp=44.2  map=1.4  trunc=0%  pl=0.017  vl=0.763  ent=0.468  kl=0.2345  gn=0.698  fid=0.0623
  line_20q        70ep | trunc=0%  swp=53.9±71.4  fid=0.0663  rew=+89.01
  ring_20q        55ep | trunc=0%  swp=47.2±56.1  fid=0.1025  rew=+87.38
  grid_5x4_20q    70ep | trunc=0%  swp=26.2±19.7  fid=0.1038  rew=+65.64
step=  8960  rew=+70.825  swp=46.8  map=1.1  trunc=0%  pl=-0.043  vl=0.566  ent=1.359  kl=0.0594  gn=0.969  fid=0.0333
  line_20q        72ep | trunc=0%  swp=54.9±70.7  fid=0.0644  rew=+88.05
  ring_20q        57ep | trunc=0%  swp=47.1±55.3  fid=0.1002  rew=+86.15
  grid_5x4_20q    71ep | trunc=0%  swp=26.2±19.6  fid=0.1023  rew=+66.17
step=  9216  rew=+71.636  swp=51.6  map=0.9  trunc=0%  pl=-0.028  vl=0.413  ent=1.042  kl=0.0781  gn=0.991  fid=0.0500
  line_20q        74ep | trunc=0%  swp=55.5±70.7  fid=0.0678  rew=+87.29
  ring_20q        57ep | trunc=0%  swp=47.1±55.3  fid=0.1002  rew=+86.15
  grid_5x4_20q    71ep | trunc=0%  swp=26.2±19.6  fid=0.1023  rew=+66.17
step=  9472  rew=+84.562  swp=62.0  map=0.9  trunc=0%  pl=0.021  vl=0.978  ent=1.863  kl=0.0240  gn=1.081  fid=0.0311
  line_20q        74ep | trunc=0%  swp=55.5±70.7  fid=0.0678  rew=+87.29
  ring_20q        58ep | trunc=0%  swp=49.1±56.9  fid=0.0985  rew=+87.22
  grid_5x4_20q    72ep | trunc=0%  swp=27.3±21.6  fid=0.1009  rew=+68.75
step=  9728  rew=+85.435  swp=64.9  map=1.1  trunc=0%  pl=-0.008  vl=0.621  ent=1.505  kl=0.0292  gn=1.130  fid=0.0376
  line_20q        75ep | trunc=0%  swp=54.9±70.4  fid=0.0690  rew=+86.79
  ring_20q        60ep | trunc=0%  swp=50.1±56.8  fid=0.0955  rew=+87.19
  grid_5x4_20q    72ep | trunc=0%  swp=27.3±21.6  fid=0.1009  rew=+68.75
step=  9984  rew=+90.804  swp=78.2  map=0.9  trunc=0%  pl=0.000  vl=0.503  ent=1.477  kl=0.0811  gn=0.905  fid=0.0335
  line_20q        76ep | trunc=0%  swp=55.5±70.1  fid=0.0681  rew=+86.46
  ring_20q        62ep | trunc=0%  swp=53.5±59.1  fid=0.0924  rew=+87.79
  grid_5x4_20q    72ep | trunc=0%  swp=27.3±21.6  fid=0.1009  rew=+68.75
step= 10240  rew=+90.712  swp=63.8  map=0.4  trunc=0%  pl=-0.014  vl=0.336  ent=1.167  kl=0.1685  gn=0.735  fid=0.0847
  line_20q        80ep | trunc=0%  swp=53.8±69.0  fid=0.0752  rew=+84.33
  ring_20q        64ep | trunc=0%  swp=53.5±59.0  fid=0.0895  rew=+89.70
  grid_5x4_20q    75ep | trunc=0%  swp=27.0±21.2  fid=0.1009  rew=+68.96
step= 10496  rew=+69.784  swp=44.8  map=0.2  trunc=0%  pl=-0.036  vl=0.212  ent=1.267  kl=0.1850  gn=0.682  fid=0.1032
  line_20q        82ep | trunc=0%  swp=53.9±68.1  fid=0.0734  rew=+83.74
  ring_20q        66ep | trunc=0%  swp=52.6±58.3  fid=0.0910  rew=+88.29
  grid_5x4_20q    77ep | trunc=0%  swp=26.6±21.1  fid=0.1044  rew=+68.63
step= 10752  rew=+71.341  swp=54.9  map=0.1  trunc=0%  pl=-0.004  vl=0.489  ent=1.437  kl=0.0834  gn=0.808  fid=0.0947
  line_20q        84ep | trunc=0%  swp=55.6±68.3  fid=0.0716  rew=+83.41
  ring_20q        66ep | trunc=0%  swp=52.6±58.3  fid=0.0910  rew=+88.29
  grid_5x4_20q    77ep | trunc=0%  swp=26.6±21.1  fid=0.1044  rew=+68.63
step= 11008  rew=+67.729  swp=42.5  map=0.3  trunc=0%  pl=0.003  vl=0.624  ent=0.865  kl=0.3964  gn=1.341  fid=0.1005
  line_20q        86ep | trunc=0%  swp=55.3±67.8  fid=0.0744  rew=+83.49
  ring_20q        68ep | trunc=0%  swp=52.5±57.4  fid=0.0884  rew=+87.14
  grid_5x4_20q    80ep | trunc=0%  swp=27.1±21.4  fid=0.1014  rew=+69.99
step= 11264  rew=+67.028  swp=43.0  map=0.5  trunc=0%  pl=-0.018  vl=0.490  ent=1.144  kl=0.1056  gn=0.701  fid=0.1070
  line_20q        90ep | trunc=0%  swp=54.1±66.6  fid=0.0759  rew=+82.55
  ring_20q        69ep | trunc=0%  swp=52.5±57.0  fid=0.0871  rew=+86.63
  grid_5x4_20q    81ep | trunc=0%  swp=26.8±21.4  fid=0.1063  rew=+69.51
step= 11520  rew=+71.000  swp=47.8  map=0.5  trunc=0%  pl=0.017  vl=1.982  ent=0.359  kl=0.0396  gn=1.450  fid=0.0818
  line_20q        92ep | trunc=0%  swp=53.5±66.1  fid=0.0768  rew=+81.70
  ring_20q        71ep | trunc=0%  swp=52.8±56.5  fid=0.0848  rew=+86.08
  grid_5x4_20q    82ep | trunc=0%  swp=27.1±21.4  fid=0.1050  rew=+70.37
step= 11776  rew=+57.608  swp=37.2  map=1.0  trunc=0%  pl=0.014  vl=0.801  ent=0.540  kl=0.1029  gn=0.800  fid=0.0865
  line_20q        93ep | trunc=0%  swp=53.2±65.8  fid=0.0766  rew=+81.31
  ring_20q        73ep | trunc=0%  swp=54.0±57.5  fid=0.0826  rew=+85.31
  grid_5x4_20q    87ep | trunc=0%  swp=26.7±21.0  fid=0.1045  rew=+68.77
step= 12032  rew=+60.242  swp=37.7  map=1.0  trunc=0%  pl=-0.024  vl=0.471  ent=1.327  kl=0.1106  gn=0.661  fid=0.0842
  line_20q        94ep | trunc=0%  swp=53.5±65.5  fid=0.0758  rew=+81.25
  ring_20q        75ep | trunc=0%  swp=53.0±57.1  fid=0.0820  rew=+85.24
  grid_5x4_20q    89ep | trunc=0%  swp=26.4±20.9  fid=0.1050  rew=+68.58
step= 12288  rew=+81.338  swp=29.6  map=0.6  trunc=0%  pl=-0.007  vl=0.623  ent=0.837  kl=0.1200  gn=0.969  fid=0.0609
  line_20q        98ep | trunc=0%  swp=52.9±65.0  fid=0.0743  rew=+82.32
  ring_20q        77ep | trunc=0%  swp=52.1±56.7  fid=0.0815  rew=+85.12
  grid_5x4_20q    92ep | trunc=0%  swp=27.1±21.1  fid=0.1017  rew=+70.86
step= 12544  rew=+89.337  swp=30.2  map=0.2  trunc=0%  pl=0.015  vl=0.813  ent=0.513  kl=0.2711  gn=1.054  fid=0.0463
  line_20q        99ep | trunc=0%  swp=52.8±64.7  fid=0.0736  rew=+82.14
  ring_20q        79ep | trunc=0%  swp=51.4±56.1  fid=0.0804  rew=+84.16
  grid_5x4_20q    96ep | trunc=0%  swp=27.1±20.7  fid=0.0993  rew=+71.41
step= 12800  rew=+105.973  swp=38.8  map=0.2  trunc=0%  pl=-0.010  vl=0.846  ent=1.520  kl=0.0976  gn=0.636  fid=0.0305
  line_20q       100ep | trunc=0%  swp=52.9±64.4  fid=0.0729  rew=+82.02
  ring_20q        79ep | trunc=0%  swp=51.4±56.1  fid=0.0804  rew=+84.16
  grid_5x4_20q    99ep | trunc=0%  swp=28.1±21.6  fid=0.0969  rew=+74.78
step= 13056  rew=+87.250  swp=39.3  map=0.2  trunc=0%  pl=-0.005  vl=0.666  ent=0.841  kl=0.1415  gn=0.785  fid=0.0512
  line_20q       102ep | trunc=0%  swp=52.2±64.0  fid=0.0734  rew=+81.77
  ring_20q        83ep | trunc=0%  swp=51.9±56.4  fid=0.0798  rew=+84.20
  grid_5x4_20q   101ep | trunc=0%  swp=27.8±21.5  fid=0.0967  rew=+74.41
step= 13312  rew=+91.447  swp=48.2  map=0.1  trunc=0%  pl=0.098  vl=0.999  ent=1.785  kl=0.1081  gn=0.976  fid=0.0487
  line_20q       102ep | trunc=0%  swp=52.2±64.0  fid=0.0734  rew=+81.77
  ring_20q        85ep | trunc=0%  swp=53.7±57.8  fid=0.0780  rew=+84.45
  grid_5x4_20q   101ep | trunc=0%  swp=27.8±21.5  fid=0.0967  rew=+74.41
step= 13568  rew=+94.723  swp=53.0  map=0.2  trunc=0%  pl=-0.010  vl=0.540  ent=1.464  kl=0.0498  gn=0.536  fid=0.0631
  line_20q       105ep | trunc=0%  swp=51.6±63.3  fid=0.0719  rew=+81.90
  ring_20q        86ep | trunc=0%  swp=54.6±58.1  fid=0.0771  rew=+84.94
  grid_5x4_20q   103ep | trunc=0%  swp=27.6±21.4  fid=0.0996  rew=+74.03
step= 13824  rew=+72.531  swp=41.0  map=0.1  trunc=0%  pl=-0.001  vl=0.279  ent=1.683  kl=0.0285  gn=0.808  fid=0.1158
  line_20q       107ep | trunc=0%  swp=50.9±63.0  fid=0.0754  rew=+81.16
  ring_20q        88ep | trunc=0%  swp=55.5±57.7  fid=0.0753  rew=+84.86
  grid_5x4_20q   105ep | trunc=0%  swp=27.3±21.3  fid=0.1033  rew=+73.64
step= 14080  rew=+73.253  swp=44.0  map=0.1  trunc=0%  pl=-0.005  vl=0.663  ent=2.009  kl=0.0294  gn=0.694  fid=0.1161
  line_20q       107ep | trunc=0%  swp=50.9±63.0  fid=0.0754  rew=+81.16
  ring_20q        90ep | trunc=0%  swp=55.1±57.4  fid=0.0765  rew=+84.79
  grid_5x4_20q   105ep | trunc=0%  swp=27.3±21.3  fid=0.1033  rew=+73.64
step= 14336  rew=+75.579  swp=40.0  map=0.7  trunc=0%  pl=-0.020  vl=0.692  ent=1.304  kl=0.0367  gn=0.901  fid=0.1437
  line_20q       111ep | trunc=0%  swp=51.8±65.7  fid=0.0781  rew=+81.86
  ring_20q        90ep | trunc=0%  swp=55.1±57.4  fid=0.0765  rew=+84.79
  grid_5x4_20q   108ep | trunc=0%  swp=27.1±21.1  fid=0.1038  rew=+73.66
step= 14592  rew=+84.445  swp=48.5  map=1.1  trunc=0%  pl=-0.042  vl=0.668  ent=1.200  kl=0.0561  gn=1.198  fid=0.1220
  line_20q       113ep | trunc=0%  swp=52.4±65.8  fid=0.0773  rew=+81.85
  ring_20q        91ep | trunc=0%  swp=54.7±57.2  fid=0.0757  rew=+84.51
  grid_5x4_20q   109ep | trunc=0%  swp=27.8±22.1  fid=0.1029  rew=+74.59
step= 14848  rew=+81.656  swp=45.1  map=1.6  trunc=0%  pl=-0.007  vl=0.503  ent=1.070  kl=0.0611  gn=0.477  fid=0.1010
  line_20q       116ep | trunc=0%  swp=51.4±65.2  fid=0.0772  rew=+82.28
  ring_20q        94ep | trunc=0%  swp=54.1±56.7  fid=0.0771  rew=+83.55
  grid_5x4_20q   112ep | trunc=0%  swp=27.8±22.0  fid=0.1038  rew=+73.95
step= 15104  rew=+73.389  swp=41.5  map=1.2  trunc=0%  pl=0.005  vl=0.206  ent=1.288  kl=0.1917  gn=0.987  fid=0.0966
  line_20q       116ep | trunc=0%  swp=51.4±65.2  fid=0.0772  rew=+82.28
  ring_20q        97ep | trunc=0%  swp=54.9±56.2  fid=0.0751  rew=+83.17
  grid_5x4_20q   112ep | trunc=0%  swp=27.8±22.0  fid=0.1038  rew=+73.95
step= 15360  rew=+86.839  swp=35.7  map=0.9  trunc=0%  pl=0.013  vl=0.478  ent=0.619  kl=0.1328  gn=0.952  fid=0.1125
  line_20q       119ep | trunc=0%  swp=50.2±64.9  fid=0.0788  rew=+83.52
  ring_20q        99ep | trunc=0%  swp=54.2±55.8  fid=0.0763  rew=+82.21
  grid_5x4_20q   117ep | trunc=0%  swp=28.5±26.3  fid=0.1064  rew=+75.60
step= 15616  rew=+92.474  swp=43.5  map=0.4  trunc=0%  pl=0.012  vl=0.830  ent=2.086  kl=0.0285  gn=1.798  fid=0.1094
  line_20q       120ep | trunc=0%  swp=51.2±65.5  fid=0.0781  rew=+83.65
  ring_20q       100ep | trunc=0%  swp=54.1±55.6  fid=0.0756  rew=+81.87
  grid_5x4_20q   118ep | trunc=0%  swp=28.7±26.2  fid=0.1055  rew=+75.82
step= 15872  rew=+96.201  swp=50.8  map=0.5  trunc=0%  pl=0.002  vl=0.547  ent=2.033  kl=0.0302  gn=0.550  fid=0.0888
  line_20q       123ep | trunc=0%  swp=51.9±66.2  fid=0.0762  rew=+84.07
  ring_20q       101ep | trunc=0%  swp=53.5±55.6  fid=0.0769  rew=+82.35
  grid_5x4_20q   118ep | trunc=0%  swp=28.7±26.2  fid=0.1055  rew=+75.82
step= 16128  rew=+81.162  swp=41.6  map=0.5  trunc=0%  pl=0.003  vl=0.583  ent=1.460  kl=0.0464  gn=1.324  fid=0.0877
  line_20q       124ep | trunc=0%  swp=51.7±66.0  fid=0.0757  rew=+83.83
  ring_20q       103ep | trunc=0%  swp=54.1±55.2  fid=0.0754  rew=+82.07
  grid_5x4_20q   119ep | trunc=0%  swp=28.8±26.1  fid=0.1047  rew=+76.00
step= 16384  rew=+81.571  swp=49.4  map=0.3  trunc=0%  pl=-0.013  vl=0.384  ent=1.839  kl=0.0605  gn=0.427  fid=0.0774
  line_20q       126ep | trunc=0%  swp=52.5±66.5  fid=0.0751  rew=+83.70
  ring_20q       104ep | trunc=0%  swp=53.6±55.2  fid=0.0749  rew=+82.69
  grid_5x4_20q   119ep | trunc=0%  swp=28.8±26.1  fid=0.1047  rew=+76.00
step= 16640  rew=+82.977  swp=61.4  map=0.6  trunc=0%  pl=-0.029  vl=0.260  ent=1.474  kl=0.0538  gn=0.506  fid=0.0349
  line_20q       130ep | trunc=0%  swp=52.2±66.1  fid=0.0738  rew=+83.31
  ring_20q       105ep | trunc=0%  swp=54.0±55.1  fid=0.0742  rew=+82.65
  grid_5x4_20q   119ep | trunc=0%  swp=28.8±26.1  fid=0.1047  rew=+76.00
step= 16896  rew=+80.849  swp=60.0  map=0.5  trunc=0%  pl=-0.020  vl=0.739  ent=1.056  kl=0.2028  gn=1.636  fid=0.0288
  line_20q       131ep | trunc=0%  swp=52.4±65.9  fid=0.0733  rew=+83.26
  ring_20q       106ep | trunc=0%  swp=54.7±55.3  fid=0.0735  rew=+82.71
  grid_5x4_20q   123ep | trunc=0%  swp=28.6±25.9  fid=0.1039  rew=+75.66
step= 17152  rew=+73.750  swp=45.9  map=0.8  trunc=0%  pl=-0.036  vl=0.383  ent=1.479  kl=0.0868  gn=1.529  fid=0.0614
  line_20q       133ep | trunc=0%  swp=51.8±65.6  fid=0.0752  rew=+82.89
  ring_20q       108ep | trunc=0%  swp=54.6±54.8  fid=0.0722  rew=+82.33
  grid_5x4_20q   125ep | trunc=0%  swp=28.4±25.7  fid=0.1044  rew=+75.62
step= 17408  rew=+75.485  swp=46.8  map=0.8  trunc=0%  pl=0.001  vl=0.854  ent=1.957  kl=0.0710  gn=0.965  fid=0.0580
  line_20q       134ep | trunc=0%  swp=52.1±65.4  fid=0.0746  rew=+82.94
  ring_20q       109ep | trunc=0%  swp=55.2±54.9  fid=0.0715  rew=+82.45
  grid_5x4_20q   125ep | trunc=0%  swp=28.4±25.7  fid=0.1044  rew=+75.62
step= 17664  rew=+69.056  swp=46.8  map=0.8  trunc=0%  pl=-0.015  vl=0.670  ent=1.012  kl=0.1211  gn=1.221  fid=0.0784
  line_20q       137ep | trunc=0%  swp=51.6±64.8  fid=0.0753  rew=+81.92
  ring_20q       111ep | trunc=0%  swp=55.8±55.5  fid=0.0722  rew=+82.43
  grid_5x4_20q   128ep | trunc=0%  swp=28.4±25.5  fid=0.1027  rew=+75.49
step= 17920  rew=+83.913  swp=41.3  map=0.9  trunc=0%  pl=-0.010  vl=0.541  ent=1.038  kl=0.0947  gn=0.792  fid=0.0864
  line_20q       140ep | trunc=0%  swp=51.4±64.3  fid=0.0763  rew=+80.93
  ring_20q       114ep | trunc=0%  swp=54.8±55.2  fid=0.0731  rew=+84.40
  grid_5x4_20q   130ep | trunc=0%  swp=28.4±25.3  fid=0.1011  rew=+76.29
step= 18176  rew=+91.621  swp=46.1  map=0.8  trunc=0%  pl=-0.007  vl=0.289  ent=1.728  kl=0.0433  gn=0.996  fid=0.0817
  line_20q       140ep | trunc=0%  swp=51.4±64.3  fid=0.0763  rew=+80.93
  ring_20q       114ep | trunc=0%  swp=54.8±55.2  fid=0.0731  rew=+84.40
  grid_5x4_20q   131ep | trunc=0%  swp=29.1±26.4  fid=0.1004  rew=+77.66
step= 18432  rew=+85.367  swp=40.5  map=0.7  trunc=0%  pl=-0.012  vl=0.396  ent=1.354  kl=0.0301  gn=1.067  fid=0.1163
  line_20q       141ep | trunc=0%  swp=52.4±65.1  fid=0.0758  rew=+80.94
  ring_20q       118ep | trunc=0%  swp=53.6±54.8  fid=0.0811  rew=+82.99
  grid_5x4_20q   132ep | trunc=0%  swp=29.2±26.4  fid=0.0996  rew=+77.84
step= 18688  rew=+91.412  swp=49.0  map=0.7  trunc=0%  pl=-0.015  vl=0.361  ent=1.682  kl=0.1053  gn=1.196  fid=0.1210
  line_20q       143ep | trunc=0%  swp=53.5±65.9  fid=0.0747  rew=+80.60
  ring_20q       119ep | trunc=0%  swp=53.2±54.8  fid=0.0805  rew=+83.30
  grid_5x4_20q   134ep | trunc=0%  swp=29.1±26.3  fid=0.1018  rew=+77.80
step= 18944  rew=+96.562  swp=52.6  map=0.3  trunc=0%  pl=-0.040  vl=0.330  ent=1.583  kl=0.0747  gn=0.716  fid=0.1074
  line_20q       144ep | trunc=0%  swp=53.3±65.7  fid=0.0744  rew=+80.45
  ring_20q       123ep | trunc=0%  swp=53.3±54.3  fid=0.0803  rew=+82.72
  grid_5x4_20q   134ep | trunc=0%  swp=29.1±26.3  fid=0.1018  rew=+77.80
step= 19200  rew=+66.954  swp=46.8  map=0.7  trunc=0%  pl=-0.002  vl=0.429  ent=1.160  kl=0.0470  gn=0.943  fid=0.0741
  line_20q       145ep | trunc=0%  swp=53.3±65.5  fid=0.0739  rew=+80.25
  ring_20q       126ep | trunc=0%  swp=53.2±53.7  fid=0.0784  rew=+82.02
  grid_5x4_20q   137ep | trunc=0%  swp=29.0±26.1  fid=0.1014  rew=+77.50
step= 19456  rew=+63.421  swp=41.1  map=0.7  trunc=0%  pl=-0.012  vl=0.216  ent=1.450  kl=0.0395  gn=0.908  fid=0.0714
  line_20q       145ep | trunc=0%  swp=53.3±65.5  fid=0.0739  rew=+80.25
  ring_20q       128ep | trunc=0%  swp=53.5±53.5  fid=0.0772  rew=+81.76
  grid_5x4_20q   139ep | trunc=0%  swp=29.0±26.1  fid=0.1023  rew=+77.14
step= 19712  rew=+63.203  swp=49.4  map=0.7  trunc=0%  pl=0.003  vl=0.571  ent=1.924  kl=0.0362  gn=0.991  fid=0.0714
  line_20q       146ep | trunc=0%  swp=54.3±66.5  fid=0.0734  rew=+80.42
  ring_20q       128ep | trunc=0%  swp=53.5±53.5  fid=0.0772  rew=+81.76
  grid_5x4_20q   139ep | trunc=0%  swp=29.0±26.1  fid=0.1023  rew=+77.14
step= 19968  rew=+65.309  swp=55.4  map=0.6  trunc=0%  pl=-0.000  vl=0.287  ent=2.106  kl=0.0251  gn=0.727  fid=0.0464
  line_20q       147ep | trunc=0%  swp=54.8±66.5  fid=0.0729  rew=+80.44
  ring_20q       128ep | trunc=0%  swp=53.5±53.5  fid=0.0772  rew=+81.76
  grid_5x4_20q   139ep | trunc=0%  swp=29.0±26.1  fid=0.1023  rew=+77.14
step= 20224  rew=+64.726  swp=62.1  map=0.9  trunc=0%  pl=-0.004  vl=0.516  ent=1.165  kl=0.0674  gn=1.448  fid=0.0344
  line_20q       149ep | trunc=0%  swp=56.0±67.9  fid=0.0720  rew=+80.42
  ring_20q       129ep | trunc=0%  swp=53.3±53.3  fid=0.0771  rew=+81.46
  grid_5x4_20q   142ep | trunc=0%  swp=29.1±25.8  fid=0.1002  rew=+76.97
step= 20480  rew=+70.739  swp=73.0  map=0.9  trunc=0%  pl=-0.002  vl=0.259  ent=1.704  kl=0.0660  gn=1.175  fid=0.0331
  line_20q       150ep | trunc=0%  swp=57.1±69.0  fid=0.0715  rew=+80.46
  ring_20q       129ep | trunc=0%  swp=53.3±53.3  fid=0.0771  rew=+81.46
  grid_5x4_20q   143ep | trunc=0%  swp=29.3±25.9  fid=0.0995  rew=+77.43
step= 20736  rew=+66.201  swp=64.4  map=1.3  trunc=0%  pl=0.021  vl=0.266  ent=1.382  kl=0.0374  gn=1.359  fid=0.0581
  line_20q       153ep | trunc=0%  swp=56.4±68.5  fid=0.0725  rew=+79.78
  ring_20q       132ep | trunc=0%  swp=52.3±53.1  fid=0.0783  rew=+80.39
  grid_5x4_20q   144ep | trunc=0%  swp=29.5±25.9  fid=0.0988  rew=+77.60
step= 20992  rew=+79.618  swp=42.6  map=1.2  trunc=0%  pl=0.002  vl=0.594  ent=1.097  kl=0.1537  gn=0.949  fid=0.0504
  line_20q       154ep | trunc=0%  swp=56.0±68.5  fid=0.0721  rew=+80.89
  ring_20q       135ep | trunc=0%  swp=52.8±53.1  fid=0.0766  rew=+80.39
  grid_5x4_20q   149ep | trunc=0%  swp=29.4±25.6  fid=0.0971  rew=+77.52
step= 21248  rew=+74.936  swp=35.9  map=1.2  trunc=0%  pl=-0.003  vl=0.473  ent=1.499  kl=0.1415  gn=1.183  fid=0.0556
  line_20q       156ep | trunc=0%  swp=55.6±68.1  fid=0.0717  rew=+80.37
  ring_20q       136ep | trunc=0%  swp=53.5±53.5  fid=0.0761  rew=+80.74
  grid_5x4_20q   150ep | trunc=0%  swp=29.3±25.5  fid=0.0966  rew=+77.54
step= 21504  rew=+76.667  swp=40.8  map=0.9  trunc=0%  pl=-0.001  vl=0.254  ent=1.340  kl=0.0386  gn=1.047  fid=0.0830
  line_20q       157ep | trunc=0%  swp=56.5±68.7  fid=0.0712  rew=+80.41
  ring_20q       137ep | trunc=0%  swp=53.3±53.4  fid=0.0755  rew=+80.48
  grid_5x4_20q   154ep | trunc=0%  swp=28.7±25.5  fid=0.1005  rew=+76.70
step= 21760  rew=+71.423  swp=38.8  map=1.2  trunc=0%  pl=0.002  vl=0.490  ent=1.141  kl=0.0504  gn=1.463  fid=0.0975
  line_20q       158ep | trunc=0%  swp=56.3±68.5  fid=0.0711  rew=+80.14
  ring_20q       140ep | trunc=0%  swp=53.3±53.0  fid=0.0746  rew=+80.14
  grid_5x4_20q   157ep | trunc=0%  swp=28.7±25.4  fid=0.1017  rew=+76.45
step= 22016  rew=+63.622  swp=41.6  map=1.4  trunc=0%  pl=-0.002  vl=0.331  ent=1.597  kl=0.0511  gn=1.557  fid=0.1111
  line_20q       159ep | trunc=0%  swp=56.2±68.3  fid=0.0709  rew=+80.05
  ring_20q       141ep | trunc=0%  swp=53.8±53.1  fid=0.0741  rew=+80.31
  grid_5x4_20q   159ep | trunc=0%  swp=28.8±25.5  fid=0.1032  rew=+76.79
step= 22272  rew=+69.437  swp=45.9  map=1.4  trunc=0%  pl=0.011  vl=0.373  ent=1.844  kl=0.0486  gn=1.383  fid=0.1216
  line_20q       159ep | trunc=0%  swp=56.2±68.3  fid=0.0709  rew=+80.05
  ring_20q       143ep | trunc=0%  swp=54.0±53.3  fid=0.0752  rew=+80.24
  grid_5x4_20q   160ep | trunc=0%  swp=28.9±25.5  fid=0.1026  rew=+77.09
step= 22528  rew=+73.313  swp=51.2  map=1.6  trunc=0%  pl=0.021  vl=0.224  ent=1.593  kl=0.2799  gn=0.908  fid=0.1141
  line_20q       160ep | trunc=0%  swp=57.6±70.2  fid=0.0704  rew=+80.49
  ring_20q       145ep | trunc=0%  swp=53.6±53.0  fid=0.0750  rew=+79.87
  grid_5x4_20q   160ep | trunc=0%  swp=28.9±25.5  fid=0.1026  rew=+77.09
step= 22784  rew=+77.034  swp=57.2  map=1.6  trunc=0%  pl=0.006  vl=0.570  ent=0.800  kl=0.0542  gn=1.342  fid=0.1015
  line_20q       163ep | trunc=0%  swp=57.1±69.7  fid=0.0722  rew=+80.02
  ring_20q       146ep | trunc=0%  swp=53.8±52.9  fid=0.0745  rew=+79.99
  grid_5x4_20q   161ep | trunc=0%  swp=29.0±25.5  fid=0.1020  rew=+77.42
step= 23040  rew=+89.307  swp=63.0  map=1.4  trunc=0%  pl=-0.002  vl=0.137  ent=1.680  kl=0.0345  gn=0.861  fid=0.1043
  line_20q       163ep | trunc=0%  swp=57.1±69.7  fid=0.0722  rew=+80.02
  ring_20q       148ep | trunc=0%  swp=54.4±53.9  fid=0.0739  rew=+80.72
  grid_5x4_20q   163ep | trunc=0%  swp=29.1±25.5  fid=0.1041  rew=+77.57
step= 23296  rew=+78.112  swp=36.9  map=1.2  trunc=0%  pl=0.010  vl=0.269  ent=1.003  kl=0.1367  gn=0.689  fid=0.1027
  line_20q       166ep | trunc=0%  swp=56.6±69.3  fid=0.0718  rew=+79.32
  ring_20q       151ep | trunc=0%  swp=53.6±53.7  fid=0.0737  rew=+81.51
  grid_5x4_20q   166ep | trunc=0%  swp=28.8±25.3  fid=0.1051  rew=+76.96
step= 23552  rew=+76.103  swp=45.1  map=0.9  trunc=0%  pl=0.004  vl=0.657  ent=1.636  kl=0.0280  gn=1.066  fid=0.0992
  line_20q       167ep | trunc=0%  swp=57.4±69.8  fid=0.0713  rew=+79.32
  ring_20q       153ep | trunc=0%  swp=53.5±53.4  fid=0.0730  rew=+81.21
  grid_5x4_20q   166ep | trunc=0%  swp=28.8±25.3  fid=0.1051  rew=+76.96
step= 23808  rew=+78.242  swp=46.2  map=0.9  trunc=0%  pl=-0.003  vl=0.200  ent=1.984  kl=0.0375  gn=1.506  fid=0.0907
  line_20q       167ep | trunc=0%  swp=57.4±69.8  fid=0.0713  rew=+79.32
  ring_20q       154ep | trunc=0%  swp=53.8±53.3  fid=0.0726  rew=+81.34
  grid_5x4_20q   167ep | trunc=0%  swp=28.9±25.3  fid=0.1047  rew=+76.94
step= 24064  rew=+71.637  swp=45.8  map=0.6  trunc=0%  pl=-0.002  vl=0.228  ent=1.773  kl=0.0624  gn=0.864  fid=0.0920
  line_20q       169ep | trunc=0%  swp=58.1±69.8  fid=0.0705  rew=+79.38
  ring_20q       154ep | trunc=0%  swp=53.8±53.3  fid=0.0726  rew=+81.34
  grid_5x4_20q   169ep | trunc=0%  swp=28.7±25.2  fid=0.1058  rew=+76.59
step= 24320  rew=+74.282  swp=59.4  map=0.5  trunc=0%  pl=-0.001  vl=0.563  ent=1.671  kl=0.0759  gn=0.973  fid=0.0579
  line_20q       170ep | trunc=0%  swp=58.8±70.1  fid=0.0701  rew=+79.46
  ring_20q       156ep | trunc=0%  swp=54.2±53.7  fid=0.0721  rew=+81.38
  grid_5x4_20q   169ep | trunc=0%  swp=28.7±25.2  fid=0.1058  rew=+76.59
step= 24576  rew=+65.355  swp=70.1  map=0.9  trunc=0%  pl=0.002  vl=0.117  ent=1.671  kl=0.0381  gn=1.030  fid=0.0647
  line_20q       172ep | trunc=0%  swp=59.3±70.7  fid=0.0712  rew=+79.13
  ring_20q       157ep | trunc=0%  swp=54.3±53.5  fid=0.0716  rew=+81.23
  grid_5x4_20q   169ep | trunc=0%  swp=28.7±25.2  fid=0.1058  rew=+76.59
step= 24832  rew=+77.384  swp=55.5  map=1.0  trunc=0%  pl=0.005  vl=1.194  ent=0.551  kl=0.0632  gn=1.285  fid=0.1002
  line_20q       176ep | trunc=0%  swp=58.6±70.1  fid=0.0727  rew=+78.25
  ring_20q       160ep | trunc=0%  swp=53.3±53.5  fid=0.0718  rew=+82.79
  grid_5x4_20q   172ep | trunc=0%  swp=28.8±25.3  fid=0.1064  rew=+76.47
step= 25088  rew=+79.297  swp=55.0  map=0.9  trunc=0%  pl=0.000  vl=0.550  ent=1.695  kl=0.0522  gn=1.164  fid=0.1195
  line_20q       177ep | trunc=0%  swp=58.3±70.0  fid=0.0738  rew=+78.09
  ring_20q       162ep | trunc=0%  swp=54.1±53.8  fid=0.0709  rew=+83.11
  grid_5x4_20q   173ep | trunc=0%  swp=28.7±25.2  fid=0.1087  rew=+76.23
step= 25344  rew=+80.387  swp=35.6  map=1.2  trunc=0%  pl=-0.019  vl=0.347  ent=1.433  kl=0.0355  gn=1.529  fid=0.1161
  line_20q       177ep | trunc=0%  swp=58.3±70.0  fid=0.0738  rew=+78.09
  ring_20q       163ep | trunc=0%  swp=54.2±53.6  fid=0.0704  rew=+82.90
  grid_5x4_20q   177ep | trunc=0%  swp=29.0±25.0  fid=0.1063  rew=+76.63
step= 25600  rew=+96.548  swp=42.4  map=0.8  trunc=0%  pl=-0.024  vl=0.390  ent=1.744  kl=0.1033  gn=0.381  fid=0.1099
  line_20q       181ep | trunc=0%  swp=58.6±69.9  fid=0.0722  rew=+79.56
  ring_20q       164ep | trunc=0%  swp=53.9±53.6  fid=0.0718  rew=+83.03
  grid_5x4_20q   177ep | trunc=0%  swp=29.0±25.0  fid=0.1063  rew=+76.63
step= 25856  rew=+91.521  swp=44.3  map=0.9  trunc=0%  pl=-0.013  vl=0.216  ent=1.337  kl=0.0471  gn=0.814  fid=0.0864
  line_20q       183ep | trunc=0%  swp=58.1±69.7  fid=0.0717  rew=+79.61
  ring_20q       166ep | trunc=0%  swp=53.3±53.6  fid=0.0742  rew=+82.62
  grid_5x4_20q   178ep | trunc=0%  swp=29.1±25.0  fid=0.1059  rew=+76.88
step= 26112  rew=+92.281  swp=51.0  map=0.9  trunc=0%  pl=-0.004  vl=0.430  ent=1.556  kl=0.0515  gn=1.161  fid=0.0558
  line_20q       185ep | trunc=0%  swp=59.2±70.6  fid=0.0709  rew=+79.73
  ring_20q       167ep | trunc=0%  swp=53.3±53.4  fid=0.0737  rew=+82.38
  grid_5x4_20q   180ep | trunc=0%  swp=28.9±25.0  fid=0.1057  rew=+76.73
step= 26368  rew=+69.130  swp=48.3  map=0.8  trunc=0%  pl=-0.014  vl=0.702  ent=0.942  kl=0.0309  gn=1.307  fid=0.0883
  line_20q       189ep | trunc=0%  swp=58.5±70.1  fid=0.0713  rew=+79.00
  ring_20q       170ep | trunc=0%  swp=52.7±53.1  fid=0.0759  rew=+81.69
  grid_5x4_20q   181ep | trunc=0%  swp=29.1±25.0  fid=0.1052  rew=+76.99
step= 26624  rew=+62.028  swp=43.9  map=0.9  trunc=0%  pl=-0.029  vl=0.198  ent=1.208  kl=0.1604  gn=1.122  fid=0.0587
  line_20q       189ep | trunc=0%  swp=58.5±70.1  fid=0.0713  rew=+79.00
  ring_20q       173ep | trunc=0%  swp=52.6±52.8  fid=0.0747  rew=+81.06
  grid_5x4_20q   183ep | trunc=0%  swp=29.1±24.9  fid=0.1040  rew=+77.32
step= 26880  rew=+74.163  swp=53.0  map=0.4  trunc=0%  pl=0.003  vl=0.319  ent=1.213  kl=0.0720  gn=1.185  fid=0.0580
  line_20q       190ep | trunc=0%  swp=58.9±70.0  fid=0.0710  rew=+79.03
  ring_20q       173ep | trunc=0%  swp=52.6±52.8  fid=0.0747  rew=+81.06
  grid_5x4_20q   184ep | trunc=0%  swp=29.6±25.6  fid=0.1034  rew=+78.32
step= 27136  rew=+72.238  swp=52.0  map=0.4  trunc=0%  pl=0.009  vl=0.653  ent=1.938  kl=0.0256  gn=1.475  fid=0.0546
  line_20q       192ep | trunc=0%  swp=59.3±69.8  fid=0.0702  rew=+78.89
  ring_20q       174ep | trunc=0%  swp=52.8±52.7  fid=0.0743  rew=+81.10
  grid_5x4_20q   184ep | trunc=0%  swp=29.6±25.6  fid=0.1034  rew=+78.32
step= 27392  rew=+68.999  swp=53.1  map=0.2  trunc=0%  pl=-0.001  vl=0.536  ent=1.423  kl=0.0464  gn=1.034  fid=0.0640
  line_20q       195ep | trunc=0%  swp=59.1±69.4  fid=0.0708  rew=+78.49
  ring_20q       176ep | trunc=0%  swp=52.7±52.5  fid=0.0744  rew=+80.64
  grid_5x4_20q   184ep | trunc=0%  swp=29.6±25.6  fid=0.1034  rew=+78.32
step= 27648  rew=+95.715  swp=62.1  map=0.1  trunc=0%  pl=0.002  vl=0.825  ent=0.563  kl=0.1714  gn=1.056  fid=0.0324
  line_20q       197ep | trunc=0%  swp=59.1±69.1  fid=0.0703  rew=+78.22
  ring_20q       178ep | trunc=0%  swp=52.2±52.4  fid=0.0740  rew=+81.23
  grid_5x4_20q   185ep | trunc=0%  swp=30.3±27.4  fid=0.1029  rew=+80.00
step= 27904  rew=+90.178  swp=56.4  map=0.2  trunc=0%  pl=-0.033  vl=0.504  ent=1.373  kl=0.1287  gn=1.545  fid=0.0345
  line_20q       198ep | trunc=0%  swp=58.9±69.0  fid=0.0700  rew=+77.99
  ring_20q       181ep | trunc=0%  swp=52.1±52.0  fid=0.0729  rew=+80.72
  grid_5x4_20q   187ep | trunc=0%  swp=30.2±27.3  fid=0.1020  rew=+79.89
step= 28160  rew=+79.302  swp=49.8  map=0.5  trunc=0%  pl=-0.002  vl=0.760  ent=1.275  kl=0.0884  gn=1.354  fid=0.0410
  line_20q       199ep | trunc=0%  swp=59.6±69.5  fid=0.0697  rew=+78.20
  ring_20q       182ep | trunc=0%  swp=52.0±52.0  fid=0.0732  rew=+80.44
  grid_5x4_20q   189ep | trunc=0%  swp=30.2±27.2  fid=0.1009  rew=+79.64
step= 28416  rew=+85.979  swp=50.0  map=0.7  trunc=0%  pl=-0.016  vl=0.320  ent=1.709  kl=0.0416  gn=1.112  fid=0.0242
  line_20q       201ep | trunc=0%  swp=59.2±69.3  fid=0.0697  rew=+78.24
  ring_20q       183ep | trunc=0%  swp=52.2±51.9  fid=0.0728  rew=+80.52
  grid_5x4_20q   190ep | trunc=0%  swp=30.1±27.1  fid=0.1004  rew=+79.62
step= 28672  rew=+58.614  swp=40.0  map=0.8  trunc=0%  pl=-0.007  vl=0.413  ent=1.362  kl=0.1340  gn=0.953  fid=0.1359
  line_20q       205ep | trunc=0%  swp=59.4±69.3  fid=0.0693  rew=+77.65
  ring_20q       187ep | trunc=0%  swp=51.4±51.7  fid=0.0746  rew=+79.92
  grid_5x4_20q   194ep | trunc=0%  swp=29.7±27.0  fid=0.1067  rew=+78.88
step= 28928  rew=+50.152  swp=19.7  map=0.6  trunc=0%  pl=-0.017  vl=0.287  ent=1.340  kl=0.1378  gn=0.718  fid=0.2215
  line_20q       208ep | trunc=0%  swp=58.9±69.0  fid=0.0691  rew=+77.77
  ring_20q       191ep | trunc=0%  swp=50.9±51.4  fid=0.0788  rew=+79.12
  grid_5x4_20q   196ep | trunc=0%  swp=29.4±27.0  fid=0.1092  rew=+78.54
step= 29184  rew=+54.882  swp=27.4  map=0.9  trunc=0%  pl=0.007  vl=0.531  ent=1.013  kl=0.0380  gn=1.193  fid=0.1957
  line_20q       211ep | trunc=0%  swp=58.4±68.6  fid=0.0691  rew=+77.26
  ring_20q       193ep | trunc=0%  swp=51.2±51.4  fid=0.0780  rew=+79.31
  grid_5x4_20q   197ep | trunc=0%  swp=29.5±26.9  fid=0.1086  rew=+78.42
step= 29440  rew=+59.573  swp=35.4  map=0.9  trunc=0%  pl=-0.024  vl=0.288  ent=1.515  kl=0.0817  gn=1.014  fid=0.1379
  line_20q       214ep | trunc=0%  swp=58.6±68.6  fid=0.0683  rew=+77.11
  ring_20q       193ep | trunc=0%  swp=51.2±51.4  fid=0.0780  rew=+79.31
  grid_5x4_20q   198ep | trunc=0%  swp=29.4±26.9  fid=0.1092  rew=+78.28
step= 29696  rew=+58.764  swp=36.3  map=1.6  trunc=0%  pl=0.010  vl=0.259  ent=1.088  kl=0.1686  gn=1.318  fid=0.1077
  line_20q       216ep | trunc=0%  swp=58.3±68.4  fid=0.0687  rew=+76.82
  ring_20q       194ep | trunc=0%  swp=51.2±51.3  fid=0.0776  rew=+79.10
  grid_5x4_20q   201ep | trunc=0%  swp=29.1±26.8  fid=0.1107  rew=+77.80
step= 29952  rew=+75.926  swp=39.0  map=1.1  trunc=0%  pl=0.043  vl=1.592  ent=0.654  kl=0.1208  gn=1.765  fid=0.0963
  line_20q       217ep | trunc=0%  swp=58.1±68.3  fid=0.0687  rew=+76.63
  ring_20q       196ep | trunc=0%  swp=51.4±51.5  fid=0.0777  rew=+79.53
  grid_5x4_20q   206ep | trunc=0%  swp=29.4±27.2  fid=0.1099  rew=+79.07
step= 30208  rew=+104.681  swp=34.2  map=1.2  trunc=0%  pl=-0.006  vl=0.394  ent=1.595  kl=0.0437  gn=0.585  fid=0.0787
  line_20q       218ep | trunc=0%  swp=57.9±68.2  fid=0.0684  rew=+77.30
  ring_20q       200ep | trunc=0%  swp=50.9±51.1  fid=0.0765  rew=+80.23
  grid_5x4_20q   208ep | trunc=0%  swp=29.7±27.5  fid=0.1089  rew=+79.54
step= 30464  rew=+107.600  swp=33.4  map=0.6  trunc=0%  pl=0.021  vl=0.469  ent=0.785  kl=0.1807  gn=1.071  fid=0.0719
  line_20q       218ep | trunc=0%  swp=57.9±68.2  fid=0.0684  rew=+77.30
  ring_20q       204ep | trunc=0%  swp=50.5±50.8  fid=0.0761  rew=+80.30
  grid_5x4_20q   211ep | trunc=0%  swp=29.8±27.6  fid=0.1104  rew=+79.33
step= 30720  rew=+121.442  swp=37.0  map=0.8  trunc=0%  pl=-0.034  vl=0.483  ent=1.822  kl=0.1289  gn=0.995  fid=0.0668
  line_20q       218ep | trunc=0%  swp=57.9±68.2  fid=0.0684  rew=+77.30
  ring_20q       204ep | trunc=0%  swp=50.5±50.8  fid=0.0761  rew=+80.30
  grid_5x4_20q   213ep | trunc=0%  swp=30.0±27.7  fid=0.1094  rew=+80.34
step= 30976  rew=+115.125  swp=44.7  map=0.6  trunc=0%  pl=0.022  vl=0.361  ent=0.753  kl=0.1049  gn=1.086  fid=0.0594
  line_20q       222ep | trunc=0%  swp=58.2±68.7  fid=0.0684  rew=+77.61
  ring_20q       204ep | trunc=0%  swp=50.5±50.8  fid=0.0761  rew=+80.30
  grid_5x4_20q   214ep | trunc=0%  swp=30.2±27.7  fid=0.1089  rew=+80.57
step= 31232  rew=+95.618  swp=52.5  map=0.5  trunc=0%  pl=-0.037  vl=0.406  ent=1.404  kl=0.1488  gn=0.838  fid=0.0769
  line_20q       225ep | trunc=0%  swp=58.7±68.5  fid=0.0680  rew=+77.54
  ring_20q       205ep | trunc=0%  swp=50.2±50.8  fid=0.0769  rew=+80.55
  grid_5x4_20q   215ep | trunc=0%  swp=30.2±27.7  fid=0.1084  rew=+80.66
step= 31488  rew=+102.796  swp=52.5  map=0.6  trunc=0%  pl=0.005  vl=0.207  ent=1.597  kl=0.0617  gn=1.504  fid=0.0521
  line_20q       226ep | trunc=0%  swp=58.6±68.4  fid=0.0677  rew=+77.34
  ring_20q       208ep | trunc=0%  swp=49.9±50.6  fid=0.0761  rew=+80.59
  grid_5x4_20q   217ep | trunc=0%  swp=30.4±27.8  fid=0.1079  rew=+80.93
step= 31744  rew=+82.721  swp=52.0  map=0.5  trunc=0%  pl=0.019  vl=0.397  ent=1.870  kl=0.0455  gn=1.663  fid=0.0810
  line_20q       227ep | trunc=0%  swp=58.4±68.3  fid=0.0704  rew=+77.09
  ring_20q       209ep | trunc=0%  swp=50.0±50.5  fid=0.0757  rew=+80.59
  grid_5x4_20q   219ep | trunc=0%  swp=30.3±27.7  fid=0.1076  rew=+80.63
step= 32000  rew=+76.436  swp=53.0  map=0.5  trunc=0%  pl=0.007  vl=0.500  ent=1.344  kl=0.0592  gn=0.716  fid=0.0855
  line_20q       229ep | trunc=0%  swp=59.2±69.9  fid=0.0703  rew=+77.11
  ring_20q       210ep | trunc=0%  swp=49.9±50.4  fid=0.0756  rew=+80.34
  grid_5x4_20q   219ep | trunc=0%  swp=30.3±27.7  fid=0.1076  rew=+80.63
step= 32256  rew=+84.925  swp=46.4  map=0.7  trunc=0%  pl=-0.024  vl=0.250  ent=1.239  kl=0.0784  gn=0.426  fid=0.0859
  line_20q       235ep | trunc=0%  swp=58.9±69.5  fid=0.0690  rew=+78.56
  ring_20q       210ep | trunc=0%  swp=49.9±50.4  fid=0.0756  rew=+80.34
  grid_5x4_20q   221ep | trunc=0%  swp=30.1±27.7  fid=0.1085  rew=+80.27
step= 32512  rew=+77.377  swp=44.8  map=0.5  trunc=0%  pl=-0.022  vl=0.418  ent=0.980  kl=0.1143  gn=1.152  fid=0.0800
  line_20q       237ep | trunc=0%  swp=58.9±69.2  fid=0.0685  rew=+78.41
  ring_20q       211ep | trunc=0%  swp=49.9±50.3  fid=0.0753  rew=+80.18
  grid_5x4_20q   224ep | trunc=0%  swp=30.0±27.5  fid=0.1073  rew=+80.05
step= 32768  rew=+73.555  swp=33.7  map=0.3  trunc=0%  pl=0.002  vl=0.565  ent=1.396  kl=0.0760  gn=1.098  fid=0.0957
  line_20q       242ep | trunc=0%  swp=58.5±68.7  fid=0.0700  rew=+77.67
  ring_20q       213ep | trunc=0%  swp=49.6±50.2  fid=0.0774  rew=+79.71
  grid_5x4_20q   224ep | trunc=0%  swp=30.0±27.5  fid=0.1073  rew=+80.05
step= 33024  rew=+76.773  swp=33.7  map=0.3  trunc=0%  pl=-0.005  vl=0.292  ent=1.751  kl=0.0989  gn=1.003  fid=0.0791
  line_20q       242ep | trunc=0%  swp=58.5±68.7  fid=0.0700  rew=+77.67
  ring_20q       215ep | trunc=0%  swp=49.5±50.0  fid=0.0771  rew=+79.34
  grid_5x4_20q   225ep | trunc=0%  swp=30.2±27.6  fid=0.1069  rew=+80.28
step= 33280  rew=+65.458  swp=41.1  map=0.3  trunc=0%  pl=-0.022  vl=0.205  ent=1.469  kl=0.0477  gn=0.531  fid=0.1106
  line_20q       244ep | trunc=0%  swp=58.3±68.5  fid=0.0699  rew=+77.34
  ring_20q       217ep | trunc=0%  swp=49.9±50.7  fid=0.0764  rew=+80.30
  grid_5x4_20q   228ep | trunc=0%  swp=30.1±27.5  fid=0.1083  rew=+80.08
step= 33536  rew=+81.815  swp=49.0  map=0.4  trunc=0%  pl=0.003  vl=0.189  ent=1.789  kl=0.0498  gn=0.435  fid=0.1404
  line_20q       244ep | trunc=0%  swp=58.3±68.5  fid=0.0699  rew=+77.34
  ring_20q       220ep | trunc=0%  swp=50.5±51.3  fid=0.0754  rew=+81.61
  grid_5x4_20q   229ep | trunc=0%  swp=30.0±27.5  fid=0.1105  rew=+79.83
step= 33792  rew=+90.885  swp=45.6  map=0.5  trunc=0%  pl=0.009  vl=0.651  ent=1.064  kl=0.0781  gn=1.868  fid=0.1211
  line_20q       245ep | trunc=0%  swp=58.4±68.3  fid=0.0696  rew=+77.39
  ring_20q       221ep | trunc=0%  swp=50.3±51.3  fid=0.0766  rew=+81.40
  grid_5x4_20q   234ep | trunc=0%  swp=29.8±27.4  fid=0.1107  rew=+79.60
step= 34048  rew=+83.478  swp=38.0  map=0.3  trunc=0%  pl=-0.027  vl=0.474  ent=1.257  kl=0.2080  gn=1.280  fid=0.1513
  line_20q       246ep | trunc=0%  swp=58.2±68.3  fid=0.0704  rew=+77.19
  ring_20q       224ep | trunc=0%  swp=50.6±51.0  fid=0.0756  rew=+81.10
  grid_5x4_20q   237ep | trunc=0%  swp=29.7±27.3  fid=0.1116  rew=+79.45
step= 34304  rew=+75.869  swp=37.3  map=0.3  trunc=0%  pl=-0.024  vl=0.448  ent=0.970  kl=0.1073  gn=1.527  fid=0.1511
  line_20q       247ep | trunc=0%  swp=58.2±68.1  fid=0.0702  rew=+77.20
  ring_20q       227ep | trunc=0%  swp=50.3±51.0  fid=0.0790  rew=+80.99
  grid_5x4_20q   239ep | trunc=0%  swp=30.0±28.1  fid=0.1118  rew=+80.22
step= 34560  rew=+74.111  swp=40.0  map=0.4  trunc=0%  pl=-0.005  vl=0.383  ent=1.555  kl=0.1333  gn=1.056  fid=0.1458
  line_20q       249ep | trunc=0%  swp=57.8±68.0  fid=0.0710  rew=+77.04
  ring_20q       229ep | trunc=0%  swp=50.6±50.9  fid=0.0783  rew=+81.05
  grid_5x4_20q   240ep | trunc=0%  swp=30.1±28.0  fid=0.1114  rew=+80.20
step= 34816  rew=+77.809  swp=51.7  map=0.4  trunc=0%  pl=0.093  vl=0.784  ent=1.788  kl=0.3635  gn=1.355  fid=0.1223
  line_20q       251ep | trunc=0%  swp=58.3±68.1  fid=0.0704  rew=+76.99
  ring_20q       229ep | trunc=0%  swp=50.6±50.9  fid=0.0783  rew=+81.05
  grid_5x4_20q   240ep | trunc=0%  swp=30.1±28.0  fid=0.1114  rew=+80.20
step= 35072  rew=+91.298  swp=52.8  map=0.7  trunc=0%  pl=0.001  vl=0.116  ent=1.556  kl=0.0861  gn=0.525  fid=0.1176
  line_20q       253ep | trunc=0%  swp=58.6±68.3  fid=0.0699  rew=+77.76
  ring_20q       231ep | trunc=0%  swp=50.3±50.8  fid=0.0790  rew=+80.71
  grid_5x4_20q   242ep | trunc=0%  swp=30.0±28.0  fid=0.1121  rew=+79.98
step= 35328  rew=+72.011  swp=38.5  map=1.1  trunc=0%  pl=-0.005  vl=0.132  ent=1.025  kl=0.0895  gn=0.826  fid=0.0889
  line_20q       254ep | trunc=0%  swp=58.3±68.3  fid=0.0696  rew=+77.83
  ring_20q       234ep | trunc=0%  swp=50.2±50.6  fid=0.0784  rew=+80.64
  grid_5x4_20q   247ep | trunc=0%  swp=29.8±27.8  fid=0.1123  rew=+79.35
step= 35584  rew=+64.514  swp=27.4  map=0.9  trunc=0%  pl=-0.015  vl=0.319  ent=1.425  kl=0.0390  gn=1.020  fid=0.1179
  line_20q       256ep | trunc=0%  swp=58.2±68.2  fid=0.0704  rew=+77.68
  ring_20q       237ep | trunc=0%  swp=50.2±50.4  fid=0.0777  rew=+80.16
  grid_5x4_20q   250ep | trunc=0%  swp=29.5±27.8  fid=0.1158  rew=+78.75
step= 35840  rew=+59.306  swp=25.9  map=0.3  trunc=0%  pl=0.009  vl=0.309  ent=0.628  kl=0.1022  gn=0.902  fid=0.1461
  line_20q       260ep | trunc=0%  swp=57.7±67.8  fid=0.0710  rew=+77.47
  ring_20q       241ep | trunc=0%  swp=49.7±50.2  fid=0.0788  rew=+80.32
  grid_5x4_20q   254ep | trunc=0%  swp=29.3±27.6  fid=0.1151  rew=+78.44
step= 36096  rew=+85.322  swp=31.2  map=0.2  trunc=0%  pl=-0.001  vl=0.171  ent=1.665  kl=0.0491  gn=0.537  fid=0.1085
  line_20q       261ep | trunc=0%  swp=58.2±68.2  fid=0.0707  rew=+77.61
  ring_20q       243ep | trunc=0%  swp=49.5±50.1  fid=0.0782  rew=+81.47
  grid_5x4_20q   255ep | trunc=0%  swp=29.3±27.5  fid=0.1147  rew=+78.56
step= 36352  rew=+93.238  swp=31.1  map=0.3  trunc=0%  pl=0.007  vl=0.372  ent=0.923  kl=0.0334  gn=1.077  fid=0.0752
  line_20q       262ep | trunc=0%  swp=58.1±68.0  fid=0.0704  rew=+77.62
  ring_20q       246ep | trunc=0%  swp=49.3±49.9  fid=0.0780  rew=+81.60
  grid_5x4_20q   256ep | trunc=0%  swp=29.3±27.5  fid=0.1142  rew=+78.51
step= 36608  rew=+95.371  swp=39.6  map=0.5  trunc=0%  pl=0.032  vl=0.164  ent=0.936  kl=0.0580  gn=1.156  fid=0.0506
  line_20q       262ep | trunc=0%  swp=58.1±68.0  fid=0.0704  rew=+77.62
  ring_20q       253ep | trunc=0%  swp=49.1±49.6  fid=0.0767  rew=+81.79
  grid_5x4_20q   256ep | trunc=0%  swp=29.3±27.5  fid=0.1142  rew=+78.51
step= 36864  rew=+84.446  swp=31.3  map=0.8  trunc=0%  pl=-0.004  vl=0.242  ent=1.403  kl=0.1690  gn=0.739  fid=0.0666
  line_20q       263ep | trunc=0%  swp=58.0±68.0  fid=0.0718  rew=+77.41
  ring_20q       257ep | trunc=0%  swp=48.6±49.4  fid=0.0766  rew=+82.08
  grid_5x4_20q   259ep | trunc=0%  swp=29.3±27.5  fid=0.1138  rew=+78.47
step= 37120  rew=+78.998  swp=30.7  map=0.9  trunc=0%  pl=0.005  vl=0.230  ent=1.263  kl=0.0281  gn=1.441  fid=0.1333
  line_20q       265ep | trunc=0%  swp=57.7±67.8  fid=0.0731  rew=+77.31
  ring_20q       261ep | trunc=0%  swp=48.5±50.0  fid=0.0777  rew=+82.22
  grid_5x4_20q   263ep | trunc=0%  swp=29.1±27.4  fid=0.1145  rew=+78.34
step= 37376  rew=+80.963  swp=34.4  map=0.8  trunc=0%  pl=0.029  vl=0.685  ent=1.572  kl=0.0424  gn=0.854  fid=0.1332
  line_20q       266ep | trunc=0%  swp=57.7±67.7  fid=0.0728  rew=+77.21
  ring_20q       262ep | trunc=0%  swp=49.0±50.4  fid=0.0774  rew=+82.46
  grid_5x4_20q   263ep | trunc=0%  swp=29.1±27.4  fid=0.1145  rew=+78.34
step= 37632  rew=+75.775  swp=42.0  map=0.5  trunc=0%  pl=-0.009  vl=0.288  ent=1.128  kl=0.1174  gn=1.054  fid=0.1486
  line_20q       267ep | trunc=0%  swp=57.6±67.6  fid=0.0728  rew=+77.05
  ring_20q       264ep | trunc=0%  swp=49.4±50.5  fid=0.0768  rew=+82.60
  grid_5x4_20q   266ep | trunc=0%  swp=29.0±27.3  fid=0.1167  rew=+78.23
step= 37888  rew=+71.554  swp=42.8  map=0.9  trunc=0%  pl=-0.003  vl=0.248  ent=1.064  kl=0.2278  gn=0.906  fid=0.1286
  line_20q       269ep | trunc=0%  swp=57.6±67.5  fid=0.0730  rew=+76.84
  ring_20q       265ep | trunc=0%  swp=49.4±50.5  fid=0.0768  rew=+82.49
  grid_5x4_20q   270ep | trunc=0%  swp=29.0±27.2  fid=0.1176  rew=+78.06
step= 38144  rew=+60.888  swp=25.4  map=0.8  trunc=0%  pl=-0.015  vl=0.113  ent=0.873  kl=0.0537  gn=0.740  fid=0.1261
  line_20q       272ep | trunc=0%  swp=56.9±67.4  fid=0.0740  rew=+77.27
  ring_20q       271ep | trunc=0%  swp=49.0±50.0  fid=0.0761  rew=+81.73
  grid_5x4_20q   273ep | trunc=0%  swp=28.8±27.1  fid=0.1189  rew=+77.67
step= 38400  rew=+68.884  swp=18.9  map=0.2  trunc=0%  pl=-0.014  vl=0.142  ent=1.129  kl=0.0449  gn=0.439  fid=0.1266
  line_20q       276ep | trunc=0%  swp=56.8±67.0  fid=0.0734  rew=+76.88
  ring_20q       275ep | trunc=0%  swp=48.4±50.0  fid=0.0777  rew=+81.94
  grid_5x4_20q   277ep | trunc=0%  swp=28.5±27.0  fid=0.1203  rew=+77.46
step= 38656  rew=+73.295  swp=24.6  map=0.2  trunc=0%  pl=0.047  vl=0.648  ent=0.899  kl=0.0797  gn=1.501  fid=0.1056
  line_20q       277ep | trunc=0%  swp=56.8±66.9  fid=0.0732  rew=+76.86
  ring_20q       279ep | trunc=0%  swp=48.3±49.7  fid=0.0774  rew=+81.52
  grid_5x4_20q   277ep | trunc=0%  swp=28.5±27.0  fid=0.1203  rew=+77.46
step= 38912  rew=+50.810  swp=33.5  map=0.5  trunc=0%  pl=-0.022  vl=0.230  ent=1.356  kl=0.0423  gn=0.782  fid=0.1115
  line_20q       281ep | trunc=0%  swp=56.7±66.5  fid=0.0726  rew=+76.49
  ring_20q       281ep | trunc=0%  swp=48.1±49.6  fid=0.0785  rew=+81.39
  grid_5x4_20q   278ep | trunc=0%  swp=28.5±27.0  fid=0.1201  rew=+77.37
step= 39168  rew=+99.753  swp=31.1  map=0.7  trunc=0%  pl=-0.004  vl=0.370  ent=1.098  kl=0.0713  gn=0.880  fid=0.0904
  line_20q       281ep | trunc=0%  swp=56.7±66.5  fid=0.0726  rew=+76.49
  ring_20q       287ep | trunc=0%  swp=47.4±49.5  fid=0.0791  rew=+83.65
  grid_5x4_20q   282ep | trunc=0%  swp=28.6±27.0  fid=0.1193  rew=+77.35
step= 39424  rew=+107.547  swp=35.1  map=0.5  trunc=0%  pl=0.012  vl=0.354  ent=1.720  kl=0.0212  gn=0.747  fid=0.0775
  line_20q       283ep | trunc=0%  swp=56.6±66.3  fid=0.0722  rew=+76.73
  ring_20q       289ep | trunc=0%  swp=47.7±49.4  fid=0.0785  rew=+83.64
  grid_5x4_20q   282ep | trunc=0%  swp=28.6±27.0  fid=0.1193  rew=+77.35
step= 39680  rew=+108.862  swp=42.3  map=0.6  trunc=0%  pl=-0.000  vl=0.401  ent=1.436  kl=0.0803  gn=1.374  fid=0.0552
  line_20q       287ep | trunc=0%  swp=56.7±66.2  fid=0.0715  rew=+76.55
  ring_20q       289ep | trunc=0%  swp=47.7±49.4  fid=0.0785  rew=+83.64
  grid_5x4_20q   282ep | trunc=0%  swp=28.6±27.0  fid=0.1193  rew=+77.35
step= 39936  rew=+91.106  swp=44.0  map=0.8  trunc=0%  pl=0.009  vl=0.430  ent=0.750  kl=0.0948  gn=1.554  fid=0.1149
  line_20q       288ep | trunc=0%  swp=56.7±66.1  fid=0.0712  rew=+76.40
  ring_20q       292ep | trunc=0%  swp=47.5±49.3  fid=0.0817  rew=+83.20
  grid_5x4_20q   284ep | trunc=0%  swp=28.6±27.1  fid=0.1199  rew=+77.29
step= 40192  rew=+63.687  swp=48.3  map=0.7  trunc=0%  pl=-0.014  vl=0.184  ent=1.242  kl=0.0521  gn=1.134  fid=0.1020
  line_20q       291ep | trunc=0%  swp=56.5±65.8  fid=0.0715  rew=+75.98
  ring_20q       293ep | trunc=0%  swp=47.6±49.3  fid=0.0814  rew=+83.11
  grid_5x4_20q   285ep | trunc=0%  swp=28.6±27.0  fid=0.1195  rew=+77.53
step= 40448  rew=+62.467  swp=24.4  map=0.7  trunc=0%  pl=0.010  vl=0.242  ent=1.063  kl=0.1888  gn=1.244  fid=0.1508
  line_20q       296ep | trunc=0%  swp=55.8±65.5  fid=0.0731  rew=+75.56
  ring_20q       296ep | trunc=0%  swp=47.5±49.1  fid=0.0810  rew=+83.30
  grid_5x4_20q   289ep | trunc=0%  swp=28.5±26.9  fid=0.1186  rew=+77.41
step= 40704  rew=+69.662  swp=36.1  map=0.7  trunc=0%  pl=-0.005  vl=0.362  ent=1.555  kl=0.0749  gn=0.835  fid=0.0786
  line_20q       297ep | trunc=0%  swp=56.4±66.1  fid=0.0728  rew=+75.64
  ring_20q       297ep | trunc=0%  swp=47.4±49.1  fid=0.0809  rew=+83.37
  grid_5x4_20q   290ep | trunc=0%  swp=28.5±26.8  fid=0.1183  rew=+77.29
step= 40960  rew=+71.327  swp=34.9  map=0.8  trunc=0%  pl=-0.012  vl=0.506  ent=1.417  kl=0.1175  gn=1.207  fid=0.0775
  line_20q       298ep | trunc=0%  swp=56.4±66.0  fid=0.0726  rew=+75.61
  ring_20q       298ep | trunc=0%  swp=47.3±49.0  fid=0.0808  rew=+83.25
  grid_5x4_20q   291ep | trunc=0%  swp=28.4±26.8  fid=0.1187  rew=+77.18
step= 41216  rew=+66.932  swp=45.2  map=0.7  trunc=0%  pl=-0.032  vl=0.354  ent=1.746  kl=0.0411  gn=0.810  fid=0.0947
  line_20q       300ep | trunc=0%  swp=56.7±66.2  fid=0.0725  rew=+75.69
  ring_20q       300ep | trunc=0%  swp=47.4±49.1  fid=0.0816  rew=+83.20
  grid_5x4_20q   291ep | trunc=0%  swp=28.4±26.8  fid=0.1187  rew=+77.18
step= 41472  rew=+79.843  swp=54.2  map=0.7  trunc=0%  pl=-0.013  vl=0.393  ent=1.238  kl=0.2438  gn=1.305  fid=0.0596
  line_20q       304ep | trunc=0%  swp=56.8±66.1  fid=0.0716  rew=+76.07
  ring_20q       300ep | trunc=0%  swp=47.4±49.1  fid=0.0816  rew=+83.20
  grid_5x4_20q   293ep | trunc=0%  swp=28.4±26.7  fid=0.1181  rew=+77.23
step= 41728  rew=+76.286  swp=44.3  map=0.3  trunc=0%  pl=-0.027  vl=0.086  ent=1.236  kl=0.1569  gn=0.883  fid=0.0985
  line_20q       308ep | trunc=0%  swp=56.4±65.9  fid=0.0733  rew=+75.81
  ring_20q       302ep | trunc=0%  swp=47.4±49.1  fid=0.0819  rew=+83.17
  grid_5x4_20q   297ep | trunc=0%  swp=28.3±26.6  fid=0.1175  rew=+76.97
step= 41984  rew=+77.766  swp=36.5  map=0.6  trunc=0%  pl=-0.065  vl=0.407  ent=1.398  kl=0.1533  gn=1.249  fid=0.0893
  line_20q       310ep | trunc=0%  swp=56.5±65.9  fid=0.0731  rew=+75.88
  ring_20q       303ep | trunc=0%  swp=47.2±49.1  fid=0.0823  rew=+82.97
  grid_5x4_20q   299ep | trunc=0%  swp=28.4±26.7  fid=0.1169  rew=+77.18
step= 42240  rew=+76.492  swp=37.6  map=0.5  trunc=0%  pl=0.010  vl=0.344  ent=1.635  kl=0.0617  gn=1.160  fid=0.0856
  line_20q       311ep | trunc=0%  swp=56.7±65.9  fid=0.0728  rew=+75.88
  ring_20q       304ep | trunc=0%  swp=47.3±49.0  fid=0.0820  rew=+82.93
  grid_5x4_20q   300ep | trunc=0%  swp=28.5±26.7  fid=0.1165  rew=+77.35
step= 42496  rew=+80.482  swp=43.3  map=0.4  trunc=0%  pl=0.043  vl=0.765  ent=1.874  kl=0.0494  gn=1.112  fid=0.0850
  line_20q       311ep | trunc=0%  swp=56.7±65.9  fid=0.0728  rew=+75.88
  ring_20q       305ep | trunc=0%  swp=47.6±49.1  fid=0.0818  rew=+83.06
  grid_5x4_20q   300ep | trunc=0%  swp=28.5±26.7  fid=0.1165  rew=+77.35
step= 42752  rew=+78.070  swp=54.2  map=0.4  trunc=0%  pl=0.013  vl=0.551  ent=1.246  kl=0.0291  gn=1.707  fid=0.1115
  line_20q       313ep | trunc=0%  swp=56.9±66.0  fid=0.0743  rew=+75.82
  ring_20q       306ep | trunc=0%  swp=47.9±49.4  fid=0.0815  rew=+83.21
  grid_5x4_20q   300ep | trunc=0%  swp=28.5±26.7  fid=0.1165  rew=+77.35
step= 43008  rew=+95.272  swp=67.3  map=0.3  trunc=0%  pl=0.025  vl=0.984  ent=0.620  kl=0.1213  gn=1.597  fid=0.0575
  line_20q       313ep | trunc=0%  swp=56.9±66.0  fid=0.0743  rew=+75.82
  ring_20q       307ep | trunc=0%  swp=47.9±49.3  fid=0.0812  rew=+83.16
  grid_5x4_20q   304ep | trunc=0%  swp=28.9±26.9  fid=0.1150  rew=+78.17
step= 43264  rew=+92.786  swp=56.5  map=0.3  trunc=0%  pl=-0.009  vl=0.114  ent=1.477  kl=0.0333  gn=1.081  fid=0.0968
  line_20q       315ep | trunc=0%  swp=56.6±65.9  fid=0.0755  rew=+75.49
  ring_20q       310ep | trunc=0%  swp=47.6±49.2  fid=0.0823  rew=+83.35
  grid_5x4_20q   306ep | trunc=0%  swp=28.9±26.9  fid=0.1143  rew=+78.29
step= 43520  rew=+92.326  swp=54.6  map=0.3  trunc=0%  pl=-0.021  vl=0.660  ent=1.157  kl=0.0415  gn=1.172  fid=0.0889
  line_20q       316ep | trunc=0%  swp=57.0±66.1  fid=0.0752  rew=+75.56
  ring_20q       311ep | trunc=0%  swp=47.6±49.2  fid=0.0820  rew=+83.26
  grid_5x4_20q   309ep | trunc=0%  swp=29.1±26.8  fid=0.1133  rew=+78.36
step= 43776  rew=+81.135  swp=43.9  map=0.8  trunc=0%  pl=0.002  vl=0.347  ent=1.653  kl=0.0259  gn=0.860  fid=0.0652
  line_20q       317ep | trunc=0%  swp=57.0±66.0  fid=0.0751  rew=+75.57
  ring_20q       313ep | trunc=0%  swp=47.8±49.5  fid=0.0816  rew=+83.25
  grid_5x4_20q   311ep | trunc=0%  swp=29.0±26.8  fid=0.1128  rew=+78.23
step= 44032  rew=+74.345  swp=44.5  map=0.9  trunc=0%  pl=0.003  vl=0.500  ent=1.404  kl=0.0436  gn=0.925  fid=0.1118
  line_20q       318ep | trunc=0%  swp=56.8±66.0  fid=0.0764  rew=+75.41
  ring_20q       315ep | trunc=0%  swp=48.1±49.4  fid=0.0811  rew=+83.28
  grid_5x4_20q   312ep | trunc=0%  swp=28.9±26.8  fid=0.1139  rew=+78.07
step= 44288  rew=+76.842  swp=57.5  map=1.2  trunc=0%  pl=0.012  vl=0.290  ent=1.103  kl=0.2892  gn=0.909  fid=0.0687
  line_20q       319ep | trunc=0%  swp=56.9±65.9  fid=0.0762  rew=+75.49
  ring_20q       318ep | trunc=0%  swp=48.4±49.5  fid=0.0803  rew=+83.26
  grid_5x4_20q   313ep | trunc=0%  swp=28.8±26.8  fid=0.1143  rew=+78.02
step= 44544  rew=+68.529  swp=50.8  map=1.4  trunc=0%  pl=-0.014  vl=0.280  ent=1.224  kl=0.0916  gn=1.375  fid=0.0695
  line_20q       321ep | trunc=0%  swp=56.8±65.8  fid=0.0758  rew=+75.32
  ring_20q       319ep | trunc=0%  swp=48.5±49.5  fid=0.0801  rew=+83.30
  grid_5x4_20q   314ep | trunc=0%  swp=28.9±26.7  fid=0.1139  rew=+78.02
step= 44800  rew=+72.630  swp=45.4  map=1.1  trunc=0%  pl=0.009  vl=0.119  ent=1.232  kl=0.0265  gn=0.933  fid=0.0801
  line_20q       324ep | trunc=0%  swp=56.3±65.6  fid=0.0757  rew=+75.51
  ring_20q       323ep | trunc=0%  swp=48.6±49.4  fid=0.0794  rew=+83.10
  grid_5x4_20q   316ep | trunc=0%  swp=28.8±26.7  fid=0.1150  rew=+77.81
step= 45056  rew=+69.879  swp=45.8  map=1.0  trunc=0%  pl=-0.015  vl=0.222  ent=1.403  kl=0.0297  gn=1.113  fid=0.0811
  line_20q       327ep | trunc=0%  swp=56.5±65.7  fid=0.0753  rew=+75.48
  ring_20q       323ep | trunc=0%  swp=48.6±49.4  fid=0.0794  rew=+83.10
  grid_5x4_20q   317ep | trunc=0%  swp=28.7±26.7  fid=0.1159  rew=+77.62
step= 45312  rew=+63.545  swp=34.8  map=1.1  trunc=0%  pl=-0.024  vl=0.495  ent=0.907  kl=0.1114  gn=1.494  fid=0.1065
  line_20q       330ep | trunc=0%  swp=56.3±65.4  fid=0.0754  rew=+75.24
  ring_20q       325ep | trunc=0%  swp=48.6±49.3  fid=0.0792  rew=+82.87
  grid_5x4_20q   320ep | trunc=0%  swp=28.6±26.6  fid=0.1162  rew=+77.55
step= 45568  rew=+51.975  swp=32.6  map=0.9  trunc=0%  pl=-0.037  vl=0.324  ent=1.311  kl=0.0720  gn=1.096  fid=0.1324
  line_20q       331ep | trunc=0%  swp=56.5±65.4  fid=0.0751  rew=+75.19
  ring_20q       328ep | trunc=0%  swp=48.3±49.2  fid=0.0799  rew=+82.43
  grid_5x4_20q   322ep | trunc=0%  swp=28.5±26.6  fid=0.1164  rew=+77.32
step= 45824  rew=+59.334  swp=40.5  map=1.0  trunc=0%  pl=0.005  vl=0.219  ent=1.697  kl=0.0296  gn=1.364  fid=0.1045
  line_20q       331ep | trunc=0%  swp=56.5±65.4  fid=0.0751  rew=+75.19
  ring_20q       330ep | trunc=0%  swp=48.9±49.8  fid=0.0794  rew=+82.73
  grid_5x4_20q   323ep | trunc=0%  swp=28.5±26.5  fid=0.1163  rew=+77.38
step= 46080  rew=+62.370  swp=44.1  map=1.5  trunc=0%  pl=0.279  vl=0.369  ent=0.830  kl=0.1651  gn=13.470  fid=0.1006
  line_20q       334ep | trunc=0%  swp=56.1±65.2  fid=0.0750  rew=+74.97
  ring_20q       331ep | trunc=0%  swp=49.1±49.8  fid=0.0791  rew=+82.81
  grid_5x4_20q   325ep | trunc=0%  swp=28.4±26.5  fid=0.1170  rew=+77.16
step= 46336  rew=+65.551  swp=43.1  map=1.6  trunc=0%  pl=-0.034  vl=0.091  ent=0.900  kl=0.0946  gn=0.819  fid=0.0751
  line_20q       338ep | trunc=0%  swp=56.0±64.9  fid=0.0744  rew=+75.04
  ring_20q       331ep | trunc=0%  swp=49.1±49.8  fid=0.0791  rew=+82.81
  grid_5x4_20q   329ep | trunc=0%  swp=28.3±26.4  fid=0.1161  rew=+76.80
step= 46592  rew=+65.212  swp=38.0  map=1.6  trunc=0%  pl=0.006  vl=0.231  ent=0.978  kl=0.0334  gn=1.368  fid=0.0505
  line_20q       339ep | trunc=0%  swp=56.0±64.8  fid=0.0741  rew=+75.06
  ring_20q       334ep | trunc=0%  swp=49.1±49.6  fid=0.0785  rew=+82.53
  grid_5x4_20q   330ep | trunc=0%  swp=28.4±26.3  fid=0.1158  rew=+76.92
step= 46848  rew=+69.468  swp=32.8  map=0.7  trunc=0%  pl=0.007  vl=0.251  ent=0.848  kl=0.1995  gn=1.253  fid=0.0727
  line_20q       342ep | trunc=0%  swp=55.6±64.6  fid=0.0750  rew=+74.84
  ring_20q       334ep | trunc=0%  swp=49.1±49.6  fid=0.0785  rew=+82.53
  grid_5x4_20q   336ep | trunc=0%  swp=28.4±26.2  fid=0.1157  rew=+76.98
step= 47104  rew=+73.503  swp=34.0  map=0.3  trunc=0%  pl=-0.017  vl=0.212  ent=1.334  kl=0.1546  gn=1.016  fid=0.1011
  line_20q       343ep | trunc=0%  swp=55.8±64.6  fid=0.0748  rew=+74.85
  ring_20q       337ep | trunc=0%  swp=48.7±49.6  fid=0.0792  rew=+82.46
  grid_5x4_20q   338ep | trunc=0%  swp=28.5±26.3  fid=0.1160  rew=+77.06
step= 47360  rew=+75.924  swp=36.5  map=1.2  trunc=0%  pl=-0.009  vl=0.406  ent=1.136  kl=0.0596  gn=1.234  fid=0.1024
  line_20q       345ep | trunc=0%  swp=55.8±64.5  fid=0.0745  rew=+74.73
  ring_20q       338ep | trunc=0%  swp=48.7±49.5  fid=0.0789  rew=+82.33
  grid_5x4_20q   340ep | trunc=0%  swp=28.7±26.4  fid=0.1153  rew=+77.36
step= 47616  rew=+81.530  swp=43.8  map=1.3  trunc=0%  pl=0.003  vl=0.262  ent=1.431  kl=0.0293  gn=1.472  fid=0.0804
  line_20q       346ep | trunc=0%  swp=56.2±64.7  fid=0.0743  rew=+74.78
  ring_20q       340ep | trunc=0%  swp=48.5±49.4  fid=0.0796  rew=+82.02
  grid_5x4_20q   342ep | trunc=0%  swp=28.7±26.3  fid=0.1149  rew=+77.48
step= 47872  rew=+80.103  swp=39.9  map=1.3  trunc=0%  pl=-0.006  vl=0.122  ent=1.329  kl=0.0649  gn=0.564  fid=0.0798
  line_20q       348ep | trunc=0%  swp=56.1±64.5  fid=0.0739  rew=+74.69
  ring_20q       342ep | trunc=0%  swp=48.4±49.4  fid=0.0793  rew=+82.52
  grid_5x4_20q   344ep | trunc=0%  swp=28.7±26.2  fid=0.1148  rew=+77.40
step= 48128  rew=+73.935  swp=44.0  map=1.5  trunc=0%  pl=0.014  vl=0.380  ent=1.267  kl=0.1347  gn=1.001  fid=0.0643
  line_20q       350ep | trunc=0%  swp=56.2±64.4  fid=0.0735  rew=+74.58
  ring_20q       345ep | trunc=0%  swp=48.2±49.3  fid=0.0801  rew=+82.11
  grid_5x4_20q   344ep | trunc=0%  swp=28.7±26.2  fid=0.1148  rew=+77.40
step= 48384  rew=+73.630  swp=48.7  map=0.7  trunc=0%  pl=-0.004  vl=0.632  ent=1.194  kl=0.1692  gn=2.226  fid=0.0669
  line_20q       353ep | trunc=0%  swp=56.4±64.3  fid=0.0731  rew=+74.51
  ring_20q       345ep | trunc=0%  swp=48.2±49.3  fid=0.0801  rew=+82.11
  grid_5x4_20q   344ep | trunc=0%  swp=28.7±26.2  fid=0.1148  rew=+77.40
step= 48640  rew=+83.400  swp=42.6  map=0.7  trunc=0%  pl=0.011  vl=0.356  ent=1.437  kl=0.1053  gn=1.202  fid=0.0801
  line_20q       354ep | trunc=0%  swp=56.2±64.3  fid=0.0731  rew=+74.65
  ring_20q       345ep | trunc=0%  swp=48.2±49.3  fid=0.0801  rew=+82.11
  grid_5x4_20q   347ep | trunc=0%  swp=28.8±26.6  fid=0.1152  rew=+77.88
step= 48896  rew=+82.435  swp=50.3  map=0.6  trunc=0%  pl=-0.009  vl=0.327  ent=1.074  kl=0.2915  gn=1.076  fid=0.0924
  line_20q       356ep | trunc=0%  swp=56.6±65.0  fid=0.0735  rew=+74.76
  ring_20q       348ep | trunc=0%  swp=48.2±49.1  fid=0.0796  rew=+81.92
  grid_5x4_20q   348ep | trunc=0%  swp=28.8±26.5  fid=0.1151  rew=+77.79
step= 49152  rew=+73.367  swp=49.3  map=0.5  trunc=0%  pl=-0.014  vl=0.224  ent=1.166  kl=0.1445  gn=1.309  fid=0.0949
  line_20q       358ep | trunc=0%  swp=56.5±64.8  fid=0.0732  rew=+74.52
  ring_20q       352ep | trunc=0%  swp=47.9±49.0  fid=0.0809  rew=+81.59
  grid_5x4_20q   348ep | trunc=0%  swp=28.8±26.5  fid=0.1151  rew=+77.79
step= 49408  rew=+79.006  swp=54.2  map=0.5  trunc=0%  pl=-0.039  vl=0.180  ent=1.452  kl=0.1561  gn=1.633  fid=0.0957
  line_20q       360ep | trunc=0%  swp=57.0±65.1  fid=0.0728  rew=+74.76
  ring_20q       352ep | trunc=0%  swp=47.9±49.0  fid=0.0809  rew=+81.59
  grid_5x4_20q   349ep | trunc=0%  swp=28.8±26.5  fid=0.1148  rew=+77.86
step= 49664  rew=+68.739  swp=57.5  map=0.4  trunc=0%  pl=-0.017  vl=0.159  ent=1.428  kl=0.0316  gn=0.939  fid=0.0805
  line_20q       362ep | trunc=0%  swp=57.3±65.0  fid=0.0724  rew=+74.79
  ring_20q       353ep | trunc=0%  swp=47.8±48.9  fid=0.0808  rew=+81.44
  grid_5x4_20q   350ep | trunc=0%  swp=28.7±26.5  fid=0.1150  rew=+77.74
step= 49920  rew=+64.697  swp=51.4  map=0.5  trunc=0%  pl=-0.017  vl=0.224  ent=1.595  kl=0.0221  gn=1.063  fid=0.1033
  line_20q       362ep | trunc=0%  swp=57.3±65.0  fid=0.0724  rew=+74.79
  ring_20q       354ep | trunc=0%  swp=48.0±49.0  fid=0.0806  rew=+81.54
  grid_5x4_20q   351ep | trunc=0%  swp=28.7±26.5  fid=0.1162  rew=+77.67
step= 50176  rew=+65.447  swp=56.9  map=0.7  trunc=0%  pl=0.002  vl=0.343  ent=1.197  kl=0.0345  gn=1.230  fid=0.1165
  line_20q       363ep | trunc=0%  swp=57.6±65.2  fid=0.0722  rew=+74.86
  ring_20q       357ep | trunc=0%  swp=48.0±48.8  fid=0.0804  rew=+81.27
  grid_5x4_20q   353ep | trunc=0%  swp=28.6±26.4  fid=0.1171  rew=+77.46
step= 50432  rew=+71.654  swp=65.1  map=0.7  trunc=0%  pl=-0.001  vl=0.169  ent=1.257  kl=0.1116  gn=1.182  fid=0.1129
  line_20q       364ep | trunc=0%  swp=57.8±65.3  fid=0.0720  rew=+74.91
  ring_20q       359ep | trunc=0%  swp=48.1±48.8  fid=0.0807  rew=+81.20
  grid_5x4_20q   354ep | trunc=0%  swp=28.5±26.4  fid=0.1172  rew=+77.37
step= 50688  rew=+63.528  swp=54.1  map=0.7  trunc=0%  pl=0.015  vl=0.298  ent=1.066  kl=0.1331  gn=1.663  fid=0.1122
  line_20q       365ep | trunc=0%  swp=57.8±65.2  fid=0.0718  rew=+74.88
  ring_20q       362ep | trunc=0%  swp=48.0±48.7  fid=0.0804  rew=+81.01
  grid_5x4_20q   356ep | trunc=0%  swp=28.5±26.4  fid=0.1172  rew=+77.37
step= 50944  rew=+64.586  swp=47.1  map=0.7  trunc=0%  pl=0.001  vl=0.195  ent=1.271  kl=0.2411  gn=1.276  fid=0.1155
  line_20q       366ep | trunc=0%  swp=57.6±65.2  fid=0.0730  rew=+74.75
  ring_20q       365ep | trunc=0%  swp=48.3±48.9  fid=0.0802  rew=+81.11
  grid_5x4_20q   358ep | trunc=0%  swp=28.5±26.3  fid=0.1170  rew=+77.29
step= 51200  rew=+69.401  swp=53.9  map=0.5  trunc=0%  pl=0.015  vl=0.339  ent=1.394  kl=0.0549  gn=1.158  fid=0.0801
  line_20q       368ep | trunc=0%  swp=57.7±65.0  fid=0.0726  rew=+74.64
  ring_20q       366ep | trunc=0%  swp=48.4±48.9  fid=0.0800  rew=+81.19
  grid_5x4_20q   359ep | trunc=0%  swp=28.5±26.3  fid=0.1167  rew=+77.25
step= 51456  rew=+67.720  swp=56.2  map=0.3  trunc=0%  pl=-0.009  vl=0.342  ent=1.715  kl=0.0285  gn=1.061  fid=0.0840
  line_20q       370ep | trunc=0%  swp=57.8±65.0  fid=0.0728  rew=+74.56
  ring_20q       366ep | trunc=0%  swp=48.4±48.9  fid=0.0800  rew=+81.19
  grid_5x4_20q   359ep | trunc=0%  swp=28.5±26.3  fid=0.1167  rew=+77.25
step= 51712  rew=+71.109  swp=61.4  map=0.3  trunc=0%  pl=0.013  vl=0.650  ent=1.074  kl=0.0576  gn=1.303  fid=0.0711
  line_20q       373ep | trunc=0%  swp=58.2±65.2  fid=0.0723  rew=+74.69
  ring_20q       366ep | trunc=0%  swp=48.4±48.9  fid=0.0800  rew=+81.19
  grid_5x4_20q   359ep | trunc=0%  swp=28.5±26.3  fid=0.1167  rew=+77.25
step= 51968  rew=+67.398  swp=57.0  map=0.8  trunc=0%  pl=-0.037  vl=0.203  ent=1.074  kl=0.0832  gn=0.814  fid=0.0643
  line_20q       379ep | trunc=0%  swp=57.9±65.0  fid=0.0714  rew=+74.68
  ring_20q       367ep | trunc=0%  swp=48.3±48.9  fid=0.0805  rew=+81.02
  grid_5x4_20q   359ep | trunc=0%  swp=28.5±26.3  fid=0.1167  rew=+77.25
step= 52224  rew=+68.825  swp=56.7  map=0.9  trunc=0%  pl=0.020  vl=0.506  ent=1.729  kl=0.0246  gn=1.800  fid=0.0645
  line_20q       379ep | trunc=0%  swp=57.9±65.0  fid=0.0714  rew=+74.68
  ring_20q       367ep | trunc=0%  swp=48.3±48.9  fid=0.0805  rew=+81.02
  grid_5x4_20q   360ep | trunc=0%  swp=28.5±26.2  fid=0.1164  rew=+77.27
step= 52480  rew=+75.331  swp=54.8  map=1.2  trunc=0%  pl=-0.001  vl=0.309  ent=1.080  kl=0.0902  gn=0.818  fid=0.0766
  line_20q       382ep | trunc=0%  swp=58.3±65.8  fid=0.0722  rew=+74.72
  ring_20q       370ep | trunc=0%  swp=48.2±48.9  fid=0.0809  rew=+81.13
  grid_5x4_20q   362ep | trunc=0%  swp=28.5±26.2  fid=0.1157  rew=+77.18
step= 52736  rew=+79.198  swp=38.5  map=2.1  trunc=0%  pl=-0.019  vl=0.128  ent=1.053  kl=0.0834  gn=0.994  fid=0.0841
  line_20q       383ep | trunc=0%  swp=58.2±65.7  fid=0.0721  rew=+74.63
  ring_20q       375ep | trunc=0%  swp=48.1±49.0  fid=0.0807  rew=+81.37
  grid_5x4_20q   363ep | trunc=0%  swp=28.5±26.1  fid=0.1156  rew=+77.25
step= 52992  rew=+78.490  swp=29.3  map=2.0  trunc=0%  pl=-0.021  vl=0.329  ent=0.648  kl=0.0801  gn=1.607  fid=0.0962
  line_20q       384ep | trunc=0%  swp=58.1±65.7  fid=0.0719  rew=+74.52
  ring_20q       377ep | trunc=0%  swp=48.0±48.9  fid=0.0808  rew=+81.35
  grid_5x4_20q   367ep | trunc=0%  swp=28.4±26.1  fid=0.1168  rew=+77.24
step= 53248  rew=+76.054  swp=35.5  map=1.9  trunc=0%  pl=-0.003  vl=0.301  ent=1.263  kl=0.0236  gn=1.010  fid=0.1054
  line_20q       388ep | trunc=0%  swp=58.3±65.5  fid=0.0714  rew=+74.53
  ring_20q       377ep | trunc=0%  swp=48.0±48.9  fid=0.0808  rew=+81.35
  grid_5x4_20q   369ep | trunc=0%  swp=28.3±26.0  fid=0.1175  rew=+77.06
step= 53504  rew=+71.826  swp=43.0  map=1.9  trunc=0%  pl=-0.013  vl=0.554  ent=1.674  kl=0.0416  gn=1.073  fid=0.1116
  line_20q       390ep | trunc=0%  swp=58.5±65.7  fid=0.0714  rew=+74.59
  ring_20q       377ep | trunc=0%  swp=48.0±48.9  fid=0.0808  rew=+81.35
  grid_5x4_20q   369ep | trunc=0%  swp=28.3±26.0  fid=0.1175  rew=+77.06
step= 53760  rew=+71.823  swp=46.9  map=1.5  trunc=0%  pl=0.003  vl=0.359  ent=1.687  kl=0.0291  gn=0.969  fid=0.1098
  line_20q       391ep | trunc=0%  swp=58.7±65.8  fid=0.0712  rew=+74.70
  ring_20q       378ep | trunc=0%  swp=48.0±48.9  fid=0.0805  rew=+81.41
  grid_5x4_20q   370ep | trunc=0%  swp=28.3±26.0  fid=0.1174  rew=+76.99
step= 54016  rew=+72.284  swp=53.4  map=0.9  trunc=0%  pl=0.018  vl=0.230  ent=1.412  kl=0.0900  gn=1.281  fid=0.1138
  line_20q       393ep | trunc=0%  swp=58.7±65.8  fid=0.0722  rew=+74.63
  ring_20q       379ep | trunc=0%  swp=48.1±48.8  fid=0.0803  rew=+81.33
  grid_5x4_20q   371ep | trunc=0%  swp=28.3±26.0  fid=0.1170  rew=+76.99
step= 54272  rew=+76.630  swp=68.7  map=0.5  trunc=0%  pl=-0.015  vl=0.399  ent=1.531  kl=0.2125  gn=1.042  fid=0.1129
  line_20q       395ep | trunc=0%  swp=59.3±66.1  fid=0.0718  rew=+74.90
  ring_20q       379ep | trunc=0%  swp=48.1±48.8  fid=0.0803  rew=+81.33
  grid_5x4_20q   371ep | trunc=0%  swp=28.3±26.0  fid=0.1170  rew=+76.99
step= 54528  rew=+82.036  swp=81.1  map=0.5  trunc=0%  pl=-0.000  vl=0.197  ent=1.566  kl=0.0512  gn=1.032  fid=0.0645
  line_20q       396ep | trunc=0%  swp=59.6±66.3  fid=0.0716  rew=+75.03
  ring_20q       380ep | trunc=0%  swp=48.2±48.8  fid=0.0801  rew=+81.32
  grid_5x4_20q   371ep | trunc=0%  swp=28.3±26.0  fid=0.1170  rew=+76.99
step= 54784  rew=+84.305  swp=80.4  map=0.6  trunc=0%  pl=0.028  vl=0.204  ent=1.042  kl=0.0435  gn=1.214  fid=0.0532
  line_20q       396ep | trunc=0%  swp=59.6±66.3  fid=0.0716  rew=+75.03
  ring_20q       382ep | trunc=0%  swp=48.2±48.7  fid=0.0797  rew=+81.24
  grid_5x4_20q   373ep | trunc=0%  swp=28.3±25.9  fid=0.1164  rew=+77.10
step= 55040  rew=+81.661  swp=76.2  map=0.8  trunc=0%  pl=0.021  vl=0.354  ent=1.248  kl=0.0719  gn=1.585  fid=0.0461
  line_20q       397ep | trunc=0%  swp=59.6±66.2  fid=0.0715  rew=+74.99
  ring_20q       385ep | trunc=0%  swp=48.3±48.8  fid=0.0795  rew=+81.22
  grid_5x4_20q   373ep | trunc=0%  swp=28.3±25.9  fid=0.1164  rew=+77.10
step= 55296  rew=+94.849  swp=65.2  map=1.2  trunc=0%  pl=0.015  vl=0.279  ent=0.734  kl=0.0627  gn=1.167  fid=0.0252
  line_20q       399ep | trunc=0%  swp=59.6±66.0  fid=0.0712  rew=+75.05
  ring_20q       386ep | trunc=0%  swp=48.2±48.8  fid=0.0795  rew=+81.58
  grid_5x4_20q   378ep | trunc=0%  swp=28.3±25.9  fid=0.1155  rew=+77.20
step= 55552  rew=+90.902  swp=59.7  map=1.6  trunc=0%  pl=-0.003  vl=0.652  ent=1.605  kl=0.0411  gn=1.180  fid=0.0256
  line_20q       399ep | trunc=0%  swp=59.6±66.0  fid=0.0712  rew=+75.05
  ring_20q       387ep | trunc=0%  swp=48.3±48.8  fid=0.0793  rew=+81.51
  grid_5x4_20q   378ep | trunc=0%  swp=28.3±25.9  fid=0.1155  rew=+77.20
step= 55808  rew=+87.987  swp=56.5  map=1.9  trunc=0%  pl=0.025  vl=0.283  ent=1.196  kl=0.0374  gn=0.863  fid=0.0263
  line_20q       401ep | trunc=0%  swp=60.1±66.4  fid=0.0708  rew=+75.24
  ring_20q       389ep | trunc=0%  swp=48.2±48.6  fid=0.0789  rew=+81.35
  grid_5x4_20q   378ep | trunc=0%  swp=28.3±25.9  fid=0.1155  rew=+77.20
step= 56064  rew=+87.090  swp=63.6  map=1.8  trunc=0%  pl=0.010  vl=0.482  ent=1.634  kl=0.0265  gn=1.041  fid=0.0402
  line_20q       403ep | trunc=0%  swp=60.5±66.8  fid=0.0705  rew=+75.40
  ring_20q       389ep | trunc=0%  swp=48.2±48.6  fid=0.0789  rew=+81.35
  grid_5x4_20q   379ep | trunc=0%  swp=28.2±25.9  fid=0.1160  rew=+77.09
step= 56320  rew=+72.841  swp=58.5  map=2.7  trunc=0%  pl=0.019  vl=0.727  ent=0.376  kl=0.3823  gn=1.911  fid=0.0649
  line_20q       406ep | trunc=0%  swp=60.4±66.6  fid=0.0709  rew=+75.15
  ring_20q       390ep | trunc=0%  swp=48.1±48.6  fid=0.0796  rew=+81.18
  grid_5x4_20q   382ep | trunc=0%  swp=28.2±25.8  fid=0.1155  rew=+76.95
step= 56576  rew=+56.017  swp=40.9  map=2.9  trunc=0%  pl=-0.013  vl=0.162  ent=0.652  kl=0.0626  gn=0.826  fid=0.0881
  line_20q       410ep | trunc=0%  swp=60.2±66.3  fid=0.0710  rew=+75.04
  ring_20q       392ep | trunc=0%  swp=48.0±48.6  fid=0.0795  rew=+80.88
  grid_5x4_20q   385ep | trunc=0%  swp=28.2±25.7  fid=0.1149  rew=+76.85
step= 56832  rew=+56.364  swp=25.9  map=4.0  trunc=0%  pl=0.026  vl=0.609  ent=0.382  kl=0.0801  gn=1.315  fid=0.0795
  line_20q       411ep | trunc=0%  swp=60.1±66.3  fid=0.0710  rew=+75.09
  ring_20q       394ep | trunc=0%  swp=47.8±48.5  fid=0.0794  rew=+80.68
  grid_5x4_20q   390ep | trunc=0%  swp=28.1±25.5  fid=0.1146  rew=+76.73
step= 57088  rew=+66.354  swp=27.6  map=3.1  trunc=0%  pl=0.019  vl=0.233  ent=1.045  kl=0.0627  gn=1.575  fid=0.0615
  line_20q       412ep | trunc=0%  swp=60.0±66.2  fid=0.0709  rew=+75.06
  ring_20q       396ep | trunc=0%  swp=47.9±48.5  fid=0.0792  rew=+80.84
  grid_5x4_20q   393ep | trunc=0%  swp=28.1±25.5  fid=0.1139  rew=+76.68
step= 57344  rew=+69.470  swp=37.9  map=2.8  trunc=0%  pl=0.008  vl=0.552  ent=1.393  kl=0.0282  gn=1.170  fid=0.0655
  line_20q       414ep | trunc=0%  swp=59.9±66.1  fid=0.0709  rew=+74.93
  ring_20q       397ep | trunc=0%  swp=48.2±48.8  fid=0.0790  rew=+80.99
  grid_5x4_20q   394ep | trunc=0%  swp=28.0±25.4  fid=0.1141  rew=+76.62
step= 57600  rew=+76.686  swp=43.0  map=2.5  trunc=0%  pl=0.002  vl=0.265  ent=1.329  kl=0.0938  gn=1.676  fid=0.0584
  line_20q       415ep | trunc=0%  swp=60.2±66.2  fid=0.0708  rew=+75.06
  ring_20q       397ep | trunc=0%  swp=48.2±48.8  fid=0.0790  rew=+80.99
  grid_5x4_20q   395ep | trunc=0%  swp=28.1±25.4  fid=0.1138  rew=+76.69
step= 57856  rew=+77.031  swp=50.1  map=1.6  trunc=0%  pl=0.015  vl=0.275  ent=0.901  kl=0.1586  gn=1.237  fid=0.0548
  line_20q       417ep | trunc=0%  swp=60.4±66.5  fid=0.0708  rew=+75.16
  ring_20q       398ep | trunc=0%  swp=48.1±48.8  fid=0.0791  rew=+80.90
  grid_5x4_20q   399ep | trunc=0%  swp=28.0±25.3  fid=0.1134  rew=+76.48
step= 58112  rew=+81.098  swp=56.4  map=1.7  trunc=0%  pl=-0.011  vl=0.260  ent=0.997  kl=0.0918  gn=1.163  fid=0.0558
  line_20q       417ep | trunc=0%  swp=60.4±66.5  fid=0.0708  rew=+75.16
  ring_20q       400ep | trunc=0%  swp=48.3±48.9  fid=0.0789  rew=+80.93
  grid_5x4_20q   400ep | trunc=0%  swp=28.0±25.3  fid=0.1131  rew=+76.50
step= 58368  rew=+77.017  swp=59.6  map=1.9  trunc=0%  pl=0.008  vl=0.539  ent=0.633  kl=0.1947  gn=1.682  fid=0.0483
  line_20q       419ep | trunc=0%  swp=60.3±66.4  fid=0.0707  rew=+75.01
  ring_20q       402ep | trunc=0%  swp=48.4±48.8  fid=0.0785  rew=+80.82
  grid_5x4_20q   402ep | trunc=0%  swp=28.1±25.4  fid=0.1126  rew=+76.59
step= 58624  rew=+69.110  swp=43.0  map=2.5  trunc=0%  pl=0.014  vl=0.236  ent=1.454  kl=0.0490  gn=1.167  fid=0.0759
  line_20q       422ep | trunc=0%  swp=59.8±66.3  fid=0.0719  rew=+74.79
  ring_20q       402ep | trunc=0%  swp=48.4±48.8  fid=0.0785  rew=+80.82
  grid_5x4_20q   403ep | trunc=0%  swp=28.1±25.3  fid=0.1124  rew=+76.75
step= 58880  rew=+73.996  swp=48.0  map=2.4  trunc=0%  pl=0.003  vl=0.299  ent=1.237  kl=0.0793  gn=1.869  fid=0.0589
  line_20q       423ep | trunc=0%  swp=60.3±66.8  fid=0.0718  rew=+74.99
  ring_20q       404ep | trunc=0%  swp=48.3±48.7  fid=0.0781  rew=+80.69
  grid_5x4_20q   404ep | trunc=0%  swp=28.2±25.3  fid=0.1121  rew=+76.88
step= 59136  rew=+73.114  swp=46.2  map=1.8  trunc=0%  pl=0.003  vl=0.229  ent=1.005  kl=0.1079  gn=1.059  fid=0.0905
  line_20q       426ep | trunc=0%  swp=60.0±66.6  fid=0.0720  rew=+74.88
  ring_20q       406ep | trunc=0%  swp=48.5±48.7  fid=0.0778  rew=+80.71
  grid_5x4_20q   408ep | trunc=0%  swp=28.1±25.3  fid=0.1128  rew=+76.77
step= 59392  rew=+73.405  swp=43.6  map=1.3  trunc=0%  pl=0.008  vl=0.476  ent=1.370  kl=0.0444  gn=1.192  fid=0.0895
  line_20q       426ep | trunc=0%  swp=60.0±66.6  fid=0.0720  rew=+74.88
  ring_20q       408ep | trunc=0%  swp=48.6±48.6  fid=0.0774  rew=+80.59
  grid_5x4_20q   409ep | trunc=0%  swp=28.1±25.3  fid=0.1125  rew=+76.77
step= 59648  rew=+67.485  swp=36.7  map=0.9  trunc=0%  pl=0.001  vl=0.158  ent=1.137  kl=0.0722  gn=1.250  fid=0.1025
  line_20q       430ep | trunc=0%  swp=59.8±66.6  fid=0.0726  rew=+74.84
  ring_20q       408ep | trunc=0%  swp=48.6±48.6  fid=0.0774  rew=+80.59
  grid_5x4_20q   412ep | trunc=0%  swp=28.1±25.2  fid=0.1127  rew=+76.75
step= 59904  rew=+69.413  swp=42.6  map=1.1  trunc=0%  pl=-0.015  vl=0.333  ent=0.826  kl=0.2320  gn=1.270  fid=0.0762
  line_20q       432ep | trunc=0%  swp=59.7±66.5  fid=0.0726  rew=+74.76
  ring_20q       410ep | trunc=0%  swp=48.8±48.7  fid=0.0770  rew=+80.57
  grid_5x4_20q   413ep | trunc=0%  swp=28.1±25.2  fid=0.1124  rew=+76.77
step= 60160  rew=+72.038  swp=46.8  map=1.6  trunc=0%  pl=0.016  vl=0.204  ent=0.488  kl=0.0799  gn=1.088  fid=0.0648
  line_20q       434ep | trunc=0%  swp=59.7±66.4  fid=0.0725  rew=+74.66
  ring_20q       411ep | trunc=0%  swp=48.7±48.7  fid=0.0769  rew=+80.46
  grid_5x4_20q   415ep | trunc=0%  swp=28.2±25.2  fid=0.1119  rew=+77.01
step= 60416  rew=+74.261  swp=43.0  map=1.8  trunc=0%  pl=-0.001  vl=0.140  ent=0.952  kl=0.0670  gn=1.406  fid=0.0476
  line_20q       437ep | trunc=0%  swp=59.5±66.2  fid=0.0732  rew=+74.42
  ring_20q       412ep | trunc=0%  swp=48.9±48.7  fid=0.0767  rew=+80.42
  grid_5x4_20q   417ep | trunc=0%  swp=28.2±25.1  fid=0.1115  rew=+77.05
step= 60672  rew=+84.886  swp=36.3  map=1.8  trunc=0%  pl=0.015  vl=0.180  ent=0.953  kl=0.0899  gn=1.207  fid=0.0906
  line_20q       438ep | trunc=0%  swp=59.4±66.2  fid=0.0737  rew=+74.29
  ring_20q       414ep | trunc=0%  swp=48.6±48.7  fid=0.0766  rew=+80.73
  grid_5x4_20q   421ep | trunc=0%  swp=28.4±25.8  fid=0.1118  rew=+77.49
step= 60928  rew=+82.825  swp=41.5  map=2.5  trunc=0%  pl=-0.021  vl=0.271  ent=1.167  kl=0.1459  gn=1.980  fid=0.1077
  line_20q       440ep | trunc=0%  swp=59.6±66.2  fid=0.0734  rew=+74.30
  ring_20q       415ep | trunc=0%  swp=48.5±48.7  fid=0.0775  rew=+80.59
  grid_5x4_20q   422ep | trunc=0%  swp=28.4±25.8  fid=0.1116  rew=+77.53
step= 61184  rew=+84.197  swp=44.6  map=2.6  trunc=0%  pl=-0.013  vl=0.440  ent=1.791  kl=0.0201  gn=1.374  fid=0.1005
  line_20q       440ep | trunc=0%  swp=59.6±66.2  fid=0.0734  rew=+74.30
  ring_20q       416ep | trunc=0%  swp=48.7±48.7  fid=0.0773  rew=+80.60
  grid_5x4_20q   423ep | trunc=0%  swp=28.4±25.8  fid=0.1113  rew=+77.59
step= 61440  rew=+74.303  swp=40.4  map=2.1  trunc=0%  pl=0.017  vl=0.467  ent=0.852  kl=0.0783  gn=0.979  fid=0.1163
  line_20q       443ep | trunc=0%  swp=59.7±66.7  fid=0.0741  rew=+74.49
  ring_20q       419ep | trunc=0%  swp=48.6±48.6  fid=0.0773  rew=+80.44
  grid_5x4_20q   425ep | trunc=0%  swp=28.3±25.7  fid=0.1111  rew=+77.54
step= 61696  rew=+82.776  swp=39.9  map=0.9  trunc=0%  pl=0.009  vl=0.625  ent=0.722  kl=0.0477  gn=1.196  fid=0.0943
  line_20q       446ep | trunc=0%  swp=59.4±66.6  fid=0.0750  rew=+74.38
  ring_20q       422ep | trunc=0%  swp=48.3±48.6  fid=0.0776  rew=+80.30
  grid_5x4_20q   429ep | trunc=0%  swp=28.5±25.7  fid=0.1101  rew=+77.98
step= 61952  rew=+92.457  swp=26.4  map=1.5  trunc=0%  pl=0.005  vl=0.171  ent=0.575  kl=0.1248  gn=0.725  fid=0.1069
  line_20q       448ep | trunc=0%  swp=59.3±66.5  fid=0.0757  rew=+74.39
  ring_20q       425ep | trunc=0%  swp=48.2±48.5  fid=0.0772  rew=+80.94
  grid_5x4_20q   432ep | trunc=0%  swp=28.5±25.6  fid=0.1093  rew=+77.92
step= 62208  rew=+85.926  swp=25.4  map=2.0  trunc=0%  pl=-0.010  vl=0.525  ent=0.639  kl=0.1054  gn=1.193  fid=0.0971
  line_20q       450ep | trunc=0%  swp=59.2±66.4  fid=0.0756  rew=+74.24
  ring_20q       426ep | trunc=0%  swp=48.1±48.4  fid=0.0772  rew=+80.84
  grid_5x4_20q   434ep | trunc=0%  swp=28.4±25.6  fid=0.1095  rew=+77.86
step= 62464  rew=+90.600  swp=34.6  map=1.9  trunc=0%  pl=0.006  vl=0.803  ent=1.461  kl=0.0293  gn=1.141  fid=0.0991
  line_20q       451ep | trunc=0%  swp=59.1±66.3  fid=0.0757  rew=+74.14
  ring_20q       429ep | trunc=0%  swp=48.1±48.4  fid=0.0779  rew=+80.70
  grid_5x4_20q   435ep | trunc=0%  swp=28.7±26.1  fid=0.1092  rew=+78.37
step= 62720  rew=+93.218  swp=35.5  map=1.2  trunc=0%  pl=-0.009  vl=0.177  ent=1.074  kl=0.1106  gn=1.352  fid=0.0844
  line_20q       454ep | trunc=0%  swp=58.8±66.2  fid=0.0763  rew=+73.91
  ring_20q       432ep | trunc=0%  swp=48.1±48.4  fid=0.0774  rew=+80.85
  grid_5x4_20q   437ep | trunc=0%  swp=28.7±26.1  fid=0.1089  rew=+78.50
step= 62976  rew=+69.367  swp=34.6  map=0.9  trunc=0%  pl=0.006  vl=0.265  ent=1.219  kl=0.1336  gn=0.980  fid=0.1123
  line_20q       455ep | trunc=0%  swp=58.7±66.2  fid=0.0768  rew=+73.81
  ring_20q       438ep | trunc=0%  swp=48.0±48.3  fid=0.0773  rew=+80.72
  grid_5x4_20q   438ep | trunc=0%  swp=28.7±26.0  fid=0.1093  rew=+78.50
step= 63232  rew=+85.760  swp=38.4  map=0.7  trunc=0%  pl=0.038  vl=0.145  ent=1.343  kl=0.2936  gn=1.093  fid=0.1114
  line_20q       456ep | trunc=0%  swp=58.6±66.1  fid=0.0769  rew=+73.72
  ring_20q       439ep | trunc=0%  swp=48.3±48.6  fid=0.0771  rew=+80.88
  grid_5x4_20q   439ep | trunc=0%  swp=28.7±26.0  fid=0.1091  rew=+79.05
step= 63488  rew=+89.275  swp=40.9  map=0.7  trunc=0%  pl=-0.043  vl=0.260  ent=1.069  kl=0.0994  gn=0.750  fid=0.0936
  line_20q       459ep | trunc=0%  swp=58.5±66.0  fid=0.0770  rew=+73.62
  ring_20q       440ep | trunc=0%  swp=48.4±48.6  fid=0.0770  rew=+80.92
  grid_5x4_20q   441ep | trunc=0%  swp=28.7±26.0  fid=0.1091  rew=+78.95
step= 63744  rew=+89.869  swp=44.1  map=1.1  trunc=0%  pl=0.016  vl=1.091  ent=0.615  kl=0.0633  gn=1.704  fid=0.0725
  line_20q       462ep | trunc=0%  swp=58.3±65.8  fid=0.0768  rew=+73.47
  ring_20q       440ep | trunc=0%  swp=48.4±48.6  fid=0.0770  rew=+80.92
  grid_5x4_20q   447ep | trunc=0%  swp=28.7±25.9  fid=0.1091  rew=+79.20
step= 64000  rew=+68.244  swp=25.2  map=1.4  trunc=0%  pl=-0.033  vl=0.197  ent=0.834  kl=0.2156  gn=0.828  fid=0.1058
  line_20q       466ep | trunc=0%  swp=57.9±65.7  fid=0.0783  rew=+73.36
  ring_20q       444ep | trunc=0%  swp=48.3±48.4  fid=0.0764  rew=+80.67
  grid_5x4_20q   449ep | trunc=0%  swp=28.6±25.8  fid=0.1090  rew=+79.07
step= 64256  rew=+74.151  swp=29.1  map=1.0  trunc=0%  pl=0.012  vl=0.212  ent=1.101  kl=0.0683  gn=1.430  fid=0.1116
  line_20q       467ep | trunc=0%  swp=57.9±65.6  fid=0.0782  rew=+73.35
  ring_20q       448ep | trunc=0%  swp=48.2±48.3  fid=0.0770  rew=+80.63
  grid_5x4_20q   450ep | trunc=0%  swp=28.7±25.9  fid=0.1088  rew=+79.14
step= 64512  rew=+89.812  swp=32.2  map=0.9  trunc=0%  pl=0.050  vl=0.519  ent=0.897  kl=0.2244  gn=1.522  fid=0.1005
  line_20q       470ep | trunc=0%  swp=57.6±65.5  fid=0.0780  rew=+73.64
  ring_20q       448ep | trunc=0%  swp=48.2±48.3  fid=0.0770  rew=+80.63
  grid_5x4_20q   453ep | trunc=0%  swp=28.8±25.9  fid=0.1083  rew=+79.89
step= 64768  rew=+97.171  swp=37.5  map=1.2  trunc=0%  pl=-0.001  vl=0.233  ent=1.025  kl=0.0529  gn=0.740  fid=0.1369
  line_20q       472ep | trunc=0%  swp=57.8±65.6  fid=0.0777  rew=+73.66
  ring_20q       450ep | trunc=0%  swp=48.0±48.3  fid=0.0786  rew=+80.57
  grid_5x4_20q   456ep | trunc=0%  swp=28.8±25.9  fid=0.1088  rew=+79.77
step= 65024  rew=+98.764  swp=40.6  map=1.2  trunc=0%  pl=-0.016  vl=0.546  ent=1.294  kl=0.1480  gn=1.095  fid=0.1277
  line_20q       473ep | trunc=0%  swp=57.7±65.5  fid=0.0782  rew=+73.67
  ring_20q       452ep | trunc=0%  swp=48.1±48.4  fid=0.0784  rew=+80.60
  grid_5x4_20q   457ep | trunc=0%  swp=28.8±25.9  fid=0.1094  rew=+79.67
step= 65280  rew=+100.113  swp=45.3  map=1.6  trunc=0%  pl=-0.004  vl=0.423  ent=1.598  kl=0.0465  gn=1.432  fid=0.1209
  line_20q       473ep | trunc=0%  swp=57.7±65.5  fid=0.0782  rew=+73.67
  ring_20q       454ep | trunc=0%  swp=48.3±48.4  fid=0.0780  rew=+80.63
  grid_5x4_20q   458ep | trunc=0%  swp=28.8±25.9  fid=0.1092  rew=+79.78
step= 65536  rew=+91.353  swp=55.8  map=1.1  trunc=0%  pl=0.003  vl=0.539  ent=1.797  kl=0.0680  gn=1.090  fid=0.1139
  line_20q       474ep | trunc=0%  swp=58.0±65.8  fid=0.0780  rew=+73.81
  ring_20q       455ep | trunc=0%  swp=48.4±48.4  fid=0.0779  rew=+80.66
  grid_5x4_20q   458ep | trunc=0%  swp=28.8±25.9  fid=0.1092  rew=+79.78
step= 65792  rew=+71.406  swp=52.5  map=1.6  trunc=0%  pl=0.036  vl=1.659  ent=0.333  kl=0.0819  gn=2.370  fid=0.1619
  line_20q       474ep | trunc=0%  swp=58.0±65.8  fid=0.0780  rew=+73.81
  ring_20q       460ep | trunc=0%  swp=48.5±48.5  fid=0.0793  rew=+80.30
  grid_5x4_20q   459ep | trunc=0%  swp=28.8±25.9  fid=0.1089  rew=+79.82
